temperature,pressure,level,flow,fault_type
164.1185526264361,6.050324448043063,68.26701466890205,8.10923889488057,LOW_FLOW
163.943190297495,5.900139320714993,61.69775909696242,42.98549539742956,NORMAL
154.3322054501264,6.029298133047734,67.29494949637015,35.33982310150207,NORMAL
160.55738224944787,6.3721101900199235,57.85530916526916,38.072667367558886,NORMAL
163.40294540257895,7.112889563732089,62.30600333675376,36.81347272984211,NORMAL
185.0,5.962049178935676,69.02867069732959,34.33935897369644,NORMAL
167.06132079923816,5.269369940868147,64.38860328036452,8.770323336219388,LOW_FLOW
169.6781759290211,5.7626625772093965,11.396605929758561,33.15211574922674,LOW_LEVEL
149.37473226024818,7.712471804815392,12.409809227318636,35.86116832530377,LOW_LEVEL
225.33067961441841,8.985839959982771,70.28861639741281,31.304797990332236,HIGH_TEMPERATURE
170.08120757451525,6.009137747972808,68.97312906156996,41.30527778398783,NORMAL
167.86191007396692,6.1377300785794064,16.960389683769954,36.682030454977735,LOW_LEVEL
157.3323271544379,5.87952339798614,61.025640045184765,38.760090171486304,NORMAL
159.8463339969084,5.465082569481044,63.02724253058525,42.07753364915575,NORMAL
210.5065317239621,8.304561189987556,66.8164930693029,38.24279997742057,HIGH_TEMPERATURE
162.03703512271113,5.858431937387059,66.7668329301352,37.259003778373355,NORMAL
162.2284249496749,7.706562573728162,10.66829713358932,38.11224852678522,LOW_LEVEL
168.82088583805415,6.388548804049941,60.71291276824223,37.39744464157601,NORMAL
165.758614877843,4.583840322876859,67.61982405137023,40.87673987736552,NORMAL
170.09525026697767,7.349158828661159,58.35185303220423,40.23849570047872,NORMAL
171.90470014436283,5.522429342706865,65.56929809075262,40.0129608424862,NORMAL
162.01188802255322,6.255160961490995,61.08286555979618,42.409351565097495,NORMAL
162.679473808502,6.23000903906655,61.026205941485095,39.20138238905322,NORMAL
175.39382638228852,7.124339412011543,59.86849724952121,43.89583683395235,NORMAL
168.9044521244199,5.853718767226345,9.850017718961265,39.4664886386891,LOW_LEVEL
171.6329685685284,7.484259174329767,60.329215688790036,40.35014674655812,NORMAL
160.7323812226822,6.8601705019016235,73.17141921835946,38.71629841656067,NORMAL
162.46907661470846,6.399120752875957,60.28587140858747,41.740943744116045,NORMAL
166.8142883688731,4.185098439218412,50.0,38.09484186457324,NORMAL
159.82032457216386,6.4016085196559045,68.74563294653312,39.73319164214805,NORMAL
162.69371633498145,5.149322574988086,64.80673910804457,38.07968205794307,NORMAL
167.67436102798172,7.74247791831635,70.04698160470757,33.94724456908422,NORMAL
179.89222359185652,12.732914541889205,80.0,34.9727380690109,HIGH_PRESSURE
169.0029949339044,11.28981931179528,66.34690182250279,43.939409166805,HIGH_PRESSURE
173.48261763823754,5.444207400517657,65.67084891740606,39.81292396390127,NORMAL
165.63190973072008,7.01646169242752,66.28537599337464,39.18480863848835,NORMAL
156.67519316126797,5.650318526473204,74.52661598727416,35.85242037361884,NORMAL
156.39542171085589,6.094316630462288,62.57405659416429,39.212929884992484,NORMAL
171.15670603698652,6.491227124755264,12.449366221738444,38.204958243367734,LOW_LEVEL
177.91804236153305,13.072714099971495,64.02513241254748,42.83848104180675,HIGH_PRESSURE
156.70701680668319,5.777098772873838,68.63365538662254,38.44843979141102,NORMAL
164.81413031319707,5.3308821883804525,67.71843695516509,38.699210881180235,NORMAL
154.70061934980777,6.098378696442628,53.264131358309164,31.832873213667547,NORMAL
162.39441511941018,7.344630575460215,68.88351116854889,37.2428362168821,NORMAL
174.12406158053673,12.850611867552537,58.54148152351051,36.66831187908171,HIGH_PRESSURE
155.16394082112322,6.378949087710186,68.26709755559675,34.748987659167895,NORMAL
158.73279156882703,5.28304231023137,54.35973765350979,39.518013989766196,NORMAL
168.88158585182165,5.576052173839167,67.32124786835791,35.692131255731404,NORMAL
219.02707214681604,6.9431120456485,69.50137696618887,35.165951900536946,HIGH_TEMPERATURE
166.2799329085875,6.975463656727043,62.65550264057892,37.32247366798061,NORMAL
180.75110254040172,6.38842070606807,9.371137160971388,34.422550607123206,LOW_LEVEL
158.2787481842998,5.460186066530039,61.48174082084204,46.54647538193696,NORMAL
157.768965683353,5.529747770015767,53.83617330711516,41.05954609178019,NORMAL
168.2270099402138,6.340619298424027,69.21756172030075,40.60018520840214,NORMAL
158.54602998843527,5.508888044711506,60.389080426449574,38.952196647440935,NORMAL
165.24005230824753,5.601831130941999,68.84797183203358,39.449244656246556,NORMAL
169.4657486043803,5.9970699710577655,60.413405361403825,44.09318788186709,NORMAL
180.97837224598396,6.110553344184287,68.38628815176607,36.28941878264439,NORMAL
155.02146024244664,6.548523566008109,68.93834654807148,36.27345493617328,NORMAL
168.27862765862955,5.897298358909989,60.63782011255499,33.532910760416584,NORMAL
162.97297944841588,5.954386867301516,63.92453144306678,37.65237770762529,NORMAL
161.0905394482963,5.650146115090801,72.00089267897187,37.0303339730393,NORMAL
157.6969761062494,6.055647244164015,66.53288768832284,38.85670524629875,NORMAL
157.04181504777085,5.765235783828573,59.81268509076644,38.95735073794043,NORMAL
168.9983048343664,6.329747092394574,62.18626084341509,38.30027321848573,NORMAL
167.58327384323778,6.895415432075728,63.422231558362405,39.70541049103846,NORMAL
156.87945675416947,6.781974068019222,64.68455523658196,33.58863342685527,NORMAL
164.86052882440794,4.813669050276364,57.40470862539533,37.90611557042501,NORMAL
160.24218124980803,5.953791699228337,56.036113305257786,39.68765558572204,NORMAL
170.5973862028229,5.860775224180454,60.557676681330825,45.55770744633505,NORMAL
165.85724058271458,5.878919917614533,69.49085912328329,38.550494973817806,NORMAL
169.06463284159253,5.898037248761796,62.478949523498244,40.699673978642245,NORMAL
163.04713025182318,5.8887223242395486,61.96964205052939,36.56815170238969,NORMAL
172.62728674114385,6.557192991913814,68.09293806942735,8.739818337132432,LOW_FLOW
159.53266854041274,5.0015075878595106,65.27674242973217,6.64648299129634,LOW_FLOW
165.86027344042907,5.198779833549228,63.27741380650084,35.71296576596465,NORMAL
165.56090526986574,5.396908783385533,57.95456704733254,37.08583645702272,NORMAL
161.1215968039821,5.537589194376178,67.04210843119286,38.11522425310556,NORMAL
154.19920705498862,7.008753744768012,60.075282420757446,39.05009097878526,NORMAL
158.49287670122658,6.583065845335879,57.46382719984276,35.12468386079903,NORMAL
167.31295518951987,6.293440425803424,64.4880925997561,37.78257537159799,NORMAL
154.2315093772401,5.4825708235247275,61.555851539081,35.224651177085775,NORMAL
157.08643382695456,5.7943945720924885,69.67034446082951,35.890758272179774,NORMAL
159.92573595589164,6.191510260418998,60.07071424434383,4.510095503982769,LOW_FLOW
153.25088455747766,5.229010052173452,61.19949279460376,32.536105516191505,NORMAL
166.83568291566743,6.856887805084622,66.28521426480337,39.40645524947125,NORMAL
169.12362967796062,12.44342958298889,69.9234459624789,45.39757627146169,HIGH_PRESSURE
168.14261974607936,7.601215000457203,70.96336116707832,42.49500232333854,NORMAL
163.16336601751883,7.301616226180936,76.68957202768402,3.9129305119643476,LOW_FLOW
159.51805754256782,6.329598146089467,63.78687913734326,33.683885607638025,NORMAL
159.19313423450288,5.59535818208821,69.65749577387871,32.29989380006625,NORMAL
152.456556668556,5.298384563344581,62.20370590065126,41.337595551087375,NORMAL
163.2849991223591,5.768264627969543,62.038904180426485,28.59848355236136,NORMAL
174.32537671907056,5.649075865097205,61.171681516113466,37.21645431451693,NORMAL
156.66706873381827,7.034057815178424,69.20300489237546,8.038828796515702,LOW_FLOW
159.71144723354288,5.867179407195521,65.37494815956414,36.64003020705863,NORMAL
156.78215522649873,5.2812259042585445,59.655394065453535,38.45592900154222,NORMAL
175.4633249902387,4.44044732292831,63.33341470394201,38.26995073644889,NORMAL
162.68875295317872,6.069947959621332,59.02803103728714,34.048295414669525,NORMAL
151.72322529338877,6.847927636332098,69.98533943465631,35.212654212850886,NORMAL
166.72275034631,5.837226760387292,59.83068158663068,41.55495197147276,NORMAL
176.75010995723665,6.122604592170042,63.33124569380942,38.093887624643436,NORMAL
233.4009173959218,7.16761789251416,62.63665849858239,34.44367067572032,HIGH_TEMPERATURE
172.26714637813845,6.322157271244402,71.36410401864545,35.702232267839705,NORMAL
158.6345692666353,5.841993764886255,63.17868368613689,43.18760635885812,NORMAL
220.77127633735716,8.017919738413404,62.11660180682877,40.15849285581813,HIGH_TEMPERATURE
180.48304946823288,6.226757749460213,58.87510955370925,38.27644246410353,NORMAL
154.94413059704522,4.164842254667075,56.97410926395472,36.84406620371173,NORMAL
164.48903531900405,5.228901853688636,69.2510752605824,32.00988815718912,NORMAL
213.83887895260938,7.454403500359541,76.23088915119979,39.20465682750605,HIGH_TEMPERATURE
161.89093455146545,5.042055996534329,72.85125436805934,43.248646486352065,NORMAL
220.25190990343782,8.156083084170694,67.56053290952548,37.89113262859859,HIGH_TEMPERATURE
166.7207850865523,5.74790335549609,68.61301348305008,36.28783480306663,NORMAL
164.26614064952605,5.766300017333606,7.259747800621462,38.41977566299076,LOW_LEVEL
153.1156867238218,5.47771560457106,71.48129206468404,37.717859865350995,NORMAL
229.09433755548648,6.779266640739131,69.94928715939723,36.421307618413344,HIGH_TEMPERATURE
163.5666720542927,6.935516884178191,67.7251714426735,36.4812801129744,NORMAL
152.4635339981165,6.003878589954258,72.29308423648509,38.05059049786613,NORMAL
153.29246398530398,6.607513270045579,71.9155727053462,33.639462564426516,NORMAL
152.47392742255587,6.249999347100211,65.67397802072574,37.296506768863374,NORMAL
160.7644845810714,5.870072345635065,68.74122671414328,41.4614183907457,NORMAL
151.97947300424767,4.814777693127969,8.73197574697132,41.15567822023901,LOW_LEVEL
163.95580553947997,13.26952740015697,54.012047035783674,39.33263308740974,HIGH_PRESSURE
229.55326252623482,8.49483483502886,66.01951317628085,37.70189153253425,HIGH_TEMPERATURE
166.46673771198738,5.12267443968486,66.52314517009171,38.08814809104108,NORMAL
229.0167122455676,7.317883866116266,60.995398320516145,42.71357485015772,HIGH_TEMPERATURE
160.0111799229651,5.326814200872482,65.4293070958162,34.70920164541443,NORMAL
152.51037662248896,5.974557713433167,65.36264026317984,39.127899823475396,NORMAL
164.00952564536271,6.710732277067297,65.41092176033878,38.065948191715954,NORMAL
159.64872527997264,5.45048571631319,61.40069985005301,39.80133291583763,NORMAL
176.73745000567234,5.984804078078608,71.0739223827476,36.87402012392675,NORMAL
220.10320288093777,7.479379275367744,63.00669935613412,31.466907311358113,HIGH_TEMPERATURE
219.65970494022912,7.918117634532385,68.28170131914479,37.627627306660614,HIGH_TEMPERATURE
167.5527586721886,8.0,63.940425700445424,44.48257405399739,NORMAL
164.70271372052895,5.2001040780954035,54.623288682014085,39.12498546082315,NORMAL
158.47338681612453,5.928434990426501,72.89355885652999,34.049087310559585,NORMAL
170.0501978409726,4.9773163748514015,55.81959232233501,40.280121930559254,NORMAL
158.8301586701229,5.821489043138097,65.96554900727413,41.27971154706408,NORMAL
158.57863337049642,6.577629103633527,15.325944359832146,34.11143511327968,LOW_LEVEL
166.69168121891133,6.230522412361804,56.54693798461997,41.33202749546692,NORMAL
173.8479469592584,6.260237348387005,64.5045070406594,34.24876654848211,NORMAL
162.5252276822381,5.520127871002864,65.67557551542103,36.24391308619098,NORMAL
177.34324012862874,6.870621719782337,14.598767989326046,38.75741851988906,LOW_LEVEL
150.42433416345537,6.715225761356198,62.27488660041615,39.59940321112522,NORMAL
153.9506885480738,5.823472092867754,66.18482332034058,38.90863674928847,NORMAL
168.03750064491186,5.822766618223916,64.72003504150966,30.929506688730015,NORMAL
169.6271855841347,4.554945193110543,62.57591988750827,39.15955380629736,NORMAL
168.8001572272634,4.0,12.601246782294691,36.54755525671416,LOW_LEVEL
173.79347195028248,5.769858980729814,68.33272446585502,41.51374119567518,NORMAL
222.51395015558344,7.967579946299466,69.93548870692024,37.57262937218624,HIGH_TEMPERATURE
172.73185723137098,6.315428767179207,9.974203979222324,43.13765277042715,LOW_LEVEL
172.81332295982503,5.771580581170129,61.18426908640249,33.90224052726529,NORMAL
162.86869172739858,5.9353492552134846,60.76049097112598,40.092864567297774,NORMAL
161.35075043107713,6.902933868733169,63.79114252100622,40.799770304690774,NORMAL
164.12212654695853,5.323670239549294,67.6951112132252,31.39237991625365,NORMAL
168.5396368397577,6.735373554934551,59.58910391884407,34.48200287219956,NORMAL
164.4773543752203,7.037730320995611,64.28282515624842,8.052161195991808,LOW_FLOW
164.15820692599303,5.774689102867039,61.02871327700365,32.773106027214894,NORMAL
146.245253532649,6.591199601801535,56.31678943783379,35.862972569909296,NORMAL
178.78263906695247,6.458728182205425,66.7580222271148,39.621548105136974,NORMAL
158.23471173786123,6.892213465766938,66.24940113163397,36.25297781479942,NORMAL
169.07918598781228,6.2209068779381544,60.683613538953225,37.49464788535126,NORMAL
216.547378760113,8.002151008863308,66.96835046926174,38.45324557213916,HIGH_TEMPERATURE
173.54214362233688,12.52705645026631,66.0388603280506,33.90395700564455,HIGH_PRESSURE
156.44198070968247,5.946660742896137,61.84006464100412,39.56405314878384,NORMAL
225.58575162455818,7.114236924309738,70.45455650326281,35.34041511045388,HIGH_TEMPERATURE
174.05476409404554,11.562883162269353,61.853249525628655,38.56468611350968,HIGH_PRESSURE
162.5464216973925,6.997555532837811,66.68198132814436,39.541300484270366,NORMAL
184.05664008521944,10.711867209273676,62.85143041298038,33.01889826003486,HIGH_PRESSURE
165.9194712926481,6.914399770563512,60.507705702112816,38.5686118043581,NORMAL
157.30327106926697,6.64720274961663,63.70604225206217,37.2610588292533,NORMAL
152.9799723516728,5.480271307703495,63.610621464218674,40.81667782617104,NORMAL
169.34075570633567,5.626456025588455,66.08660813740525,35.44883509982408,NORMAL
164.55243654363787,5.423319863865442,76.10996144592264,35.69318838236203,NORMAL
217.6625284528733,7.8778006289233415,63.98328915379147,38.116549056771554,HIGH_TEMPERATURE
156.78881236707846,7.023762132833984,65.85994374963103,38.92976952379804,NORMAL
158.95567425007576,5.516819975126734,59.07848327850828,39.46506228531943,NORMAL
173.50109594901502,5.270943782171695,4.812178961699806,38.096627890730545,LOW_LEVEL
174.64538516153564,6.647157187819859,66.71595377895679,38.70961423462105,NORMAL
173.61018165119748,12.490357361330593,63.81438989012682,35.535937054343435,HIGH_PRESSURE
171.89406795362694,5.7700907547668425,69.07065282716623,41.78215184893734,NORMAL
185.0,5.385212426081997,15.989404926753721,35.79683197825201,LOW_LEVEL
166.48260519532306,5.729468989098164,66.54425279151882,34.94733374294454,NORMAL
171.6539867263926,4.690948017245952,11.534821874385734,43.27687436189622,LOW_LEVEL
169.09210961535354,5.5686479278171035,61.82042889304346,41.6867633457111,NORMAL
153.99269129118758,5.539619723845272,61.75171224795932,39.56066219546518,NORMAL
162.56551864408166,5.977034183154002,67.71863077394339,41.75242796533558,NORMAL
154.80305278387596,5.418511584378759,68.75478152494591,38.14955422569762,NORMAL
171.30681789626993,5.518640943999337,13.277572096759652,32.77868855267508,LOW_LEVEL
219.46103344111637,8.314074111171982,63.71191280740761,37.171555823694916,HIGH_TEMPERATURE
177.00346285115367,11.528768736263805,68.2181800030187,41.47336729649193,HIGH_PRESSURE
160.86415751065488,6.0248954579714695,65.28411576481639,4.88953589997833,LOW_FLOW
169.04573585251407,6.015001074861929,7.549489784572555,40.29614806542688,LOW_LEVEL
158.55556769185128,7.887465833788601,11.126705064277969,36.411653249150774,LOW_LEVEL
160.51640952164502,5.6316560528441055,63.4121828263693,36.144397087524624,NORMAL
161.11044695440762,5.418044010841887,62.85391273863981,41.65410005547561,NORMAL
217.45179967272807,8.28507701292123,61.052312695380245,41.897790325965694,HIGH_TEMPERATURE
173.20636918516738,4.755040511189623,10.203804005772044,33.244322377102506,LOW_LEVEL
170.09976722120896,5.191790069901573,72.1469632005066,39.01756960738293,NORMAL
215.12839960327292,8.236228970880921,62.03627839393496,43.25088341785391,HIGH_TEMPERATURE
162.00163940167934,5.897555193311671,71.25952605917979,42.48523407134893,NORMAL
225.58073859394477,7.2087725721204,74.21161400725111,37.72290091722386,HIGH_TEMPERATURE
165.9358418721911,5.995067421625161,59.25665817047492,36.79774525252382,NORMAL
173.0097616724159,11.587712155325866,72.09342420826677,38.736726270815495,HIGH_PRESSURE
163.17976467709423,6.333954313651148,68.55251206831821,34.77743915911218,NORMAL
171.2362353661716,5.417500668618245,57.27962617010413,40.20084610888095,NORMAL
158.34591060589753,5.475422953359664,61.53024618292938,33.88698318115648,NORMAL
165.14270634961264,11.508967087583612,62.175469444259996,35.894221641354015,HIGH_PRESSURE
160.66719758852864,6.327284854382796,65.06381239326763,35.41455586107072,NORMAL
161.06202328987692,4.552593947763433,61.61242630114785,36.81908511309237,NORMAL
179.87595846098648,4.715010916701028,56.78507719906789,34.72835957646095,NORMAL
159.0853368742597,6.175529026282427,8.456188632984253,34.750549321832835,LOW_LEVEL
160.66396877179224,6.992133368404046,62.396665176954016,37.42870539910694,NORMAL
222.62036645586653,8.415511264995784,70.32057307959792,40.046256964429844,HIGH_TEMPERATURE
159.1248979408696,7.020450686297981,61.0432396646229,35.762739258455014,NORMAL
163.83351633528946,5.8839645583422895,61.949374794959674,38.32701196873878,NORMAL
177.28604793596793,6.160278954965073,62.5626164063967,36.094980412438574,NORMAL
228.82502772553983,8.415906779993609,71.04721179968215,42.90545478205156,HIGH_TEMPERATURE
189.8388615153622,11.71536463881855,68.42695427986543,38.65661461552482,HIGH_PRESSURE
166.23791180283914,5.321006235359373,61.5892595236383,7.079762486353335,LOW_FLOW
235.38133486883962,6.986263786074115,68.55964633689555,36.0973446993153,HIGH_TEMPERATURE
171.5223638278203,5.872007497937746,9.076171732642756,32.566895728222725,LOW_LEVEL
161.56421883284398,6.131685150936851,74.27127703339812,37.947090049903174,NORMAL
149.81651585198802,6.293314422700586,64.45811578022926,38.728375433285365,NORMAL
165.43002050392403,5.766280621804513,65.93961296957576,41.337343589798536,NORMAL
160.00317273427856,7.0142538173255975,67.42112953876448,42.224991065892866,NORMAL
174.64682896710588,7.431376273933652,70.064045771018,36.943294643016024,NORMAL
187.18076308683783,10.987547711472823,60.34592902627405,39.55458272719548,HIGH_PRESSURE
170.6958161839284,6.315860569865283,72.95702905861118,38.68151651172644,NORMAL
166.34564645689005,5.437854399005042,62.787865965342654,39.31170363159551,NORMAL
151.419021523855,4.929137556653502,64.69659841645358,34.34279930763475,NORMAL
168.55953650035698,6.993968905637726,68.09829113674188,41.1090256621039,NORMAL
160.61541653404143,5.64055262416136,56.693640486134335,37.6561065756523,NORMAL
167.225149811637,5.7647127781615595,73.98389761895713,40.63120729250365,NORMAL
159.4468915108347,4.837305677695085,63.22695492091302,35.13601294647818,NORMAL
172.26450274814388,5.763513868054816,65.81481060662493,40.230077864174454,NORMAL
171.18761040376603,6.053104722365392,9.599684739127058,43.03060346043519,LOW_LEVEL
154.77529309830558,7.513359246831952,62.059681229396446,36.323524284601,NORMAL
164.2940363976552,6.286479724029004,63.17529768133512,39.75686595769679,NORMAL
172.8893923831257,4.99637476631425,59.69917564103498,39.96838474792286,NORMAL
166.64432314276976,5.663789426772258,16.179974582999186,32.70017686353194,LOW_LEVEL
166.60680237820745,5.6345226624990685,60.85719982429773,36.4326153306226,NORMAL
169.40161996821152,6.113464265991189,56.753890808706345,35.16598600945609,NORMAL
190.37132261572364,10.967098420520246,67.03438864259174,29.755071958046557,HIGH_PRESSURE
145.48600289141908,5.491895170254742,69.53359714770092,32.4477771576778,NORMAL
166.29329909103643,7.234352572411031,56.226917637158145,40.43724875492592,NORMAL
166.88455896511914,6.760961032476704,63.44425284760322,40.88967001899102,NORMAL
171.618021209124,6.961161692824308,64.43128381446093,40.38566914053529,NORMAL
232.77306407794464,8.543434304535936,66.58727967435995,34.72435674872091,HIGH_TEMPERATURE
174.9052824119188,6.85050281335736,67.63353347244447,37.2750655782215,NORMAL
165.5647166033387,6.175174282961273,59.24505045631514,40.643688655160396,NORMAL
175.69918485954196,6.837548934730403,55.813950023360164,36.87872913854267,NORMAL
165.3979253235568,6.787320939231215,60.051736767857996,39.593128398522445,NORMAL
157.68355962564863,5.918046337242996,69.23656020902915,37.80096016742738,NORMAL
173.51449748997746,6.162699329843061,71.21700527520757,44.36442365416924,NORMAL
158.45201918071692,6.466633040273986,65.52768778602515,43.431061644852676,NORMAL
184.06081826147258,4.847939179537691,65.50391795905028,39.24804989115128,NORMAL
168.5143795809788,5.7571468838268,60.21842321632175,8.849653336511224,LOW_FLOW
164.64382254567587,11.722847990539044,67.80482413306012,40.8489424545083,HIGH_PRESSURE
162.1354986434306,5.359643216377292,61.21677550466892,39.2823892274506,NORMAL
169.54727619659855,4.696406122391267,65.22653411742371,41.05371144554756,NORMAL
163.2621907342506,5.974814912665953,67.7692909817516,38.14693583750997,NORMAL
150.3079183809994,6.471330416240239,59.38786731151358,40.60031886310102,NORMAL
175.4764054788842,5.532994640362141,62.20556438559177,38.34492552668778,NORMAL
178.45281701903684,6.252862483371501,9.220629452020598,39.703040120148074,LOW_LEVEL
175.96250119444417,7.084489116643433,73.2307255045965,2.7245063867051975,LOW_FLOW
145.3930229716793,5.275949560934411,76.05601287128113,41.86657101731003,NORMAL
173.07279842987205,6.588509199719293,68.4579600880364,41.066907046076984,NORMAL
180.0151017716122,10.84851518051607,56.232565204579906,38.80166029459069,HIGH_PRESSURE
185.0,5.030511815071978,59.50199856060046,32.42097052753204,NORMAL
171.2221391126794,6.316577885891535,65.74951648695306,36.69863061497927,NORMAL
165.09373134175493,6.58127842437528,68.24214465407022,38.17433952240162,NORMAL
164.67389979091652,7.562250301844674,63.28173361788479,43.94265920126589,NORMAL
149.81748400080178,4.929429753934205,59.30267888425594,36.59592563288038,NORMAL
160.82941665090172,5.387423250463713,68.59780915798967,43.81557662702104,NORMAL
156.8350158438933,6.408467564283339,66.2635098540343,39.96726487045427,NORMAL
161.9756856661482,5.866496085534328,66.04339262182715,38.60767518713443,NORMAL
152.1983532076522,6.170994797593136,61.25792829162808,39.064066173419185,NORMAL
168.6750861737329,5.420012092596479,61.49680566076732,39.893567582245055,NORMAL
162.73763400681943,6.306262399356981,61.5390130674002,34.72769494196492,NORMAL
216.5806257105994,7.970269088228516,68.40182460846226,40.47520728824617,HIGH_TEMPERATURE
168.94534653049308,11.529662996497917,64.77813820224091,38.87986658385306,HIGH_PRESSURE
169.81516518885152,6.005048723983545,67.39319658329904,32.26871394083981,NORMAL
167.24965164738325,5.645856670962144,58.4403546939331,35.013199843295496,NORMAL
176.78889113802475,5.9597117362738565,72.48871939066815,42.036836859242776,NORMAL
228.05226904989192,7.7520237825662175,61.123684349338944,38.10584529455465,HIGH_TEMPERATURE
171.449003656599,12.805058735648926,54.48680503093807,36.74508000889218,HIGH_PRESSURE
172.74992425538846,4.880047620328815,57.937497996923504,35.65520594403244,NORMAL
167.28660911682033,5.533833322968496,57.728536017404956,34.569546963054606,NORMAL
175.97873874293214,5.986237869040439,69.39075955961911,44.05980580639847,NORMAL
168.65700143161843,6.407851007801306,67.16491764125776,4.28331023070187,LOW_FLOW
174.82736649824122,5.720724657271158,65.31143104245307,39.362838361563554,NORMAL
155.69220960166183,6.819046482953759,65.94317852039883,38.27422931948445,NORMAL
159.8253885713467,7.9637184336721685,67.7828688956126,6.197790045268673,LOW_FLOW
173.20805803766052,11.082363551787331,63.805880829255166,38.44054537522593,HIGH_PRESSURE
175.4285205424647,6.9135073421924975,68.93431119921131,44.76723145739992,NORMAL
168.3031311617792,6.924353295237668,63.175031566406446,34.859255270486464,NORMAL
174.58227591592777,7.082587751857053,53.10272517791048,7.497733001826109,LOW_FLOW
164.93818975115454,5.877418133129949,71.08670640703596,41.930532792280275,NORMAL
180.0470104560628,6.4218387704158255,67.0455509956502,41.74007314069627,NORMAL
166.7224210395321,5.856337479643843,67.82905786043413,41.28614810372018,NORMAL
163.74689681873528,6.711426241778489,65.19643410785275,40.03219964107761,NORMAL
175.94325960576776,4.881800665183406,59.27563637183077,37.995053952803765,NORMAL
160.89391582029216,6.062318056351746,10.540922048471279,43.53901298606002,LOW_LEVEL
157.7154009286284,6.708969593636761,54.31993225280326,38.09515439887343,NORMAL
152.21558099778628,6.360348965873687,69.0731425680816,36.92213466491672,NORMAL
149.08665942962182,5.3277173876022035,61.61145121326969,36.089021305936384,NORMAL
163.1105575821388,5.944718073287766,70.77539986099276,32.75479720321003,NORMAL
226.32402138419494,7.358894556765255,64.78043203580397,37.52833614082756,HIGH_TEMPERATURE
173.46842252913453,5.558230384969116,58.86074934743293,39.50245766629675,NORMAL
165.3001858587168,4.791124160096474,72.56609360724691,41.478043129983,NORMAL
157.85345366525863,6.920471014796153,72.2272401218527,9.065955142939503,LOW_FLOW
160.15999429753015,5.527746247272374,61.64434464144746,40.15452686808422,NORMAL
160.13306003276784,4.695940916517375,62.6648705246012,34.469239663855895,NORMAL
171.97580399775205,4.644667447818357,65.23527610451762,34.72869903598728,NORMAL
162.6214130984189,6.008652792333682,67.47220774606438,39.534267703177605,NORMAL
147.28650103165597,4.877899942930093,65.03912397124732,35.742790878309435,NORMAL
157.9500924205116,5.912398087902188,59.58632058987998,34.859425113895206,NORMAL
220.8057929628977,9.150095129871529,68.9941522530214,40.89235393611936,HIGH_TEMPERATURE
173.32589314700638,6.338198703135748,4.623537066526454,41.90955229315357,LOW_LEVEL
160.37684713537874,6.326544971724655,62.21676392854146,39.25854286534011,NORMAL
177.9605624730884,7.151732867738573,68.96904244920681,36.882756336222535,NORMAL
154.47469155780453,5.757034772519371,70.42179978163476,39.94725530928036,NORMAL
172.78233889148592,7.28681866578075,71.63892440566556,42.30524005400211,NORMAL
168.14701496203278,7.567652015750616,65.60482230351361,42.1742025817986,NORMAL
169.29037575344714,5.414076442743276,62.942865556868654,43.18752957571817,NORMAL
168.9039309664367,5.932676451206711,55.959042108367235,38.34607614488956,NORMAL
155.52992722351843,5.7327391849359755,64.45040341295119,37.96848626712825,NORMAL
160.23128880275067,6.15317355973276,62.94720043082799,41.042911061542775,NORMAL
159.9433134175287,5.473365613773227,72.24310942281961,32.286146309355345,NORMAL
176.38476119609297,5.908228000831293,64.10080356549295,34.123280589674614,NORMAL
167.36880471698618,7.152005829532746,55.23297737135313,35.64858982023987,NORMAL
158.67572440221664,5.352387494286946,66.14025748512621,36.61547441481138,NORMAL
176.50964385887386,5.936372701942503,71.92052923252962,35.86573574615054,NORMAL
166.1675063531582,5.682369585666078,57.793833333179904,34.20877619443629,NORMAL
167.9162759122661,6.100310818053387,53.98887275463167,36.94875393154064,NORMAL
146.30350695775905,5.884799806203511,10.720725562153063,36.64863746565964,LOW_LEVEL
155.36621867194845,6.187999906626039,69.90796286898843,6.822561587237636,LOW_FLOW
167.84608694975083,6.664909286231441,13.005684696588487,37.35888728508607,LOW_LEVEL
168.6542019004593,5.31116603388657,57.2420499875121,35.337911084434374,NORMAL
155.92983179664216,5.553762985477992,67.69451970557434,39.88000571480985,NORMAL
154.06008481302177,4.891579179772207,18.0,42.47895017970223,LOW_LEVEL
180.20432204347287,6.000232137679448,70.6240901315292,36.99446069125276,NORMAL
172.46111074392897,5.961480423526793,72.64133183604493,40.9307217924569,NORMAL
153.4231002206153,5.823069616625903,65.39401120236221,36.33779739521439,NORMAL
146.95859553220765,6.004966132727928,66.58053225212193,35.50884342786897,NORMAL
168.19083802290962,6.169423105166026,9.026979326942554,38.184052590465086,LOW_LEVEL
158.73456110627865,5.737862677359927,62.725213760880294,36.25647921897697,NORMAL
149.94885343568671,6.267839364982871,12.39146609920217,34.91833559836388,LOW_LEVEL
159.43456704386654,6.524271648738994,64.78607213187365,35.87488894505521,NORMAL
168.07298970990158,7.923871806355206,68.96027241073773,11.23538486001764,LOW_FLOW
169.37697844351473,5.7877646526341735,62.081536612554,40.11991185783512,NORMAL
160.3073193194328,7.43626892915727,66.71684502867409,33.965300910798526,NORMAL
238.82953419927762,9.170580243473989,65.59853768224657,37.039278023746675,HIGH_TEMPERATURE
155.40706299083817,5.210095054586695,61.459704199847145,33.495727302759704,NORMAL
220.42077256268848,8.86315935556437,62.181488912028875,38.12697655866822,HIGH_TEMPERATURE
164.80562092983348,5.537526139359737,63.19912567774538,37.35504365009517,NORMAL
163.6485667494021,6.27681728430759,59.36257298414995,42.764018087631044,NORMAL
167.58975116463253,5.28910333666616,63.48670899495098,40.71823272012851,NORMAL
143.9988265272256,7.164881276138725,63.64878962300812,41.76241961042073,NORMAL
167.7216798149467,6.38166954309992,60.594093952569416,34.091483260737334,NORMAL
150.348751326279,5.5795123605614645,63.375784023140696,38.65571374782198,NORMAL
149.05551703156675,5.2403352962005,70.1471478803194,35.89779625855211,NORMAL
170.03037034888243,6.342237008230463,64.55382381766961,34.717571235109055,NORMAL
170.30020903825024,4.931313069134624,71.23870935930694,41.02857115957863,NORMAL
164.81261632639348,6.129155987605946,62.010389638619046,34.08817523888315,NORMAL
175.59964543505305,5.514610668182853,61.36339593660722,37.809283977934534,NORMAL
169.33756228579404,5.542764965639593,66.65910773388352,38.72300088924403,NORMAL
170.3698240929096,6.3675504286034466,55.89291518316088,34.13202070630287,NORMAL
162.48050687394283,5.015695716929044,73.59194481139434,36.48393276154429,NORMAL
158.36145294233975,6.730094006129007,60.05235307465189,36.918981909564366,NORMAL
168.0466340227014,6.0324520533747945,62.86329322652596,35.681974383280455,NORMAL
159.70866486154546,6.078371469011064,61.0368628267742,35.278682186891714,NORMAL
150.81268368952254,5.717979829977056,59.285677636048156,38.30309996757276,NORMAL
156.85347574110995,7.011132709561165,69.27306597532214,36.04890446788441,NORMAL
160.8098177716701,5.438964419479883,65.7101551450057,39.8148428667091,NORMAL
167.59192205017715,5.747287095691596,66.93399777212264,36.168373436038316,NORMAL
167.74117759355843,5.958761054351885,57.70644701846211,36.294945584914906,NORMAL
166.5203826697824,11.94142726582993,66.79284226603173,35.186196952367716,HIGH_PRESSURE
171.85366944798616,6.202494005841837,63.30722705006927,5.134804184078927,LOW_FLOW
166.0928182641016,6.716386844213802,77.15151551366641,39.858156926257465,NORMAL
178.3159937447663,10.997557389444145,55.87044571980119,35.419490411477355,HIGH_PRESSURE
180.26358794677506,6.486886694905947,64.32231436625861,36.944280605595225,NORMAL
156.92827217929397,5.644965849808407,69.1899135527615,36.41405387403771,NORMAL
158.2194706701112,4.664522796235361,5.666147093264843,40.71378880966739,LOW_LEVEL
170.21398513122432,5.8256757058393385,59.69285050305283,35.402750834632805,NORMAL
168.03074082766716,6.287679776321008,66.56769790802835,36.2658472383889,NORMAL
162.74814612260485,6.8048408130829525,13.1726892956046,41.3721685037809,LOW_LEVEL
157.18203015094514,6.666957916180719,62.463648805954826,39.573355234624174,NORMAL
170.38412661034107,4.453800674233821,63.858309797846054,5.972656687328169,LOW_FLOW
164.47336969060862,4.713958357230071,64.60927499094613,37.85237161118788,NORMAL
163.48355590768577,6.705635184002414,70.43996883485886,41.34089933349015,NORMAL
157.633196817527,5.406517916594713,68.4075299290956,35.35900588149991,NORMAL
156.71937508767488,6.267991996205602,70.07044562354882,43.490147489460604,NORMAL
159.48523798226125,5.836242029625127,54.78565329731422,34.91668947511694,NORMAL
163.57633955403452,7.379342975838783,71.89721086491016,39.251525246789676,NORMAL
161.71550774046477,7.109038150072651,60.7635203143826,7.601966916561796,LOW_FLOW
162.3209197601138,6.561257136930313,60.99746449702166,38.2896642388995,NORMAL
159.56969460926257,6.627421771323497,67.53981789464594,33.33937814772942,NORMAL
152.8819617936517,6.437183898121853,61.7056326105553,36.23027378261009,NORMAL
162.27492280226258,5.45516670935195,73.31573813372269,3.7795574272299124,LOW_FLOW
153.2728680397317,4.842153684317517,63.79347158658364,35.23878107519008,NORMAL
176.48795214214172,5.8794459033341315,67.70992087502798,39.3568912583363,NORMAL
149.97608987227272,7.007535039847963,68.62134669358872,42.93847624632933,NORMAL
165.36962620651963,4.951015330839819,62.339759315327974,38.12276795196739,NORMAL
175.21795341882412,5.193811495607224,64.0818834844889,4.875662116263394,LOW_FLOW
226.53026317805978,6.746091735974389,60.45028180097448,31.640044102703797,HIGH_TEMPERATURE
163.0342338107024,4.878607340755575,66.37869906453366,42.709389021877215,NORMAL
179.02952821360864,5.992096407127419,72.42978277237924,40.310952371463735,NORMAL
165.8145649048264,5.626628501306119,72.35503956744857,39.16704408414048,NORMAL
164.60059271210997,6.618388521863413,64.0102618403249,38.629227300072486,NORMAL
143.0965760730083,7.765086387196346,15.611834759189488,37.20426795543921,LOW_LEVEL
170.63212059457322,6.439664279715612,63.87373903741708,40.65520563993521,NORMAL
175.3245100985694,5.778916082176123,71.12128436072992,36.627129935911235,NORMAL
169.15728458677202,7.219619692337363,65.08939216254201,35.20456540670569,NORMAL
162.25395390530508,5.955774120283498,64.96903652745031,35.56364363792878,NORMAL
165.04149158927217,5.598326557694931,65.00871875028899,39.46126674001257,NORMAL
169.9141635068565,5.8333917939840845,66.98409063490563,33.474883743063785,NORMAL
170.80566386654976,5.254468941031108,65.86336988492053,39.200660717811566,NORMAL
181.42147985556713,6.484304815635945,60.758398052260446,34.031833024982625,NORMAL
172.93567611171736,5.318067657488891,53.478861296126034,8.969725899027008,LOW_FLOW
175.03902487943503,5.2960557210169625,6.4975366398995815,38.90968940168447,LOW_LEVEL
172.26881087913688,6.4539960865762245,64.63063616229452,37.73289893262569,NORMAL
171.15689684756578,11.947708997043572,65.16403603728043,37.57330427100163,HIGH_PRESSURE
152.94139481781562,5.665806965014604,70.8260819103768,34.63657385778048,NORMAL
158.2396373762468,5.670993896689256,65.13325751000409,36.189488253516735,NORMAL
183.16161633164867,11.312333521108949,67.67219826341827,39.62150393458337,HIGH_PRESSURE
163.23475141406973,5.866553771285628,67.5211621494016,40.26848059261873,NORMAL
153.2837410534913,6.102102301577296,62.50076001236073,40.618736282897586,NORMAL
166.56654710305168,6.855884037799624,66.82900366546848,34.03143315832282,NORMAL
152.15783002293946,6.088396796066299,70.4137291264471,40.94816958532857,NORMAL
164.29698606067504,6.534875756578642,62.45405084944119,37.76171012710338,NORMAL
162.5602142502952,5.797234815122199,67.68131306710595,41.224883551675894,NORMAL
179.69530822657052,6.738173587579458,64.60251812152573,40.67675443092374,NORMAL
168.95645324258282,5.410031409447672,70.78996526289794,42.06643819884065,NORMAL
211.15526301297393,7.298458441193243,74.20185962213932,36.91564012406592,HIGH_TEMPERATURE
223.3535155393497,8.161415535465423,64.89208593050785,37.24699024573255,HIGH_TEMPERATURE
237.6495903628673,8.58632474476936,70.17060876981917,39.97131826928289,HIGH_TEMPERATURE
167.05307504865223,4.877683723195074,70.99372968077233,39.73686329173821,NORMAL
226.02269013230284,8.543994337308185,58.34005986904144,38.61223250009841,HIGH_TEMPERATURE
163.68691777668323,6.106104815358353,13.650522964152483,33.8350097766927,LOW_LEVEL
166.31907841306972,6.759909415456606,67.57385656293528,10.276451960752278,LOW_FLOW
173.12412173186343,5.564025414434023,60.674011275836705,37.66984619167255,NORMAL
162.0762432470862,5.911747124541064,67.38273154619333,43.57131325718973,NORMAL
163.56618699640197,5.1571881603147585,67.57997118842286,39.37694870133819,NORMAL
169.47016827790208,6.381274178020479,72.32450184537618,37.31349147048665,NORMAL
147.99991900077586,7.723033489816904,59.23814911997596,39.850305578553304,NORMAL
175.77600460363422,12.861354758039088,66.0753458627876,41.5479993142094,HIGH_PRESSURE
162.72508929567923,6.331570323571761,70.77193949822212,38.65647988688311,NORMAL
158.17405319552944,6.2570010638203435,56.8212835590299,43.18745968605906,NORMAL
174.85583522612018,6.293997725048994,74.62468404885114,36.344223870634245,NORMAL
189.550621643621,12.15567620674813,59.87042482518044,37.77430846107404,HIGH_PRESSURE
152.67716499321273,5.863667841288519,67.67484152970209,37.71846423380241,NORMAL
178.6805008851914,10.632508047280856,72.44699395714434,35.805878301584,HIGH_PRESSURE
174.19501472766254,5.5313799507526165,69.54435441642234,36.29505729684473,NORMAL
149.63267259283856,5.683291762341098,65.04668358938234,41.46657887314853,NORMAL
172.07981149723219,7.541809789803474,69.6510460331156,9.738627304541879,LOW_FLOW
169.61866193427744,6.6085096821781955,54.766734611016545,45.271755696965315,NORMAL
166.91319427706767,6.444065758147025,73.60252607302806,45.67858536999712,NORMAL
158.05927250189382,5.674965026743555,74.22152086602398,34.9993741297946,NORMAL
177.60736230836312,5.529372079896525,63.072163990123755,39.753516592374275,NORMAL
165.37047971835312,5.599266940605796,56.5185274369641,39.66632260372823,NORMAL
163.6002557062866,6.294987634933978,70.38720181126462,42.23678561794147,NORMAL
159.27314044975014,6.558155492439636,63.13364769122315,33.24969109131457,NORMAL
168.58513715701366,5.858020425438,74.93110783631619,38.46889781580865,NORMAL
164.28543677839411,5.879470387093413,63.827293004246954,34.47538959027791,NORMAL
159.12741225485178,5.872347328488047,58.76706252978572,37.30463753856165,NORMAL
174.211751079297,12.131594804459539,58.76442060814977,42.656201964222106,HIGH_PRESSURE
164.49198440536588,11.612761897949923,69.47356419889036,40.47184774157215,HIGH_PRESSURE
161.600418846811,6.058979871485265,10.858439174752897,37.85555792001439,LOW_LEVEL
161.74867986892306,6.5744195064983595,67.99758495032881,35.65977076785493,NORMAL
167.72633126401684,5.756798180659664,67.77018109857262,35.29834532112892,NORMAL
177.93499518798887,5.713524785372872,51.84933321670746,37.82578106198224,NORMAL
168.8807509479769,6.210205406208826,66.6814960700453,37.1384373836827,NORMAL
145.84591756079624,6.395319580943285,62.98482142817978,34.101899962278566,NORMAL
158.45953281336028,5.997074844611139,65.57396265118281,34.87693063083459,NORMAL
165.88316580489774,5.248899892131152,66.40116390736598,40.45497714526706,NORMAL
156.4592498476409,6.886153538589773,64.71292972536249,35.16722614984733,NORMAL
154.05646178094509,5.150622327913559,62.38099449426194,36.84089933417934,NORMAL
168.0501711206478,5.865118661739221,67.04921489133135,37.41962491111526,NORMAL
170.9222692785555,7.248006432697354,75.74878673871615,6.687961002381307,LOW_FLOW
169.69806129395872,6.999585838375917,57.524279762116464,38.16348673146393,NORMAL
159.37796032143038,6.08411265336533,67.75432202846119,38.73305122134935,NORMAL
173.75224181294612,5.766112016206421,75.52271177028244,4.719651945783074,LOW_FLOW
157.328939193368,5.6426914057649045,69.5204447994686,39.51940146375469,NORMAL
154.41840310116478,6.752993937378476,70.31156192636065,37.78477823783078,NORMAL
169.42300130700477,6.752750481911819,67.76225373442001,5.4689092923409515,LOW_FLOW
168.2570384256662,5.805276364833747,68.67723406802529,39.82620307818324,NORMAL
160.33507942157848,5.055927040538229,64.29648806657846,38.81674124488261,NORMAL
166.04219617178308,5.546905453138879,71.35842598317366,38.76609835304168,NORMAL
160.82209216365993,5.888817098472222,54.32402200956621,37.92011974413379,NORMAL
164.19761866045275,5.725422467304694,58.989446205817494,39.613001515968136,NORMAL
149.6279637556109,5.859851033264251,66.33849600254548,37.20008113307087,NORMAL
226.7422926686935,8.094135699762736,62.49349060724728,35.0168265820828,HIGH_TEMPERATURE
155.5735710150811,6.17737854205484,67.00875955002843,31.547286297488267,NORMAL
163.97759411350322,5.937932808335038,11.840323746380838,39.20884874981886,LOW_LEVEL
161.75348734740112,5.319151993649591,60.480772298317646,7.509790151347674,LOW_FLOW
176.12426043738233,11.936577596205582,69.0284849592686,35.33483324318813,HIGH_PRESSURE
160.77665890140548,5.788823456708408,61.28849441183071,37.16406252755088,NORMAL
163.47479153995872,4.931389900318622,63.258504404257216,39.68147811529507,NORMAL
179.68980671784016,7.3638985878708025,64.35086009576904,39.237146876061466,NORMAL
162.13586649540457,5.561357908341227,59.90886618199474,35.72230473647014,NORMAL
156.49152216452225,5.911827697217101,66.13059802572802,41.334358491298985,NORMAL
178.12545900017992,12.019957528818987,70.54779033373372,37.14319390438624,HIGH_PRESSURE
160.59346466132965,6.896903249318794,68.00794379905868,36.55750031041874,NORMAL
152.34951374791206,6.74595982263603,75.82585415753191,37.33786469615072,NORMAL
170.7295659177014,5.6933156701511445,71.37523059102912,36.08354233709892,NORMAL
157.6583282039979,5.046556476390881,64.48638000643936,34.16458891862544,NORMAL
154.1179330696854,6.102292148669863,54.76961514549282,39.721791846099286,NORMAL
162.34809462322195,5.976181798121847,61.37945388448188,42.439028688616474,NORMAL
171.9754749321556,5.926912271205029,67.30878902461606,34.742946713906754,NORMAL
165.37892853879623,6.422822732468429,65.88877902532953,6.73665648039503,LOW_FLOW
177.89528381973992,6.090976404481197,65.79938360651165,40.64026357056192,NORMAL
154.8251585239929,6.850278694225052,66.06058596534984,41.550139654108655,NORMAL
168.697699912085,5.99298817341859,60.62346809780139,37.017300223945256,NORMAL
162.4710010242521,6.429166983542558,71.92445250301301,37.34550363400813,NORMAL
160.63465856328423,6.300641947629902,7.142125854211736,35.78538578337673,LOW_LEVEL
176.20949020027118,6.143457526557502,58.22438300147514,38.85374523665335,NORMAL
155.68137522831168,7.099976497865539,67.90042083784272,39.780930248729604,NORMAL
156.63798092032738,6.14696124002515,67.77510610404697,5.755676794544339,LOW_FLOW
213.92543091400228,7.1366945669620545,68.07231291227221,31.674408616208826,HIGH_TEMPERATURE
168.91364228818125,6.039126494716127,69.48990827118067,4.494113738038516,LOW_FLOW
157.79690744903826,6.631364177291318,64.24518426419439,5.110976866916135,LOW_FLOW
163.83108774724363,6.364519831171751,68.86307331538293,38.796161200587946,NORMAL
171.23063773696825,6.472305442875168,70.180226256573,32.31256483434153,NORMAL
175.13043645735493,6.9410834804631705,67.75420100224055,36.78680405364465,NORMAL
166.37456156340465,4.758235448407395,10.343444074325884,39.81023040789643,LOW_LEVEL
225.4928581239436,7.580327559758385,59.08485020382388,39.02686866184593,HIGH_TEMPERATURE
164.3622543127488,5.999181007695188,62.48391467860738,34.402945725804926,NORMAL
158.19834099888755,6.1906112113862255,61.6438209445124,44.62124619639102,NORMAL
175.68948880009737,6.283668063914502,71.38056020473208,33.13081858495898,NORMAL
220.44377929812228,7.382153777974106,64.51919029260168,38.76978384890918,HIGH_TEMPERATURE
171.3387049139286,11.24125332665062,67.09010539111496,39.973579975268294,HIGH_PRESSURE
222.12820268957813,8.49751883909146,67.30534513777778,39.45479166085543,HIGH_TEMPERATURE
222.27137395590253,6.624433440143193,63.58031875127119,34.72807107722197,HIGH_TEMPERATURE
162.76623264630652,5.670745890451584,70.32185081209711,34.98380850140824,NORMAL
173.51081226187486,5.382860622266589,58.3853152854841,32.96183255587697,NORMAL
170.48356929254564,6.113422294211789,66.49370617645388,6.385235096076786,LOW_FLOW
158.0724809293417,7.963123744915256,65.5587734872073,38.62020677483521,NORMAL
176.03865863803512,7.465440657639563,63.836682534726684,34.760367310019525,NORMAL
168.5377764962928,5.949000061201138,61.9420996805591,37.019979061745005,NORMAL
169.76228848270432,4.677736801070134,64.45380329376502,42.655031782864754,NORMAL
216.16334395535063,7.5904905999292644,73.30205967185441,37.547736881374234,HIGH_TEMPERATURE
157.72801844389025,5.876139283145063,72.90373354410154,38.679675998799134,NORMAL
159.9734401168927,5.553099554912012,69.09945385664507,36.709189818478954,NORMAL
159.99067391549002,4.843413328719458,8.99005924549396,35.85827125641098,LOW_LEVEL
150.59617046612655,6.332851633206317,68.96866164864889,39.52252057183108,NORMAL
179.82291979950858,6.457258147221976,71.0308585101742,41.21847106199041,NORMAL
173.48846273883623,5.177676568897075,11.907127025784922,40.60559002725219,LOW_LEVEL
168.44241087166043,5.507284461265142,70.62633873093826,31.978315586628323,NORMAL
239.9561172905001,7.8447719872888575,57.05154611769695,37.095699544068474,HIGH_TEMPERATURE
179.57039080650486,6.654277444027431,71.43731131924235,34.532221867331785,NORMAL
168.7548852769662,6.388073934621543,63.64644789481112,36.34295721551494,NORMAL
166.19873931189824,5.624191606990441,65.65307198789652,31.77960735297671,NORMAL
151.91629401233715,7.076925719819966,70.74851891483911,39.235517821717764,NORMAL
155.7047982272015,5.396130339022319,67.97631755720865,37.67126839914996,NORMAL
165.26225674301008,6.77172656005764,65.69930290379718,43.7563697918242,NORMAL
162.46170619798048,5.767070311169087,61.079677812610846,37.4550486147523,NORMAL
164.3938281883214,6.38877643520962,63.527925397208406,37.47366967345016,NORMAL
159.4517290490119,5.473490960594762,14.76779507846523,38.11763658314109,LOW_LEVEL
163.76376414344958,5.26965487146788,62.270582080985704,37.35211669539692,NORMAL
169.39186299261527,5.599203343865133,58.62118022624767,38.983612645793,NORMAL
172.16484194651477,6.289431305173853,62.377728935854805,38.82977780542234,NORMAL
180.3315590138833,4.493427054763455,66.58535226234423,36.92962893908138,NORMAL
163.12017588405266,6.350034695036927,14.759127649806812,36.675589698875356,LOW_LEVEL
217.28843170503868,8.192619914512814,61.31244010293597,41.09169523374282,HIGH_TEMPERATURE
180.7775676155505,7.056920378203972,67.48465757839932,34.5202926866674,NORMAL
227.78731159367445,8.793545570816995,58.52435970433862,34.9286219112749,HIGH_TEMPERATURE
147.63507672163672,7.800351101669172,63.04529234758853,37.927729243407086,NORMAL
167.32964160905195,5.901905410100396,61.495124559562115,37.98695120196796,NORMAL
169.10075994744983,5.812327414882925,69.52479974292024,40.56692413516463,NORMAL
156.61727824904145,4.602938090769629,62.50960086250842,37.66445721648602,NORMAL
171.44542911394,5.434929336178409,64.40006415082857,36.318119305140094,NORMAL
155.49288916321385,5.711913813529734,72.8636797489712,37.261679941532606,NORMAL
156.8834985296576,5.324969942220848,14.553162863175535,37.55305961150193,LOW_LEVEL
170.51163301005602,7.975818779353262,74.48638660612484,2.0,LOW_FLOW
161.44928693277595,6.755571840874438,67.35639879757117,7.555768066236742,LOW_FLOW
173.35898249963543,7.085823993024582,62.694880241689425,45.4946336067149,NORMAL
160.70244964789265,6.362888373774265,71.3907746368135,39.440820044737116,NORMAL
167.69565340848152,5.711832111266104,70.72123129072811,35.71563036893788,NORMAL
163.76773346739307,5.817641492060197,56.82016323147821,42.05118988190398,NORMAL
146.43715190091083,6.174105582223314,67.65542979069338,37.09672603448693,NORMAL
224.18624098316033,9.117752392059652,61.73503301349356,39.769341254041535,HIGH_TEMPERATURE
164.24811653772304,5.892708346676437,69.02503741828139,40.424072038435845,NORMAL
165.70370317064803,6.010072785206563,64.45462525512389,39.469300776917386,NORMAL
231.1595931949713,7.675245179173473,54.36689342811584,42.620568163617264,HIGH_TEMPERATURE
164.51261556233652,5.813390580763804,55.22515727871099,33.15609746623719,NORMAL
167.05167128686827,5.279565709710249,65.09494884172693,47.32513584554569,NORMAL
168.4484359407972,5.970156623040497,61.28120512822515,39.918208491157976,NORMAL
160.36447931534641,5.649411190430027,56.943697310023325,38.42857978204523,NORMAL
167.54782453437264,6.88986173517983,56.000172668427744,42.21238513882427,NORMAL
169.46060674259854,7.147666811023196,62.157459777458456,36.25175371679333,NORMAL
218.6122505666224,8.415434284683494,74.04483784382667,42.51478495343889,HIGH_TEMPERATURE
177.83403489213714,5.824452226075559,69.55625400491923,41.07469252082642,NORMAL
171.9874645323839,5.961972498899971,60.47678642576236,6.1086482398748725,LOW_FLOW
161.08165513971588,6.743864317205909,14.413050892807373,38.7231494690628,LOW_LEVEL
163.6924568118039,5.8462581936578095,60.52360115054563,35.82638769794601,NORMAL
159.47907567078443,4.69493876157123,65.13864339694045,35.46333004371942,NORMAL
191.26771343334286,11.609369309835627,60.92077123202718,39.58966404967719,HIGH_PRESSURE
174.53274891346052,5.906979236764321,58.44989519210523,41.97288309453959,NORMAL
162.3705352307854,11.987657915874511,69.96342417885265,40.73843113948171,HIGH_PRESSURE
171.18031846066208,5.0134414287090205,66.43999877736906,35.886693561795006,NORMAL
162.83506612005658,7.098930483447797,68.43022927612877,5.5413162048286555,LOW_FLOW
167.59907775059668,5.932653096675057,54.03615478745729,35.02724267670643,NORMAL
169.77556717847108,6.400979686371358,66.71199798975464,39.41755790440058,NORMAL
164.56052107037667,6.618346146431154,65.5042904995219,39.73758570781337,NORMAL
179.3240991509943,11.138618311643043,56.97727821927041,39.73044192498837,HIGH_PRESSURE
165.5404438726466,5.19000994598426,60.70172093597989,40.40954846054311,NORMAL
171.9942214313525,5.897713962009214,61.62696596506552,40.44946335303232,NORMAL
167.1760088550655,6.16421332776131,63.10671857730332,35.4834176474119,NORMAL
234.27642486654833,7.635807245587153,68.51206080001757,40.14522315158403,HIGH_TEMPERATURE
174.21492178229167,11.405921646631754,60.36780523036194,37.6769084701402,HIGH_PRESSURE
153.56947652618976,5.391197846372568,72.72069000603324,42.68884855022217,NORMAL
170.01367306031403,5.528183498920299,67.62029686172421,5.6083097742675365,LOW_FLOW
158.94631605897015,5.438358363206036,66.18055769043575,9.315830912704234,LOW_FLOW
170.58853076297203,5.058923637701686,69.78904627749291,36.06892008181083,NORMAL
162.83682755357313,5.869532301827639,68.56661666202483,34.624440373354574,NORMAL
162.87575431376052,5.625422785564463,14.287389682008412,32.458855589138366,LOW_LEVEL
160.0334289145553,6.276821054159399,68.82280836014593,37.48805906773875,NORMAL
161.04528039853844,6.539351549699056,60.034806484276395,35.10131859521963,NORMAL
155.47725209465304,6.02198475130589,65.20712505025972,33.88021742503312,NORMAL
158.99824743806295,5.273194934757436,72.12702961156239,35.33949359191072,NORMAL
168.31033853752172,6.62704635772608,62.935751258988745,39.00395713389592,NORMAL
158.347817818669,4.567499210316132,72.00932813816613,40.0775595225781,NORMAL
156.77196607246984,6.328245156288737,69.14397690080341,36.955390857993315,NORMAL
156.93171166445515,6.691126165818866,68.65128480808426,41.646762801557614,NORMAL
225.05408849110685,9.038312763971422,66.98117868000698,44.77608725926223,HIGH_TEMPERATURE
153.09554604854517,4.585482095311008,60.38309062919078,34.866198902215075,NORMAL
172.1147700301788,6.067118071492545,67.92935828438752,38.47571722943619,NORMAL
170.52073132140316,5.912410380228684,64.95437003263686,35.90497910428301,NORMAL
163.84572497183797,5.557210774556892,58.00466229646736,33.14054511733455,NORMAL
183.4787553767206,6.831844944423744,66.60307363592509,33.594192645433814,NORMAL
158.9159292154291,5.039757109546322,55.99628463287568,41.70082569750465,NORMAL
178.75997188591407,10.5,66.3010049078643,40.920155947971075,HIGH_PRESSURE
231.13329304380346,7.0219109766019745,63.90849165572744,35.21029291041472,HIGH_TEMPERATURE
172.16174721780945,5.217293020325102,70.35121863518562,35.412763202501566,NORMAL
151.32619116871876,6.117007301309389,66.17656113174496,39.7736224854104,NORMAL
179.2174464861758,10.82751270001025,58.02404078029444,38.72199226417113,HIGH_PRESSURE
150.92147433843627,5.8491056377361925,66.00978634931298,36.99496205223104,NORMAL
159.69460999490587,5.581933634971563,65.00873156725164,34.57876094187988,NORMAL
163.25852245252275,6.436549469728156,67.88837814433496,40.77861758927201,NORMAL
172.273276817711,6.2875709124396195,72.81068849226415,34.627689196343695,NORMAL
162.72720795711373,6.683887911475042,66.81731243232393,39.185623547047555,NORMAL
172.18252326728438,6.56846734887922,59.09109211173793,34.22529843804711,NORMAL
166.8822088927061,5.515492149814993,56.32622498802666,41.975588325961844,NORMAL
162.43567697329962,5.718187278071775,64.88313429002054,39.449941467297506,NORMAL
169.36635007879963,5.792698085466374,61.04624108971754,36.51127664471976,NORMAL
166.66200478091298,6.495966837876871,66.41879502176235,38.440321858288556,NORMAL
154.76596822259788,6.216578451284031,67.04095234710087,30.232374233123057,NORMAL
167.93225125789783,4.351814569995675,65.22505387745674,36.93521608224225,NORMAL
150.74859109010526,6.252686707338332,5.450409463640404,35.056202284956164,LOW_LEVEL
163.49863207257238,6.029666860087288,76.60115187571428,35.25462105266938,NORMAL
171.00695190985007,5.411660386369757,70.81168283905578,41.709692340215675,NORMAL
159.6077266564135,5.092816862743552,68.38860021218903,6.1714552208476485,LOW_FLOW
178.16567074614886,12.812048990695436,71.24072525724822,41.96721523314301,HIGH_PRESSURE
170.1372236183941,6.444854177707098,60.5339499740114,39.78763230694665,NORMAL
170.4192109495384,6.530196672635267,65.01232380549854,41.068131247456634,NORMAL
150.02275598053282,5.008289325735106,65.51047176537342,35.176004733101244,NORMAL
170.20896927486154,11.121032818745638,67.48165990591272,39.31850560560311,HIGH_PRESSURE
159.17882608582948,5.286438228538694,63.97094500280658,5.88192888895622,LOW_FLOW
179.56516926117442,6.015188719741941,70.42094173508049,37.8593399021033,NORMAL
174.8629099464721,5.799032234263103,71.75523652817157,37.65112854497813,NORMAL
155.58708224456558,5.604980733567131,60.78520067077054,35.16013062524125,NORMAL
178.70411878367744,10.5,63.75154087138263,35.844596457393024,HIGH_PRESSURE
166.05877205122138,6.278589190294017,68.64530109595188,37.13333797369306,NORMAL
166.85328355389214,5.805852716648286,68.94823837394593,40.86453465823666,NORMAL
160.12919273483715,7.189557528281782,58.70155846674654,41.03465431723597,NORMAL
233.82875021790463,9.921360220762493,60.20778315044121,33.31420679696677,HIGH_TEMPERATURE
168.2893753441277,5.263650524614124,68.81654587751247,34.404062897927844,NORMAL
159.41055651212136,5.36236495006003,63.457510347485666,39.16159506711096,NORMAL
153.01568179687163,4.870487131628403,62.267474988479854,38.68204994017333,NORMAL
158.49620780287856,5.422811750506968,68.4350547905619,41.513184567985554,NORMAL
175.7790940177302,5.433864900800819,67.77502872491169,4.164566712480273,LOW_FLOW
218.603890519211,7.603538004949166,68.83638370043498,37.76887501033576,HIGH_TEMPERATURE
152.63760043576994,6.2836225981347855,65.63727752419535,35.13027695169066,NORMAL
160.30143389788978,7.241927556452638,65.78132215769105,33.17927416621266,NORMAL
168.84597327124726,4.994632407181002,56.216330733185856,35.70725556804486,NORMAL
158.7660248148913,5.887207582132592,56.008618162118644,6.56197349043529,LOW_FLOW
150.10012197900164,5.691189577138188,67.96728535659341,35.53333087631676,NORMAL
178.46868967630417,5.6607490672690055,65.31266706416885,41.32621002880587,NORMAL
166.15309441500503,5.673429717715702,51.639510578756344,5.960455690895483,LOW_FLOW
158.46565456583795,5.867475774202472,69.28830747583035,40.41255149931802,NORMAL
174.35416087256138,6.894436454514162,67.36565826496377,36.01627664432533,NORMAL
174.713518631428,5.726161747675537,71.69939893222087,39.689762666742446,NORMAL
171.8029382651634,5.784484565675005,66.8581924474346,12.0,LOW_FLOW
168.23884070108568,5.684692953521902,58.43037649881293,38.49370533615494,NORMAL
164.95902506623943,5.579996307702216,64.72649092390733,39.879320258184705,NORMAL
169.41487017225035,6.47953427455536,54.66444887695302,38.13467849786848,NORMAL
159.40435467525762,5.279982734045137,10.200516647718093,32.42648337229452,LOW_LEVEL
176.77611653192108,6.451159862077537,73.87342670793727,38.82090459534808,NORMAL
168.97728595243012,5.805863253844432,56.244420692572014,38.431327004791164,NORMAL
219.76962672077005,7.171996249240771,67.67020113431117,39.287375831651254,HIGH_TEMPERATURE
163.2174225939423,7.430769879848826,61.17458651820095,32.97314525039764,NORMAL
180.6838768062642,5.9027617311064295,62.19641942366385,39.21429953794777,NORMAL
171.12654981968691,6.913841812542747,58.19617487556248,8.135834487109925,LOW_FLOW
175.81951772583324,10.5,64.14235176380652,35.09847114160458,HIGH_PRESSURE
170.45345536150475,5.133853951746125,63.97463004084084,4.641739631741043,LOW_FLOW
157.03447818526556,6.386820826248232,68.4565346504638,34.83771560783679,NORMAL
164.4240112604817,7.149351123097588,76.30586764304061,38.53848008122321,NORMAL
160.6986993847758,6.613781627244837,64.97728321603275,36.840321149372016,NORMAL
237.81236387508432,8.229657297925426,67.7142402541827,35.06707361889374,HIGH_TEMPERATURE
189.15421416432164,12.229244895958157,72.17179928734447,38.98835272732174,HIGH_PRESSURE
173.24156322522185,6.900964581962838,62.681086875891026,33.689046949499236,NORMAL
173.2392057194301,5.485600769099427,67.97422192270328,6.5026845400900894,LOW_FLOW
167.65217052658326,7.654268330342249,65.2469949075995,6.5823009592678,LOW_FLOW
171.13458297427394,6.15672489494764,73.21408833924235,42.3620732090758,NORMAL
170.6108067067586,5.983938241260969,57.498455545739695,41.22621220679749,NORMAL
172.0940724352379,5.562146743672968,66.499445423703,36.87131116589455,NORMAL
153.4270250994866,6.011565122608605,11.546497893052111,37.74749698821846,LOW_LEVEL
180.90435284569898,12.34784550276176,68.69074458166517,33.38214200514423,HIGH_PRESSURE
183.6062383350535,7.135346889568662,68.53226328389835,39.38082713648214,NORMAL
172.36397981419566,5.130086706636246,11.886534380198912,44.270763316947175,LOW_LEVEL
180.3959682961006,5.8667117700929685,63.647094499318904,37.07855165360626,NORMAL
155.3909362677188,5.407165112938799,68.49327219269439,6.158287370912595,LOW_FLOW
161.48009836376232,6.630452957998807,67.53806382516527,37.62312059164799,NORMAL
225.43853190727344,8.013412344236855,69.13836421278353,45.304802774489254,HIGH_TEMPERATURE
180.40010241388683,5.937858424435713,67.87764425956654,40.26847353125905,NORMAL
156.53375159329892,6.095689442329049,65.48555205211582,41.06246498434068,NORMAL
235.06479198975367,7.64312763719049,67.49707266625745,35.909565271334095,HIGH_TEMPERATURE
180.9554279574486,5.33955254117447,55.95155998545495,37.8588840222326,NORMAL
168.84192922009413,5.317652313805943,67.06428258998778,36.342082009452355,NORMAL
157.65797170065989,7.237897729959692,61.07473568099461,39.0614990723777,NORMAL
161.4689415010724,5.640330561615818,69.31781882036582,37.212841891502244,NORMAL
167.36826461634095,5.5973472107054505,54.55958415176252,40.495462232084044,NORMAL
157.97478106456998,5.724268689008988,64.2912895290618,34.05056958871448,NORMAL
174.73154447700676,11.715277246197784,72.71374500757231,35.24568960187223,HIGH_PRESSURE
166.6869168167047,6.063762976749519,60.858698022029216,38.64414619116594,NORMAL
161.5141592946661,6.140279650336205,61.67542585980323,36.53072746802687,NORMAL
161.47478062744207,7.774494922269882,62.09707167850742,41.08645333753235,NORMAL
157.8816773896224,6.719323052980822,64.75122926202583,37.162922739534984,NORMAL
171.07508167064594,6.031890474779517,68.38903708663591,36.02278763026549,NORMAL
170.95270784244968,6.798140427533892,70.8929457666798,6.120575221126041,LOW_FLOW
163.035988082116,6.371968385929387,64.00601801227405,40.569729956098925,NORMAL
167.59271377856038,5.703676315702436,62.471423990204244,36.24044963195559,NORMAL
168.23636154468926,6.663494890928838,68.27999327581051,37.36593784878093,NORMAL
160.8496334047659,5.63207449012614,9.029355031752587,35.54551678857451,LOW_LEVEL
171.00097449709557,5.845381755414399,71.01629111508394,33.23156512719004,NORMAL
177.387273863679,5.624046849396976,10.638810650205585,29.92030065001608,LOW_LEVEL
165.224177496207,5.933256513052761,72.89181534451748,36.65752190072865,NORMAL
176.48240125316352,4.985530963544079,70.43347406717399,37.49583508410422,NORMAL
148.12039482496021,5.779977799536456,50.69780301254217,35.130998891016226,NORMAL
167.10973763485217,5.338577267678418,71.41799315054068,41.572375471539885,NORMAL
161.834851566992,5.655202048626769,54.475075270810386,37.98076474136675,NORMAL
163.5270965430627,5.972871035168585,66.94389193498809,34.093808041539994,NORMAL
150.7841068853914,5.977326106252994,66.47733420678703,36.64674528851222,NORMAL
162.93100319756888,5.93862438997825,64.56857920398963,6.9887773665424575,LOW_FLOW
165.85684024007577,6.325702912778838,69.65720454659184,37.37698410798017,NORMAL
172.7919707020759,4.685200470345675,67.4179965763026,43.66011017131281,NORMAL
147.75181565960014,6.6589673653432415,70.86843025372798,42.93855802733771,NORMAL
169.46792839286593,12.475698459364516,63.32066532577285,38.55674098223036,HIGH_PRESSURE
231.42168150159986,7.749699619806484,63.132584924021636,34.928366697208446,HIGH_TEMPERATURE
169.57735813803333,6.5620526607613066,6.639446196966424,31.469112260420854,LOW_LEVEL
166.57420877325566,6.512046016863407,59.6754189088953,34.921878622861165,NORMAL
156.87186776473422,6.873016842158464,65.87509202674802,43.57575984924868,NORMAL
169.1303805768116,4.9492583964649395,58.27751487871409,39.67747543901249,NORMAL
153.81851069505277,6.785337748351887,62.97499422801498,39.290219586530114,NORMAL
169.34523414644156,5.4229905542476775,72.69829536484957,33.890951592689625,NORMAL
171.26047060572128,6.531109614458034,55.16690237555562,34.10246001872344,NORMAL
165.5982143130841,5.2158697402892455,65.69335641625382,39.54560754081171,NORMAL
151.07597608777746,6.142954647935145,72.50287322177479,33.43540467776328,NORMAL
171.59541649907985,6.675275575914532,60.59442208399779,38.314889146855585,NORMAL
182.9433624992239,6.5463787766475505,65.24872625393915,38.86544543482583,NORMAL
241.5958913100639,7.632720640608729,62.7176975320379,33.36189260383715,HIGH_TEMPERATURE
164.16170677081752,5.159173913881389,67.04126914273496,36.92952161534637,NORMAL
171.45606625555575,6.462892576218131,57.67710244974917,37.44063715276019,NORMAL
165.0819734721352,5.559616564098221,56.13868720746221,35.83733492957592,NORMAL
159.18404502074122,6.908811726157846,70.91120085038496,39.90864526425306,NORMAL
161.96154790568085,5.432092565649276,62.86617838835732,35.79698967566679,NORMAL
175.12127956390663,6.370031705088208,63.65774317885439,40.95871484905378,NORMAL
145.98167606616016,6.0509442989590845,67.66888136929254,42.24440175855317,NORMAL
153.82430353799094,6.334796490511124,66.02573354454209,38.46697790546283,NORMAL
163.7589576837408,6.440578561866369,63.53352238897295,42.585588753481794,NORMAL
166.16411844268475,7.086656904663731,65.46486271411239,41.56253562246046,NORMAL
159.01000300815267,6.5712293336785805,64.96304351076643,35.99660823720294,NORMAL
163.92778223352508,6.768030251909364,65.0941818927335,35.112761452733196,NORMAL
160.07045808007445,5.859204675510866,73.23775804470783,32.052961358542234,NORMAL
154.7348175791707,6.226068705030031,62.6580266828588,41.355845878589534,NORMAL
173.31495235934844,5.925812740007849,69.98650874154518,38.320086663165334,NORMAL
162.55104761232036,6.049885300904995,66.83670720721841,30.418913951487205,NORMAL
221.7419686082534,6.743580992645463,54.76448116725894,34.745514461001584,HIGH_TEMPERATURE
177.22848651435092,6.108362162982261,64.64788215268455,37.31660217901052,NORMAL
164.5558087746426,10.966006396831649,64.15012857485681,36.22869008827966,HIGH_PRESSURE
169.49992859487992,6.487662448895413,63.502143032162444,7.241473574920161,LOW_FLOW
173.26421129012917,11.720959428953927,66.16328703024051,38.857240840373755,HIGH_PRESSURE
156.1954773357588,6.362532931724693,55.376118230345526,39.18822493330835,NORMAL
171.6482548613438,4.8456535680485615,59.448279868511925,42.97583470663498,NORMAL
188.1602017892516,11.286801544775853,67.63727320231244,35.97415383197861,HIGH_PRESSURE
159.22111712906093,6.2697153694990435,68.96139747725574,34.554103966909615,NORMAL
170.30132776308386,5.2964255278082355,58.52946217488729,33.308067149781216,NORMAL
174.32246028437743,5.8291140597731665,61.087642370724545,34.75051084119291,NORMAL
154.35298197909208,5.987898789976309,65.86148359220495,40.688599517878906,NORMAL
156.6378977488122,6.696521544868804,64.11856020172752,43.66328265565091,NORMAL
167.36795191749678,5.481769443912902,63.08017487031569,35.113212278573315,NORMAL
183.17649994452455,11.031369426554159,61.72106400719025,38.718290211741696,HIGH_PRESSURE
153.97592578521707,5.79801305382052,57.329700583892695,36.70627051522144,NORMAL
167.95486447759924,5.9686696511349435,65.66751611103366,40.96191708223881,NORMAL
167.0364330041018,6.457564788530375,73.66463879117612,35.3919648209581,NORMAL
177.68923431968517,10.5,60.591985999534835,40.640524574669456,HIGH_PRESSURE
166.29219721723078,5.211241149568042,64.30944656618429,35.69090029899795,NORMAL
172.74040332792907,6.050134719957478,64.4538683468562,35.19900353922636,NORMAL
174.40405261207025,6.2747492559011295,71.21544303798946,39.537676080424006,NORMAL
161.9746995676849,5.385570754129996,60.48335004122064,39.66351225243232,NORMAL
240.5345457632116,7.768476062526903,67.72613359260613,35.481675816389064,HIGH_TEMPERATURE
168.79853058290473,6.191350420798392,61.299989450133936,36.53536500621327,NORMAL
174.6033631992816,6.051678118384469,60.39351091935052,40.26024032351444,NORMAL
162.56527516065663,5.949444864356931,68.87282591748739,33.170866657229986,NORMAL
162.5118700216094,5.872855042391387,68.28255258484518,9.82888307937812,LOW_FLOW
169.88675933128684,5.514687040959703,60.83370487558913,41.042086542802124,NORMAL
181.3665762963044,10.633614421436201,56.946568678013,42.568688208109975,HIGH_PRESSURE
160.5426357835752,5.738338166830918,59.22366278405137,40.58226394374601,NORMAL
173.2066947430819,5.457073364516877,59.8279409815431,39.571735906248996,NORMAL
172.68339876895936,10.606144796819068,75.01268489338177,43.41551743813064,HIGH_PRESSURE
154.83000672070077,5.948391184731733,70.30831586540545,33.36616070941747,NORMAL
161.64921004859968,7.230677641350037,56.59216098818279,44.66308038942536,NORMAL
185.0,6.674891996442054,66.93661360495949,39.520424056749945,NORMAL
156.54090604269376,4.0,64.74662021216871,37.18034950040917,NORMAL
160.27117259847117,5.16948641526521,60.122887398113306,35.33136566184188,NORMAL
159.64254857542238,5.85296095890126,68.07627260166478,35.71301244314192,NORMAL
177.60301319548432,5.480413353989649,71.20365162654763,42.14236011330073,NORMAL
155.26717027768476,5.658111840754125,60.24608027298913,36.228968796360064,NORMAL
170.04489889986667,5.868459481314896,63.664952304540826,39.60128054923008,NORMAL
170.00068160998524,7.326768537833667,74.93132340244765,37.122974980377464,NORMAL
158.90420433351792,5.462543108187995,65.26930483657917,39.533998922116616,NORMAL
176.78730465153404,5.609293749872998,66.28431021453562,36.770785161624566,NORMAL
230.96777471195264,7.3396375299219105,71.08070482323284,40.03306624202766,HIGH_TEMPERATURE
165.0999529498215,5.486235845870247,64.64958099486172,36.63380155747806,NORMAL
161.33059772048534,6.340308717053468,66.55051444247343,34.37533541605055,NORMAL
176.4267064501113,5.273619318630511,75.31770745236696,40.96559725470981,NORMAL
183.0945694098846,10.847382047506667,50.0,39.070454655391885,HIGH_PRESSURE
158.91308203961458,6.06738287483828,62.04048748058263,38.49485175823195,NORMAL
164.16033475199862,6.737829117314569,71.08307729399306,38.09412531846982,NORMAL
159.58161646346375,6.487459050205461,68.90201798744191,35.790352143311274,NORMAL
238.70793244611184,7.656249326865028,58.84924138910537,36.60789990341768,HIGH_TEMPERATURE
164.52766226155956,7.8597666440289995,65.72484685153914,40.2594981847448,NORMAL
160.51396668729802,5.823198173406158,58.78209703730069,38.779877012451095,NORMAL
172.86191608818447,6.346451913166309,66.41549459674647,36.696151415059205,NORMAL
171.77267188674722,6.207318709240118,55.85685794831298,37.5634826075526,NORMAL
154.42908742683784,6.250601703935889,65.29360246122266,38.66292618074074,NORMAL
151.12310802450244,6.384536542912549,73.60621918749771,36.116592694788004,NORMAL
162.50688452840225,7.215217602102124,68.0864704033078,37.31499106018978,NORMAL
155.41929368772674,5.801873973390311,61.94974315401192,36.85732660496196,NORMAL
164.8481392025531,6.353539442339739,73.86261465601068,38.1661830429731,NORMAL
161.63593325250488,5.317130274689681,62.145143024063316,38.394854129710936,NORMAL
160.1340821653017,6.244812971629685,69.02374665085283,33.217226487782206,NORMAL
170.42819161120022,6.102812621185273,63.536846511936396,37.92084241605012,NORMAL
150.12131674763498,6.457577896167923,68.31608194852141,39.221336205621824,NORMAL
219.86777245811226,7.522132325626301,61.87804049004014,35.96223071589987,HIGH_TEMPERATURE
155.43328283528768,6.497192413529824,62.17676766894052,40.716104124939726,NORMAL
173.37231511165677,10.5,57.052463781138115,39.838582567223085,HIGH_PRESSURE
186.03016271319333,10.5,53.93212688452356,39.45732132466529,HIGH_PRESSURE
148.7470434506958,5.283924383644319,60.22557694346256,32.15946781320297,NORMAL
157.92258015566745,6.663807870511451,70.98264933989653,8.302360693828216,LOW_FLOW
173.13581638590284,5.09759244127004,72.89602105018399,38.81319075286552,NORMAL
169.56939253032837,5.70309131923834,67.42683088772772,36.00759920463233,NORMAL
170.8545071545671,5.472867282564743,56.917339129479245,37.20918892057816,NORMAL
168.10779360681232,5.717848297295699,65.21304611880018,37.892291745209974,NORMAL
178.0914016987333,6.587577701969938,65.07954642483142,36.409892068114885,NORMAL
152.65099837982333,6.498024556097283,61.35988002590112,40.418053184320236,NORMAL
163.98952518897735,6.203713159401005,10.569741040496197,36.61879579498712,LOW_LEVEL
171.2775097290535,6.867794834948387,71.95273126844674,38.13532400364019,NORMAL
169.25848450830807,4.863895552576177,65.27066374606989,9.93139411290019,LOW_FLOW
161.4803306924884,5.854963596976292,8.573854868749049,37.36501954249892,LOW_LEVEL
160.071607795551,5.834171708620694,62.94465263556591,33.40554711026601,NORMAL
151.98875258011492,5.652963842177348,70.16836636394243,5.560192778499126,LOW_FLOW
178.92508390226382,12.259112483730526,68.98498390179256,38.52066963703411,HIGH_PRESSURE
168.0796077288469,5.230376679253648,63.933602021601146,32.777255348729774,NORMAL
158.9210565972407,4.5530903198388195,63.79937373109251,39.36811594069621,NORMAL
232.44092379022175,7.74202171834055,70.47811828002018,37.9027568092873,HIGH_TEMPERATURE
164.93828313694456,7.183846494720515,7.969585569792958,43.136272780682816,LOW_LEVEL
175.9108025994615,5.6965812691554945,67.78458076382033,35.133607229737464,NORMAL
156.53876163101708,6.861390583152191,71.98515687439675,40.6235821442371,NORMAL
221.4206537154521,9.490612309641218,61.87646050429431,42.057149297689,HIGH_TEMPERATURE
221.16253315573493,8.460056737939711,71.54936311433092,40.89799169564845,HIGH_TEMPERATURE
220.81512077560126,8.085321633815347,67.9565458135641,31.63476419270914,HIGH_TEMPERATURE
163.5400012587979,5.113038117809017,62.547387484536635,40.10919648138303,NORMAL
181.06966963639536,6.116165353691435,11.679354389027214,35.73702921399919,LOW_LEVEL
171.46391663897325,6.147731864467063,14.360412781140779,41.57373784158887,LOW_LEVEL
164.49754621484837,5.938097686490406,59.31818121767257,43.44002547760997,NORMAL
165.77930730366225,6.333983676515629,66.32429754528061,34.71219159950981,NORMAL
162.66581024677538,6.060907597888025,66.9034548425833,37.871106314137414,NORMAL
177.63972458824983,10.5,60.40506815360191,36.42699539420108,HIGH_PRESSURE
159.70426078622268,4.814850954954168,65.79862622694253,7.550746193689362,LOW_FLOW
210.0,8.272749714879415,67.55338071328627,38.65177546182556,HIGH_TEMPERATURE
176.6675137400448,6.103053223392346,10.55798516920041,36.79813146803607,LOW_LEVEL
166.16504251475106,6.825553618885155,63.34963218486091,35.869869065484934,NORMAL
171.02297733719104,6.326995114533677,62.24512706240592,35.98646507886746,NORMAL
158.90243255170202,5.65466359978002,76.43987187367347,40.1457721605354,NORMAL
162.2146416733066,6.790177124045754,62.55409834078035,35.063574091031306,NORMAL
166.1193944963129,4.781776304265905,69.26588079142007,30.487430241061126,NORMAL
157.24159683907942,4.69982921639956,69.54133844994983,37.58949658196638,NORMAL
174.35796944788413,6.191539092174228,67.7126329525742,42.62501254042758,NORMAL
168.99012544421578,11.5429940492861,64.54780805567643,36.67453728051049,HIGH_PRESSURE
169.17888171067574,5.578500543552259,62.502189041734134,39.782906544421294,NORMAL
164.6792407031645,6.806635917447012,64.52190541641704,34.857314148056055,NORMAL
166.83585372370885,5.855380517602752,64.09581940630193,39.93268377362856,NORMAL
161.68421547331315,6.604830538251961,66.35407078440507,36.95527639623882,NORMAL
171.7345605351205,5.563170992084553,61.94819184247885,36.58512899001564,NORMAL
169.33923022165072,6.668832273576295,72.33262414002995,5.598470724158571,LOW_FLOW
184.83655790143754,10.70573437775552,69.30501978461736,41.79207472991637,HIGH_PRESSURE
168.62030735183674,5.6330719656214985,59.493963314515355,37.92815798435191,NORMAL
169.66124193590164,6.945693657144928,57.94003711424888,37.696682199484236,NORMAL
167.71900288954163,5.93291585025,70.56604050294423,38.8745856431653,NORMAL
162.09911239650467,5.127244263063083,70.03928715244759,36.13847836941605,NORMAL
166.42655958536815,6.4729797700911,13.62881863608644,41.244253708792094,LOW_LEVEL
164.32119574670392,7.197771092254009,57.58389395551909,38.9660096706156,NORMAL
165.58620251668557,7.2819102244041805,58.20361726796994,38.814070887987754,NORMAL
168.0083549569809,5.627335505490537,57.15941930432722,37.433687434620246,NORMAL
147.3784588709171,6.278106195916515,75.94593038903044,43.999021376305585,NORMAL
224.62002232110595,8.07996809585842,66.92286936090059,31.103710649662723,HIGH_TEMPERATURE
154.5176260018765,5.770580308333265,69.73426626757573,42.01202411369883,NORMAL
153.53928737999783,6.149031164540934,65.62343109895659,9.048761461854252,LOW_FLOW
166.95951381635575,6.62443842563888,65.24331139195539,32.93481873154525,NORMAL
168.60869826963057,6.2446690873268,61.0146742407516,38.4579784625474,NORMAL
167.0230785197592,6.400676575620547,64.27932924616873,43.546768511724295,NORMAL
171.3467778815994,6.250672528861451,68.44531239507641,41.45896791602717,NORMAL
157.70845101490167,7.040227225460603,67.43892322876107,35.51762043330974,NORMAL
144.10243361344533,5.248103856932067,60.295298035035174,35.79365954662319,NORMAL
166.42072893538875,6.200781609102673,64.87301298374457,38.4854569694456,NORMAL
165.14715372457056,6.020807263280315,62.027155281751135,38.11444553252247,NORMAL
173.21524597056495,5.004173981066367,60.49875011049245,38.025931116847694,NORMAL
160.50554765179527,6.811160602443808,63.11755108681119,40.60758000969164,NORMAL
161.99116647552333,6.147777520534791,61.24187311676799,39.829059628351885,NORMAL
170.0352320488176,4.820596015143613,65.36312926734612,36.07440661131955,NORMAL
174.46024593402126,6.758611546425162,59.85205548496483,40.41150926787609,NORMAL
185.0,5.739077309784524,69.8889648177301,41.59270899338571,NORMAL
158.76414082619664,7.336153250919876,65.56980539418623,42.05542995103389,NORMAL
161.28470544615055,5.326341703623156,65.68245997002863,34.40720522673526,NORMAL
154.1338928411297,6.640687870652581,70.73790232349151,35.51204931752942,NORMAL
164.7705736986016,6.513818580920525,63.82663904759069,41.02172693175428,NORMAL
162.36486770069845,7.148197967528499,61.244220656494726,38.17644505994737,NORMAL
158.06395794941258,7.1951534095700875,66.3736182422491,33.867478811415666,NORMAL
174.36997674773855,5.541573051083019,69.1577901124191,36.912892896309266,NORMAL
185.0,6.227414337084778,58.142494292779254,42.323261691137986,NORMAL
232.94975854493572,8.120313914418924,73.40780110420361,37.17408397726647,HIGH_TEMPERATURE
156.2764219795962,6.4705084847404954,71.70028307373148,43.17351044746602,NORMAL
150.51829343130547,5.597959124065947,64.08836493716011,29.73418388479475,NORMAL
185.0,6.145892503304648,52.43921046934312,38.64847041380382,NORMAL
171.47297048792194,5.682763686221885,65.09224289360105,35.129459079131045,NORMAL
160.2743438882921,4.88948034881346,65.3967394202586,35.45961121445933,NORMAL
171.8374858410845,6.5919727579173255,60.63701984893168,37.64004555413508,NORMAL
168.21478200248015,7.5502000849333015,11.191658325963948,34.618537693298535,LOW_LEVEL
169.00650506836888,5.8885626357881335,67.13607700229193,36.544504064911344,NORMAL
176.63240145165966,5.390627619089409,64.68730402122625,40.573335953502756,NORMAL
168.8806247535406,11.507443597908319,64.69569081357963,36.68595155252845,HIGH_PRESSURE
167.96486487059428,6.398268924461754,56.9772845888259,37.669277055690365,NORMAL
164.2121161239246,6.335861624036104,64.34128237144014,37.84885398354877,NORMAL
173.16977831375306,6.757538131419514,68.81098301468403,35.504737399753665,NORMAL
172.91667147675884,4.647924725538643,68.34877048355959,33.82802975458976,NORMAL
158.5128884495313,7.029401617457229,68.58194120425027,39.72101009892827,NORMAL
158.69023025765256,6.0661448898533585,10.895537749104214,35.35165867650773,LOW_LEVEL
163.28842495678214,5.850308818222434,73.61604424316491,4.787676260774026,LOW_FLOW
179.4823532346678,11.087444690393077,62.579870500429855,33.44616893799355,HIGH_PRESSURE
154.08206678238747,6.85494929051934,69.25969166227794,37.686027403740205,NORMAL
159.13463393623462,5.911273378678153,11.944353424317924,42.577034506525685,LOW_LEVEL
165.13433530517247,12.547605043466222,68.56975413285062,40.41148428549085,HIGH_PRESSURE
151.63152732129237,6.550619814262317,69.7712895737343,35.83149612801429,NORMAL
168.03439950932403,5.768896539261043,70.45149608236373,6.423181894552101,LOW_FLOW
169.00138937954347,4.739169811609795,15.521128593424255,39.16876769034003,LOW_LEVEL
173.42115534092449,6.936157350031689,65.14290884774722,35.24811410026523,NORMAL
172.79115302573922,5.9566817354108235,66.56086809425764,39.645914215500824,NORMAL
152.61733733808072,5.684330221435918,62.18334261509314,36.36364053041332,NORMAL
162.14804911813505,5.9657906291204945,65.52500504797787,7.7967912593108055,LOW_FLOW
162.2113042723601,5.855190248833926,66.04374183906955,33.999354159309014,NORMAL
166.1332535791282,5.030772336375981,61.43131210406199,41.642048752802175,NORMAL
181.82269171870593,12.271523916288423,63.82385383735017,37.704405148296644,HIGH_PRESSURE
176.38847577812027,6.702097830315507,68.87193393461716,35.509826361505745,NORMAL
149.66547302587938,6.791656457378517,70.87283560373571,36.28611908639574,NORMAL
164.73117248035086,7.381027098346336,67.73657779560651,39.21230824869126,NORMAL
163.43196561723988,6.2873861445408075,75.71970969118065,40.81914706040973,NORMAL
155.7127043489061,6.531673622034253,67.87357363557996,32.83543177701807,NORMAL
170.49562934216652,5.740415582819441,60.149716807628124,42.0523779454211,NORMAL
163.64100413136208,6.148656569591562,64.61370317333824,37.60302546451889,NORMAL
171.0622140874895,5.510949062888843,71.24631126885946,33.663685043208346,NORMAL
164.24886538785307,6.669760888940409,65.29318151053508,35.50679700605525,NORMAL
164.66052951936715,5.787860670244018,61.34986556103469,35.920976755799856,NORMAL
165.11257666298803,5.868300120403332,62.84085340154499,38.89877640335191,NORMAL
170.61330918471654,4.0,62.38327790862201,41.69728612903633,NORMAL
168.21952602674818,6.205561503806196,70.57514812190354,37.23627853029114,NORMAL
226.474704529634,8.110729386712261,72.06349057080007,38.95319986499097,HIGH_TEMPERATURE
167.63954830925812,7.206725679686703,61.0413159667014,38.20290135730342,NORMAL
173.10172654255862,5.926516320720734,63.6548641984424,37.534700744303386,NORMAL
166.8480798180441,6.4896568645211214,69.88036340986069,31.423344291737415,NORMAL
171.9052059096331,6.318234716497242,55.61974564481088,41.914893698488186,NORMAL
162.83508433822303,7.327793928749753,16.224067599532763,40.4454966808954,LOW_LEVEL
167.6489787795614,7.292149303639521,56.47422666337364,3.5453389573526928,LOW_FLOW
163.79158497914457,6.962324078261458,65.44969197910495,39.59121937764933,NORMAL
220.43413196092223,7.896029710820841,64.29365756518254,37.025930452338,HIGH_TEMPERATURE
227.23401110355218,6.952462142940487,68.33890406332118,43.22200755000448,HIGH_TEMPERATURE
174.69515233720952,11.691390496214161,66.22708949933678,36.081778027790925,HIGH_PRESSURE
179.69909340390015,5.9757405540109145,67.11490369178412,39.5240582493841,NORMAL
168.74007473801638,6.246099548073722,60.93068397074127,42.69444383561498,NORMAL
172.50812517660177,6.3219609363612035,63.78845851479487,6.583536492365416,LOW_FLOW
161.40413256184237,5.751665429351162,62.28738060037831,34.69696239573769,NORMAL
169.62523933491616,6.093346499117421,72.45882351903401,39.14409811343264,NORMAL
229.745893604919,8.838551713190546,58.0040720917199,38.82950020471609,HIGH_TEMPERATURE
164.86559073996568,5.429299499843826,56.549991160269336,33.78673350281786,NORMAL
161.79801178283884,5.190559272163582,65.40532077297311,7.848112552453812,LOW_FLOW
173.87335849193704,4.766517391269219,56.36808382389607,31.79980364696465,NORMAL
159.40855657137004,6.21261975171593,63.72306794072866,39.663079714996904,NORMAL
174.88798786210714,5.862619534752415,65.72147073359011,39.44073000247016,NORMAL
168.17616569606278,11.621045232007788,57.92421530257041,36.422710671160985,HIGH_PRESSURE
226.2880875372066,8.963231246274246,69.99521723753386,40.058471881415606,HIGH_TEMPERATURE
236.06249602708573,7.984126522368014,69.63382454878963,31.212160268823343,HIGH_TEMPERATURE
172.7418030942358,6.860459306438328,70.8150954041934,43.30744751605761,NORMAL
174.85500107431443,4.7466142863836716,64.87781882566838,45.239236210309606,NORMAL
169.99347417975625,7.3834721157818395,71.70193666513359,40.38478096317504,NORMAL
175.2707610146344,5.003387522157393,64.94386577956686,38.13611482688221,NORMAL
158.52780174749557,4.664357028808115,14.185631920268317,37.05993394990654,LOW_LEVEL
169.87009177779552,6.79199705935191,58.12247423293182,34.7446245656265,NORMAL
156.98099403387027,6.176584984802402,63.57563083481265,37.811507773636066,NORMAL
163.10380901568186,5.848030893157644,63.021258769705675,40.82106385884561,NORMAL
177.60066262086985,7.378458071775514,56.06736020807577,41.55841710463183,NORMAL
173.63299023459368,5.9568975867646525,70.2220831943787,41.408171678802994,NORMAL
166.6937102733648,6.126604397258382,64.27231703818664,42.942557661492444,NORMAL
158.75047179082395,6.841664681604429,60.086570128190715,35.67429588099775,NORMAL
158.95824464466384,6.763116223583463,54.979280582432,37.31401885048006,NORMAL
183.09631180315685,10.971925545628793,73.56777394115042,37.89404793143886,HIGH_PRESSURE
167.1513075814288,6.463818705297675,70.4311845241642,39.96448535947375,NORMAL
178.60634206742654,5.181999950100199,63.117380723274515,37.27532856514817,NORMAL
167.26854834768304,5.579385360166072,8.03957684834172,40.65212152888829,LOW_LEVEL
161.62757229001582,5.98213906125028,61.47063041905063,7.7074807982679605,LOW_FLOW
191.798927387799,12.389484871619691,64.417725106422,33.082337969666256,HIGH_PRESSURE
169.82349555004177,5.486817168102183,76.6309606815714,44.21762859410241,NORMAL
162.6434499627071,5.984408704955874,61.157926992554835,43.95054714000068,NORMAL
170.20072705230078,12.586386222761462,65.94182345934071,41.29408549147758,HIGH_PRESSURE
172.35538941317589,5.491471276829791,61.86037223496591,38.093172471088884,NORMAL
166.8754489318568,6.236674145054431,57.627859359989664,37.04842102290587,NORMAL
161.72280857305597,6.4281055555145645,63.51781996625984,42.01892294051262,NORMAL
161.42273874136043,5.546107312522116,70.78837580140363,41.444457952787644,NORMAL
170.14661435751236,6.049906229448206,69.35393798425967,38.22048544443037,NORMAL
164.6007568713063,5.755540190340086,56.20948706177643,41.698157258159355,NORMAL
158.4673991403554,6.323087742572895,63.796302294231495,38.699440989006355,NORMAL
165.11622305550054,6.667312486149947,62.34573196261379,43.69130284668688,NORMAL
164.3047672280372,6.755884905299776,6.148950928821881,37.223554450510164,LOW_LEVEL
162.45578052954343,6.338758737565731,61.71039099508354,41.003085578064166,NORMAL
163.95130679449818,5.239425481635996,70.10260986878167,42.77255216330558,NORMAL
157.55141209646317,5.249563759338425,67.11069294509122,31.800082211437786,NORMAL
232.20130614112466,7.93254620478866,64.50608489779633,36.520004766727055,HIGH_TEMPERATURE
235.75516656824928,8.575197731094148,65.7731392205433,37.61842303352965,HIGH_TEMPERATURE
168.57532771500536,5.986600685086341,16.150662391953713,35.5591108650938,LOW_LEVEL
177.33442963305112,11.610443504208936,64.18992183053382,39.17911021503285,HIGH_PRESSURE
165.5396365285429,6.038159230416759,60.5769027117433,40.43788284040933,NORMAL
171.40575297335724,6.0102712170183725,53.34093906481796,35.578452905100384,NORMAL
173.37852228859006,7.061217587184667,58.94248054446054,38.300947826476126,NORMAL
159.90707773518213,5.938428664313176,64.5068247803232,35.47583965107267,NORMAL
219.97545032782728,8.96207538460974,78.6026156371878,38.50177194050291,HIGH_TEMPERATURE
156.31141133910018,5.1399868488617075,74.92703180555762,34.00286912947066,NORMAL
166.63478149767164,6.570969239660377,60.514117792971255,31.411663082621295,NORMAL
172.69636308636092,6.046433654982105,57.09031786034049,7.936090770864954,LOW_FLOW
164.5730012445719,6.183652251022111,66.23301570991268,40.47197795400104,NORMAL
225.48369044001197,8.444245976977562,67.07400436822998,40.72054445124439,HIGH_TEMPERATURE
158.104141157493,6.457450925076959,63.14675039758135,36.11260684717402,NORMAL
159.0304419715436,5.644676787647073,67.54489317276153,28.0,NORMAL
169.68198025087085,5.84683925081609,68.36170924410811,39.65832844586262,NORMAL
159.06014469297594,6.994554069189501,18.0,40.79213703966351,LOW_LEVEL
169.71880197052218,6.9166362383267055,64.6072848791291,30.83854366362418,NORMAL
156.65951896298802,5.680065771174785,9.522493440939387,44.811772335249174,LOW_LEVEL
222.56140678837141,7.4685845379235385,65.68935960747596,34.666857121970615,HIGH_TEMPERATURE
155.54816745656944,7.56085658063648,64.89789110091888,33.670387084741854,NORMAL
164.65493128287275,6.075380423646479,68.94224275146188,43.590867131471924,NORMAL
160.02234043764224,7.202669997367876,68.54366775827967,37.66492170048757,NORMAL
173.46706509270143,6.578953162742344,58.16295964980196,5.797510624916816,LOW_FLOW
164.6827784188126,6.071034135041748,8.790482594516735,39.86658990832387,LOW_LEVEL
179.4079248055099,6.054824484217252,61.07434263622665,37.996622301810106,NORMAL
161.03588141506842,6.749705978874054,11.723320337984605,38.19970433329706,LOW_LEVEL
150.89272931284742,6.7840969356894005,65.33064237763924,4.453286248491673,LOW_FLOW
172.23934814955106,5.705891561074637,62.81755454347796,33.44419628783381,NORMAL
167.04725480083377,5.695529050604699,56.70974141582402,37.279807803804786,NORMAL
148.82042355165217,6.483172533808199,63.73890070870895,40.62408215009774,NORMAL
163.1067294027848,5.972292099519286,66.64520893905463,39.90061122519375,NORMAL
169.4156391704448,5.615646239055828,67.31528980211272,36.379217763930875,NORMAL
159.19084477850913,6.602062659986252,59.70529529462661,43.30504217477084,NORMAL
168.37749329149952,6.249168276176267,68.41808758275467,43.10005414322571,NORMAL
148.13848489908477,5.909868996989232,62.63222339345809,41.71291402886113,NORMAL
163.03777723246313,6.549634614710734,67.87243469572559,38.1114080461309,NORMAL
174.69396311459417,4.412593357587928,14.555740815239073,37.35225974095454,LOW_LEVEL
166.93997433016978,4.615904892242846,65.03739823214524,39.078297265698254,NORMAL
162.06656965079583,4.502696693499648,62.73399176988624,43.95980921507371,NORMAL
161.25618949340566,5.555336178214369,63.05955832449491,41.55840534489773,NORMAL
175.8541052597117,5.0749001514603185,56.38608439272831,42.162287492517805,NORMAL
177.85088920504575,6.771515947943677,68.55502459568213,35.11381490729102,NORMAL
168.88098047095664,6.106690823091129,62.35620950741999,36.62538012351546,NORMAL
168.59982673077238,5.84920141256018,69.55562922022176,37.132824685275295,NORMAL
216.5915507343867,7.8973747694869445,62.43459289515744,37.62122458793384,HIGH_TEMPERATURE
168.14583821587863,5.6544924240703525,55.57101322758214,39.30544756965581,NORMAL
157.7445041192328,6.444875193653807,64.24007867602603,34.52395114400347,NORMAL
166.18855960382592,11.08469155804684,68.57747817658233,36.24657879985801,HIGH_PRESSURE
163.44016091104172,5.705819471609836,64.17397439634239,36.751752080838756,NORMAL
182.93683458332083,10.607098061672643,68.19232808928521,37.5169943252384,HIGH_PRESSURE
163.35870648907164,5.990821998302331,66.37267418555525,36.826574574026345,NORMAL
174.08838946844344,6.16700327703533,62.10589139206587,39.316555368786794,NORMAL
166.22050009681976,5.371805495459997,69.10212814666355,36.83530312255239,NORMAL
222.09840499569216,7.372700685085082,64.14237199664119,40.61059698294959,HIGH_TEMPERATURE
171.27963430950334,6.318541899839247,62.427757475171475,37.77315093565973,NORMAL
154.0547264060347,6.07712640444695,64.60677865813814,42.08794322902173,NORMAL
185.0,6.057071195462043,70.46443778920454,38.79373173389149,NORMAL
184.57054287128258,6.132685592139915,65.83084559879384,32.19876032739374,NORMAL
172.80791959852672,6.220216501421801,68.74183691793733,37.01614373807608,NORMAL
156.54922829197233,6.497906279355555,61.57246603858985,35.62696952205909,NORMAL
172.16147985577348,4.4422457690314126,63.73330461373918,40.989317936488135,NORMAL
161.7060046585228,5.9532479248198324,65.27985126789379,36.722637091182236,NORMAL
173.9847570435323,5.018550272529161,73.97157932621283,35.148993854489845,NORMAL
161.052254326769,7.176214974184834,68.76360652430496,37.537799425318056,NORMAL
158.32119077782798,6.193691412323419,63.72024997698021,37.08729179380377,NORMAL
173.2095173448549,5.724070399818093,65.08289842603729,36.76828075527773,NORMAL
174.41962913303058,6.328354447412098,10.559935467974734,40.728159960421586,LOW_LEVEL
159.28900140770813,6.019778760057032,58.61498025724078,34.37547294295649,NORMAL
167.81047740790333,5.304559845635508,69.9508060005266,39.94381544324067,NORMAL
150.26092430375462,5.54955860364181,64.79329201822449,36.903544400856056,NORMAL
160.50813578573693,5.8569483944246015,66.98465164002808,41.63723129319332,NORMAL
159.62431214696124,6.623150745047374,71.70882283904767,9.574365422488071,LOW_FLOW
166.79437845745275,7.261149823042555,55.71654878405808,38.68702220313432,NORMAL
165.4876258830625,11.128549809968451,64.36939132044309,41.022364887899116,HIGH_PRESSURE
145.50899469402142,5.1920957450891505,68.23917336547784,43.09385263936776,NORMAL
169.30492349603142,5.4520862618818935,65.10128899673471,37.27994854454968,NORMAL
178.39950948637275,11.983368277785475,64.87038623960089,41.845382120370125,HIGH_PRESSURE
158.3008142093803,5.160343820709571,61.82166495251378,35.02072700207374,NORMAL
235.15730518611844,6.0,60.65308125772355,37.02753556703706,HIGH_TEMPERATURE
155.57768185839302,6.002003803148944,67.15637653659006,38.68992834507042,NORMAL
165.07641829005476,5.831650729062324,63.0844319306247,37.34180417085853,NORMAL
184.36332009797923,5.640583609065624,65.93008561217377,41.65420121014613,NORMAL
159.90803160121396,5.922704669644113,60.872809239056096,32.97192774778732,NORMAL
176.43625579654753,5.929916338144389,71.90046347439812,37.57679741960644,NORMAL
164.74232349645183,10.872605968777773,64.47601867440267,37.92599880047452,HIGH_PRESSURE
161.22765848433988,5.695980425467606,62.263140236067954,7.221445748808657,LOW_FLOW
170.99640431140918,5.80047836121459,67.3210529740969,35.66357827766291,NORMAL
157.58773511074278,6.387913039557521,62.02313785767543,31.098767083976192,NORMAL
167.62619169664825,6.7269981581886755,61.95880625490178,40.792230734196295,NORMAL
174.1036541552004,5.098826430819083,60.84909706100504,31.371133058487104,NORMAL
166.96757847516938,5.831510109128175,64.01915916541489,39.18237759766961,NORMAL
157.99618215954627,7.645429438758357,10.593952949828077,41.14908609608413,LOW_LEVEL
152.8899069868802,5.526234188740913,68.10231179822948,37.567878479826,NORMAL
169.72725058234684,7.003812799317666,62.56604641620812,38.81220113040548,NORMAL
163.68915822372068,6.425173998758825,14.552428162120064,34.464880163417654,LOW_LEVEL
156.8902610684768,7.181299084564494,69.18832933438988,33.836338084653136,NORMAL
148.67312919481984,7.51559981633597,67.9709377704614,38.190545530295005,NORMAL
148.97749009179336,4.830135930304286,65.04651461660237,39.20039233252711,NORMAL
161.15095223450223,5.788101666978118,8.149732571520044,35.30407984282403,LOW_LEVEL
165.448529918709,11.056644452784003,68.04061449581039,34.4001961125886,HIGH_PRESSURE
161.4828426714247,5.577104316882914,73.38527097053256,11.941927778822441,LOW_FLOW
159.0550367395644,7.687234142148386,74.41039866107864,40.837631266143866,NORMAL
170.7988373724496,4.805732141847569,64.00896290950168,39.35808269862306,NORMAL
179.38075617947453,4.726869561613257,59.530937466548956,43.86926531970373,NORMAL
195.0,11.581645608878235,59.61324521353276,34.97599249527645,HIGH_PRESSURE
165.6829710528207,5.566604769941065,72.35884627747767,38.026261844945,NORMAL
161.7509308362321,5.544495138470639,66.84787570196123,36.07207440059948,NORMAL
166.13135578672436,5.0724582570222525,59.50069443090043,36.7238617052244,NORMAL
175.8013604100961,6.414489005807365,61.25128629656352,40.93229150214901,NORMAL
185.0,6.762396028739353,58.59209745542297,36.72689040695703,NORMAL
155.9188479042927,6.369792490462394,11.452508139718267,41.36595738989121,LOW_LEVEL
154.00083353304015,6.167411079204067,61.25225043017374,37.483095935635454,NORMAL
169.38502703713758,5.519150050096798,71.54713150972756,35.58010666061845,NORMAL
177.07896546496252,5.931778612140589,66.92732672369381,35.22580190086703,NORMAL
160.94717843223037,6.5735842846053565,58.76952665059097,38.83311516947727,NORMAL
158.86830532641864,5.645980526796142,70.42176687333925,37.74854390351629,NORMAL
154.5854179822312,5.67348125174773,68.15400466712241,33.31396665401236,NORMAL
150.80030352286298,5.766812663881452,68.00860686302818,36.99307920454845,NORMAL
166.7495087738321,6.960671203900503,56.837404789987865,41.283212852747724,NORMAL
180.2588798221795,11.727283847117366,67.72129116298281,37.75071927144201,HIGH_PRESSURE
167.44995021917862,6.31485059860222,50.20201620869008,6.499530738682721,LOW_FLOW
165.44708706169112,4.91918766003713,14.599286954080945,31.91402671536028,LOW_LEVEL
164.89654684317236,5.865707813874318,65.7586251683948,6.827199105086313,LOW_FLOW
173.976612335956,10.576009331447613,64.1555602985926,39.38410494775106,HIGH_PRESSURE
162.946767068802,5.071555932365459,59.24345250296318,38.37972740682551,NORMAL
160.28094934756956,5.867363908309738,75.55922967740284,37.71315545250707,NORMAL
164.41425340812944,5.99010531855256,63.73367837243653,39.06696017982845,NORMAL
178.85143000825875,5.817711800499312,60.92034929370635,37.66655180548272,NORMAL
173.8029654455778,6.820067156429344,67.175026889017,31.964983281371392,NORMAL
171.42868015502881,5.520791417820502,61.170270299866544,38.73341181910672,NORMAL
154.6649418541465,7.449279026237435,60.24505440566938,41.34955185875142,NORMAL
173.79983720273668,5.735935028132609,58.67777327855368,41.06511083516034,NORMAL
153.14251682045744,6.544051575519289,62.32166364383967,38.515368845598864,NORMAL
171.50606142975712,5.65387620988578,63.862544101232466,37.393387373302694,NORMAL
164.10268879911533,6.389309805639363,62.42338385731078,38.54292858510143,NORMAL
159.76573378649957,6.226238317801095,60.20312635379055,37.38595700486654,NORMAL
158.64765166640916,5.871962446868604,61.95089780880689,32.0378704970795,NORMAL
172.42637593254787,5.343018816883537,55.895669927690165,37.10752685540243,NORMAL
167.8668212081123,5.674028692602137,65.99019580120367,40.39427208920335,NORMAL
169.9037230437968,7.200066224249621,61.13920955545547,35.46092039769926,NORMAL
166.08098761494466,5.171395070564302,74.05355831459188,36.07132055402178,NORMAL
172.50018337399806,6.227863161987488,68.809686182409,42.3971688170795,NORMAL
150.53484762503405,5.880514097646791,69.79135202002662,40.65743041872616,NORMAL
174.03585850358337,4.769021581689802,62.91429200692371,43.32604147920858,NORMAL
163.7514919934248,5.4134828838243365,66.86576236726206,36.56296366446032,NORMAL
160.9407953887966,6.034256874895678,65.30339548518533,39.80215855788217,NORMAL
168.50009798895897,5.889190578585192,66.35969876693045,34.854087951723756,NORMAL
161.70689342227033,6.281620773949631,69.83074015499339,38.68561500023424,NORMAL
230.9586106789482,7.87211009193237,70.79851509203289,37.84092357932916,HIGH_TEMPERATURE
172.3272203388481,6.265826531949088,58.859134777247334,38.201013025401444,NORMAL
166.87438688301518,6.079882299797029,54.746836148217305,37.37307260800096,NORMAL
229.6416898716197,7.506806799513828,64.24855560990507,37.95846381674193,HIGH_TEMPERATURE
164.27303256299228,6.642702357645483,62.02770812601342,40.97837697636315,NORMAL
170.0503058067083,6.103756167328435,64.04523618564247,35.435886492081316,NORMAL
171.72176130155358,5.495256519640845,71.30436252541752,41.477647107683666,NORMAL
170.33029826010517,6.056757179088101,65.15221961838516,35.525311705980066,NORMAL
166.58829304090148,5.995821311321893,69.92541696636236,8.550775906049825,LOW_FLOW
176.54489055046568,11.819171410167632,63.423600608310565,40.9928512312055,HIGH_PRESSURE
161.7172741483871,6.988535364833038,62.42152945527717,41.278947413317965,NORMAL
161.36407078204346,5.772301385478841,61.38996209979215,7.394661157473738,LOW_FLOW
230.34232143898797,7.433316369677116,69.34534568882354,34.41132222672019,HIGH_TEMPERATURE
226.6361552775963,6.977730938363231,67.00003368365543,36.85869899705163,HIGH_TEMPERATURE
167.05355599234468,7.028827756589512,64.08406450717216,29.616497826802973,NORMAL
229.81469073706933,6.840450718679275,66.2042477071727,34.062612063127865,HIGH_TEMPERATURE
151.83308419967048,6.0762530093063996,13.436192589851025,32.90552547690585,LOW_LEVEL
178.6996334083828,10.92903906122358,61.514420770724016,31.642047757571767,HIGH_PRESSURE
175.39477544442832,4.4668349265125205,71.86008586516539,34.337137165220696,NORMAL
167.61682066917027,11.466501343915862,70.17910534300883,39.957424593215045,HIGH_PRESSURE
163.6066035022304,6.648865292579433,59.12529955346937,44.102451980174244,NORMAL
168.19250322257867,6.380730516113856,65.09061117043518,7.933106643873892,LOW_FLOW
177.07805109549966,11.176361446838746,69.74633627863732,39.75489179139617,HIGH_PRESSURE
159.16160996048183,5.7209573960936915,63.3565354686921,7.566279706112001,LOW_FLOW
175.4762050921152,5.854279649903862,69.02048196082724,38.19806704152943,NORMAL
157.19232947108077,6.158811112608916,62.31481533333032,40.01834383909513,NORMAL
166.0394388333286,5.579732299758554,68.71750801214787,42.24059349753923,NORMAL
153.3790564860479,5.9150827688258705,13.149864531055911,42.65366670916064,LOW_LEVEL
165.1955897753583,6.521940024846394,64.56389657251404,40.604998451990696,NORMAL
163.96211037449197,6.821493640628922,72.61547458117523,36.68283697576261,NORMAL
169.85032924886966,4.6617293881739466,55.416391964966856,42.38355913241505,NORMAL
166.0518865344436,6.151873276530167,57.789535013450624,38.443302687452196,NORMAL
171.62019318971795,5.916764665942255,75.4695884777728,8.039955132696008,LOW_FLOW
170.91530137840758,6.356382298335678,62.20304170178407,38.217785141306024,NORMAL
172.7846434317217,6.984553132195646,63.37502678881708,7.55956934058781,LOW_FLOW
181.1059716383568,5.988745515831206,62.1531719815346,34.9269540042196,NORMAL
153.04475504144554,5.711826721362657,66.2409264204608,36.14844764974456,NORMAL
182.22774341736704,6.287715867279807,61.9818514467762,42.401276429425444,NORMAL
168.58250973378168,4.489709977988632,54.50739112546658,39.66721352252042,NORMAL
166.81018642365476,5.395466216056757,12.452720870778057,40.67118478925129,LOW_LEVEL
158.01184584525407,5.375669413814738,10.45169163219941,38.31941995485777,LOW_LEVEL
170.84619752910916,7.139497778085844,59.07264183176158,42.07158819275594,NORMAL
165.16958914809894,6.689677736481642,57.94830906959288,41.01552666910142,NORMAL
162.98418097434492,6.336215472056931,67.80804375374801,37.423946721978254,NORMAL
165.40858916847117,10.5,63.17310496943052,40.72163520375197,HIGH_PRESSURE
176.7962641180972,10.984277822118331,63.173035819583816,35.65611415459806,HIGH_PRESSURE
170.1871520899097,5.269259051074294,50.62592033438979,39.256683711425595,NORMAL
170.86111653172392,4.620140824168943,67.85985009623529,37.11288772851273,NORMAL
165.7807460868145,5.071059370346944,63.604788162182835,38.22581552935988,NORMAL
232.22276792625544,9.023873848276672,66.5328158330599,40.867550706018626,HIGH_TEMPERATURE
158.4866401441111,6.212742615557246,70.09049323739683,40.38176473701934,NORMAL
175.72203520761462,6.254828756779242,67.55512790203933,37.74129633599418,NORMAL
159.45195068342176,5.574729671331209,75.25153789489006,38.84215311496239,NORMAL
174.81832917313753,5.852129704272104,60.36572817648102,39.33435760053204,NORMAL
221.19708687830325,7.637006334179356,59.03463501631473,35.74663246983152,HIGH_TEMPERATURE
167.05193582754833,6.297964668845736,74.35319628422961,41.5583895243626,NORMAL
171.3319914566786,5.709473323851518,63.46155617280519,33.4542184762458,NORMAL
177.66263557418668,5.525561209489826,60.35937419221095,40.63447681707351,NORMAL
163.24270662449155,5.966738119460213,57.56296830773384,35.77903073266446,NORMAL
175.6316847234959,6.214975853807696,61.24600863353975,40.2440744230475,NORMAL
159.13835244014663,5.882710415163932,8.705457852319341,39.844182063156104,LOW_LEVEL
154.41129358878888,7.732792697718559,73.5398159670537,34.962500238351545,NORMAL
165.71148432711428,5.732101437163932,69.05999256392587,42.63094795215088,NORMAL
159.3035666705363,6.292726953110735,61.4525356545111,35.18701547195823,NORMAL
176.43829961976334,6.830809314233955,64.9671387601432,38.94391127171936,NORMAL
178.81267042571673,12.63530429404344,67.57451387576863,40.20445120018613,HIGH_PRESSURE
177.8599938555836,11.96892765685987,73.1574005722136,38.319615080090635,HIGH_PRESSURE
158.85461524393125,6.364460874681256,14.124770213530185,37.09172005341636,LOW_LEVEL
212.1585621214115,8.239013827976665,68.23954906570894,37.153442126829475,HIGH_TEMPERATURE
168.17387022738075,6.636251254914654,10.699245001982181,36.450371598162576,LOW_LEVEL
171.36194409659007,6.667243418443901,66.6387001664262,36.64387431091018,NORMAL
167.04154681404813,6.685950376788032,63.56001554500437,39.6436207083952,NORMAL
215.01592797136908,6.808096351463191,60.50497961793352,39.51333236677708,HIGH_TEMPERATURE
163.32472938368315,6.448625910979486,60.76987692233599,35.53486962150812,NORMAL
157.04531913203905,6.0987667675134976,64.71515439590695,36.366617329957286,NORMAL
166.75997347177412,5.770351263602081,60.99076504980005,39.947185641676676,NORMAL
185.0,5.310040681723324,69.83720230068953,35.10413014154196,NORMAL
168.75859938563974,6.082894225005565,72.13487081832182,38.126475672729605,NORMAL
185.86119306327532,11.62347610117325,63.40648365801264,38.833445246693785,HIGH_PRESSURE
177.60778443552545,6.282688661349924,60.113185753506784,4.403893974523678,LOW_FLOW
152.05289306820302,6.134716655301678,63.369050529396496,8.342973125619265,LOW_FLOW
168.64683469930026,10.5,71.75303889503415,37.68683340723258,HIGH_PRESSURE
166.6928778623604,4.712241507138275,55.277046880482196,39.279308120779675,NORMAL
168.66847308969736,4.90688206841143,54.434247762732326,41.963766799510864,NORMAL
165.9762346834986,11.323404102690152,65.85539931050882,37.24946827696172,HIGH_PRESSURE
168.42312352555933,6.3385909755259595,62.69445211210144,40.58345869096711,NORMAL
171.8102845987583,7.012272876960196,66.53501811812747,29.410400262292796,NORMAL
165.8115794452004,5.7351633758332685,75.77099116678468,37.09458935007291,NORMAL
151.7208969486425,5.4784084279385175,61.14083223676634,36.50103140574513,NORMAL
224.1546265962075,7.834785617378508,65.07422855248234,38.98694979821805,HIGH_TEMPERATURE
165.88714028744576,11.43528450078436,72.41226281126028,45.17040772964766,HIGH_PRESSURE
157.0171841340478,5.158936373856895,69.1027747013567,35.34889947542958,NORMAL
168.00086531003353,5.954703983563156,66.26403032647643,31.50774893123683,NORMAL
151.30821472215632,4.947941238926932,68.58500217357799,36.48958938231271,NORMAL
218.682881981701,7.620424216322505,60.451441974829514,42.351567200392815,HIGH_TEMPERATURE
176.81914931979736,7.0312570419476295,68.96200566195202,42.13718102970599,NORMAL
171.94962140185348,5.942051130211633,61.04996351781473,32.22661608851373,NORMAL
163.28962510520034,6.301828188227461,59.43758275888145,39.21056873458799,NORMAL
164.5112657628404,5.799027301198106,11.458530633982042,33.56826717686278,LOW_LEVEL
167.10199380117712,7.382740182491868,70.22254771635636,37.197994395860434,NORMAL
164.64003833885596,5.936539276983977,61.47242213983626,37.98163805815443,NORMAL
170.99378341760683,5.179988369781612,65.48694637585089,33.89577653673542,NORMAL
161.46515374165705,5.519732350081439,66.32169234189,39.34236770086837,NORMAL
154.23623121653685,5.794864157618682,66.44312880783227,40.58783965702662,NORMAL
164.37052322309853,6.472243593032004,14.368626683276615,37.296794361273065,LOW_LEVEL
174.59783824275337,4.851411437726942,69.46154243864773,40.84031695250223,NORMAL
175.1463428370784,4.8074185602041615,74.47551824122951,7.255417010739787,LOW_FLOW
169.912793416901,5.5040419592267575,64.25632704616396,41.188007418799096,NORMAL
178.8193462930248,5.333241902334546,57.5480681190797,35.520761171340794,NORMAL
161.34552015409068,6.556661153050599,70.75795853161823,36.58350063035888,NORMAL
153.34289669664355,4.526122505253711,66.40307438475867,40.68946587102165,NORMAL
174.98359988047545,5.66785613940105,67.6132740543221,41.853443730259094,NORMAL
172.74622683673184,6.024085247189869,66.9616687620718,38.298937300585976,NORMAL
224.92185642803994,8.569889371534552,67.02258844117381,36.80586369197482,HIGH_TEMPERATURE
163.37668812163562,5.361545042867144,74.2025795612129,36.692118565854564,NORMAL
164.18033352417348,5.645482058344103,13.69107830339179,27.843462014747917,LOW_LEVEL
168.3939850996415,5.396865643753064,60.83975511796356,42.45986011782306,NORMAL
167.59210019351983,6.772928367518785,62.84352261038125,42.606593445781904,NORMAL
163.2891551920487,6.416610604491799,67.93507002577186,40.981820130366785,NORMAL
176.30010455968804,7.082503727309236,65.79965788362948,31.932318859583543,NORMAL
149.72189675402976,5.448816924690429,60.90358946949842,39.067357133733324,NORMAL
170.06286331685845,5.733191284608299,63.514412131509545,42.34353566054084,NORMAL
154.24880870646933,6.6716822438513494,65.87026120021022,35.067007822184706,NORMAL
175.95023493905168,5.024913739144972,58.21194899444137,7.229710905554183,LOW_FLOW
168.25811114988375,6.859215907766059,63.15718224836884,33.68693218109933,NORMAL
158.2495201718022,6.157038318809943,66.13450507981398,38.74182265179657,NORMAL
156.14734004969696,7.646619728118672,74.60147452616094,28.69171761012778,NORMAL
225.02363973787664,8.43627631356666,64.18607039272472,46.36301016757721,HIGH_TEMPERATURE
168.4300515076929,5.245940487867669,59.08255894565569,31.23179337714119,NORMAL
167.0025863455237,7.063358573713017,61.84188440029025,33.23841859583789,NORMAL
184.0154553332806,11.873241692389879,54.80270060069977,40.48870883556468,HIGH_PRESSURE
165.73701326747286,6.660069029276764,67.98466615699867,43.91928360841616,NORMAL
169.18396262597864,5.371816399991215,68.64812995959262,36.92062523815656,NORMAL
181.28058642184854,5.557009581603518,68.95041356222858,39.92844972550106,NORMAL
179.73004491541525,6.454332290268979,64.91214119734167,38.83098042524104,NORMAL
233.51657596059133,8.009636820044424,64.88841336370535,37.71097216642718,HIGH_TEMPERATURE
168.58647764605104,6.531511835886804,63.56943409066731,34.081060298598835,NORMAL
182.58226926819074,11.518868347106734,66.7033089087986,36.57535026473272,HIGH_PRESSURE
175.56529324422533,5.9629289354358805,58.56132686549628,37.83071171241098,NORMAL
212.512957146292,8.547882245777398,70.27299802916936,38.78415477754094,HIGH_TEMPERATURE
152.30321359361406,5.130279058779814,68.7939811574908,36.537167882549305,NORMAL
170.34844274605388,6.142249633606284,66.99130127135048,30.531261454489616,NORMAL
169.06182761310603,5.924749891898492,58.9159843688245,39.60214681851188,NORMAL
154.01597586491567,5.980180665043413,66.71953781245064,40.84890587255913,NORMAL
169.2570349910515,6.407922508460669,65.52760967001443,37.51499703263916,NORMAL
166.75506001091085,5.944107545125982,64.48820133005123,41.57569953253653,NORMAL
163.90218638530996,5.5227419660390025,64.6698914743313,34.19402771765103,NORMAL
150.70633990905537,5.30467101129272,74.3116048662437,38.65673756466699,NORMAL
165.75346446585849,7.4521159763666205,60.28765711539218,33.21777477808751,NORMAL
156.2999830419084,5.685233422547455,77.39567287362668,43.8832846565592,NORMAL
165.3220520160037,5.134977815003833,59.41980642400121,37.40678831114566,NORMAL
172.10165005427132,6.802332564365404,58.30316711853727,38.807698670276366,NORMAL
179.30897169419487,12.116590340364748,54.96761655453764,34.86237157793172,HIGH_PRESSURE
165.1174411191177,6.086810723023923,66.17310082544827,40.08293908334046,NORMAL
174.68672041063385,11.579978221993896,64.95321669915757,38.485092174796335,HIGH_PRESSURE
185.0,6.464178666746012,65.0440619575343,41.495033561804526,NORMAL
162.2575885716668,12.650458549408443,67.02589683021444,35.82892563539068,HIGH_PRESSURE
162.10583618044663,5.496640164778077,70.60443831530566,39.44374586017724,NORMAL
169.29045222519457,12.799343961856339,66.5424521228421,36.469115756540695,HIGH_PRESSURE
164.89082566563764,6.607027269878409,65.90173873377684,35.97403730520605,NORMAL
154.05501722997357,6.623031152107099,64.71377664480532,41.610710138060476,NORMAL
161.2753057632912,6.61883944565821,64.70088659385843,38.51945858840754,NORMAL
155.0442256991914,5.594563510832571,65.9327402792699,38.028524272745955,NORMAL
224.32912666902138,7.79206076099627,65.90202072291915,40.04321923105192,HIGH_TEMPERATURE
173.78245093078343,6.640693464071885,9.451489283787422,40.458406717622395,LOW_LEVEL
212.86888567607704,8.06677008220099,70.46704817562517,35.38209110876687,HIGH_TEMPERATURE
166.87877189306556,5.272707603911767,58.42284633557745,5.340304958961328,LOW_FLOW
154.78386844023817,5.394235637715444,65.36441739855661,37.636064118825644,NORMAL
171.01906986170144,6.042683579703565,60.10713229567523,36.728874954947976,NORMAL
163.13719427107532,5.209400399516315,59.800779498071364,36.012148540023226,NORMAL
221.60722615599585,7.039119922524726,60.892351014798976,32.31804925650969,HIGH_TEMPERATURE
160.62396223324004,4.429404167682825,60.91949762617225,37.501638272511585,NORMAL
159.4303035873608,5.814659760366687,62.905117483415545,39.34424404092517,NORMAL
163.5773941976905,5.1856262271333415,74.14962014465222,37.20123755151162,NORMAL
162.78704982809046,6.03105858882369,56.035541456558335,4.6437864675089475,LOW_FLOW
163.6570074445895,6.007786312016813,59.121974958446614,39.56430814929251,NORMAL
167.64245849742036,5.689887115282075,56.969471551047555,37.18861477881722,NORMAL
163.64224162863698,5.9276981094730115,66.70308062337725,35.28985437448874,NORMAL
158.3793260741227,4.914824005800299,74.92347728645538,33.33005163728315,NORMAL
177.29886041518242,5.883863101429244,74.63698876996878,38.561083051353286,NORMAL
179.7160160225805,5.9318685033230425,65.55411762153456,40.09908148530951,NORMAL
158.1256602969341,5.706531540328711,61.465758124753506,38.26016412059459,NORMAL
167.19886803192955,6.248982141201729,16.458565107730134,39.7078344067785,LOW_LEVEL
162.62743237172234,6.750773355297136,60.79170184448202,37.79599113155325,NORMAL
183.84457074513287,10.998884079570043,56.80537314298539,38.89764863123012,HIGH_PRESSURE
171.45300406087748,10.81323665806861,63.87201819161309,41.300799227888305,HIGH_PRESSURE
162.09391481944957,5.554401470834115,80.0,38.68888608154234,NORMAL
167.62694378265232,5.462431196381894,69.98834556799012,41.333271633159086,NORMAL
166.81245542505314,7.726279668785823,69.60735587473765,5.26253887283865,LOW_FLOW
165.63158448209953,5.877399988253007,70.25835649327011,2.5592653098426412,LOW_FLOW
151.13432717432812,5.8189149145307,59.611859214502104,40.088646655490734,NORMAL
155.00752023457557,5.651265303595941,61.34081583848872,34.151283194643604,NORMAL
163.5123465825116,6.695719222434547,75.92512922289161,42.86659849701813,NORMAL
176.16873255395794,5.800953728376809,73.31831848477286,40.28237438918272,NORMAL
146.3970290010057,7.130801191225017,68.43196129620772,41.41587074853899,NORMAL
235.20195621665977,8.55166932522386,64.89154436753431,38.26854077243888,HIGH_TEMPERATURE
175.65989471402318,11.4402889984216,57.29530348724007,37.04266502034391,HIGH_PRESSURE
216.40069947991952,8.369993694319986,60.218448586606264,38.45338319596001,HIGH_TEMPERATURE
232.680618386971,8.946420547816091,66.48149763122977,34.716146099318756,HIGH_TEMPERATURE
165.20769690746803,6.356329378015444,68.23362188673535,40.48465819905688,NORMAL
222.3601802815972,7.906964237440964,60.027073039345446,37.983083921776064,HIGH_TEMPERATURE
156.06853313481386,11.399241365420043,59.71227642848681,38.18747455040044,HIGH_PRESSURE
156.74374203870738,5.670920020961788,64.48746644543658,36.215689359286074,NORMAL
157.44201913271147,5.721480345612628,12.319413928244495,38.40822387957018,LOW_LEVEL
163.32810614280314,10.991333818402952,62.4444755030371,42.25921331069589,HIGH_PRESSURE
152.4969252372812,5.647898241096872,73.84711453007301,38.89806017110963,NORMAL
224.65119411930604,9.91329819696455,72.79238902445161,35.42400253744994,HIGH_TEMPERATURE
165.00216083270544,6.0293993610008645,60.07988098648091,35.942588879302534,NORMAL
171.9947394275711,6.0593483004805675,71.47080161958577,36.13229524623202,NORMAL
170.24494448937105,5.992395377311263,56.53450504857303,36.200016839899085,NORMAL
161.42907875977252,5.896255739525007,58.20877463552731,39.29197695598515,NORMAL
169.19350274250218,5.815146821005697,65.39015362760043,42.12415697148688,NORMAL
166.21271875855618,6.052507995642188,66.43910504159444,38.71460007435377,NORMAL
160.9971113808248,7.007960197370463,68.91095351980664,39.098050762305746,NORMAL
165.88682081658504,6.118110851524098,18.0,34.666885057323086,LOW_LEVEL
157.15130273506978,5.887944021645386,66.77157409696643,39.16955521860667,NORMAL
158.3855271568554,5.953871373533781,67.89669135210444,38.25659768568327,NORMAL
176.8489796444678,6.069896701548193,73.9390706468349,6.516817504511907,LOW_FLOW
159.79386369665585,5.604186520795776,57.51323892898825,6.12083226162171,LOW_FLOW
164.06986683751708,5.994249513708457,68.92315606691697,42.550240299967854,NORMAL
155.12149530470816,4.851485772799223,67.09056048146539,33.280651819816526,NORMAL
177.1309491738027,5.777255469507191,72.43891798582672,33.60086463376559,NORMAL
168.58659252778529,5.515539690360141,68.67170144235968,37.88896813853577,NORMAL
183.2194435884488,7.077896040571171,53.220179892644104,39.21970735730604,NORMAL
163.0339079998968,5.753796586934841,61.93837055348151,38.79357572032476,NORMAL
168.6186716051451,6.11651419076376,54.37920666240582,32.33388611253371,NORMAL
169.7096262257212,6.0124256805450225,65.44980205774104,35.032186801695765,NORMAL
165.72640018888038,6.376270879735761,73.99498888422374,36.220252422854855,NORMAL
178.34310088895614,6.543989921492869,63.12628056846828,40.73118415945427,NORMAL
158.489818174017,5.963095036797104,75.43857018147577,36.14877543806588,NORMAL
172.50433432100584,12.144704609703993,72.12502780149886,37.85020131095223,HIGH_PRESSURE
165.93348647312584,4.511031719468897,63.218134717167906,39.195831690405235,NORMAL
160.80468085623164,7.258734686984959,58.95629147619672,39.031716081708474,NORMAL
172.7680506876735,5.575669136656106,63.1973495128538,38.41013728623068,NORMAL
164.71511411047928,7.335345179309418,72.93041495860601,34.6984170155196,NORMAL
228.32878940706826,8.102079386213804,64.56881087649853,38.81740122767357,HIGH_TEMPERATURE
174.53574394867843,11.005783897975862,67.39744396612022,37.25773053321947,HIGH_PRESSURE
164.85267894768305,4.610936889984015,12.230991451114813,37.95119924637131,LOW_LEVEL
167.04787922104276,4.092467771121231,57.31401852248293,7.541040434396277,LOW_FLOW
183.1839346078351,4.180325851140833,66.20855611191602,41.73002450892082,NORMAL
219.46189096927102,7.998546910855816,75.07120896558085,38.89444944307941,HIGH_TEMPERATURE
154.74969820837552,5.663309111619054,69.86024791279213,5.22810922511841,LOW_FLOW
151.13359164281536,6.1734495411928165,60.12265880814864,42.32762152727362,NORMAL
178.52085193690655,11.245057893295357,59.67315856287988,37.061480749144444,HIGH_PRESSURE
231.8487930933495,7.050789810464194,61.79996401793842,35.03712589832297,HIGH_TEMPERATURE
164.4398971294976,5.678085528984084,63.794490470149256,35.44098280171973,NORMAL
169.2584734844268,5.915461996328196,63.539518184892735,36.21347204265539,NORMAL
171.4488017344011,5.22806752591285,64.0647961335891,38.446828374138214,NORMAL
169.68977865087422,5.847236588816978,67.10006381836082,41.83149001206436,NORMAL
158.9014123357788,6.543595886198103,62.29077955310062,37.95932248143731,NORMAL
164.83434908715012,6.443240304296517,67.86069129948254,36.76516081366446,NORMAL
166.4426827253113,6.161856946506164,69.14521532510943,39.57391436049496,NORMAL
180.01475689025335,5.807283551346562,58.70026649473678,38.778691784660126,NORMAL
173.3684180083832,6.597970089722944,64.3973665277114,38.339505974880204,NORMAL
169.41382615235025,5.765450216026228,63.370800015618,37.443136397184574,NORMAL
171.76900196724483,6.330213512195095,68.57139618846732,40.518201187939844,NORMAL
152.43413596581655,5.593456173360196,10.75055110313454,36.19549781106945,LOW_LEVEL
179.21375877694098,6.310720641221708,61.93397530050335,37.726809128817635,NORMAL
157.13267217072774,7.075134934469842,66.12823462855594,36.49170748981687,NORMAL
155.31957720248772,7.428345390027176,61.95140038326681,39.02245996447225,NORMAL
165.27689499348205,7.068412239990508,74.71320953213016,38.994278536600106,NORMAL
174.93310515329316,11.311778450845255,61.111469365845146,37.654978538891804,HIGH_PRESSURE
168.57964366576104,6.369519460374823,10.744221502274454,39.83038512757072,LOW_LEVEL
165.85958962157852,4.912144825285566,59.340377746771395,38.620991062669006,NORMAL
157.32457797486506,6.987817021904493,74.41436838232889,34.118185153501265,NORMAL
167.3190838073472,5.797584921112572,68.0290540056856,40.21872532462677,NORMAL
166.66919665498696,6.737996384364994,72.75985322538493,38.9648054204491,NORMAL
164.07357192022587,6.774194592589573,61.53492837767573,36.94382531140449,NORMAL
166.2675844039979,6.613018674632664,58.73855880551595,38.411746930047656,NORMAL
157.1351845787338,6.755184439981958,66.21031540689869,37.31275756386216,NORMAL
162.6583666846281,5.979498533608554,58.19173890247802,35.232839622246,NORMAL
168.92545338211167,5.046894144402982,62.30968530995919,2.8629068676486,LOW_FLOW
172.89797882386728,5.405251275404881,58.755906371590925,37.161597594681886,NORMAL
228.43465541749103,8.658854706719884,59.3618082341323,38.44041577573401,HIGH_TEMPERATURE
178.82958115524474,7.196674230938388,74.24390953877021,38.25614767911144,NORMAL
163.93538846390987,6.8414190987793315,67.59862248016955,42.20407722990899,NORMAL
165.5994166285298,6.447382441123345,65.4436020685883,38.66444274303441,NORMAL
167.1638830888816,6.274579953949804,64.07763107463641,35.72359544143295,NORMAL
146.14010032810148,6.308424144500982,62.32320598364533,36.12214513317207,NORMAL
161.3873880376481,5.502905905158163,70.27493573989707,5.650971321508283,LOW_FLOW
159.36941458180456,4.0,62.78043999053208,10.282371463258404,LOW_FLOW
164.17870327167495,4.105563729405942,63.02662547430531,34.209684260348354,NORMAL
156.88744645691776,5.493289141620916,60.175141709561665,33.81912269555058,NORMAL
158.19980665830164,5.1969184037297955,66.22275231494082,40.5058042388898,NORMAL
140.61893947717797,5.410262570201891,65.48498088569116,42.26776538119344,NORMAL
164.60322358257423,11.370852273198414,67.09394704534517,36.1519798938897,HIGH_PRESSURE
146.28201507434082,5.133591934191905,68.13982707196688,38.69429999211308,NORMAL
178.43808968005843,11.462545930511771,72.67267047046683,34.57814804601439,HIGH_PRESSURE
170.5935738535591,4.697027171345285,71.27009617666393,35.94379322492811,NORMAL
158.38925458536875,5.654630172026753,63.814870765295154,43.07946526780141,NORMAL
177.74837433753643,6.676404245084955,8.69119902364424,39.89399181712317,LOW_LEVEL
169.82405482741342,6.433382589509627,71.62141596034994,37.904619559474355,NORMAL
162.0246833494297,5.9705397638545294,59.32529983098617,37.09452146645244,NORMAL
162.37179821501684,6.834085568855102,62.013274930350086,39.64944134111396,NORMAL
171.67620437895246,5.283935050273501,64.07961059626341,40.01851553779016,NORMAL
154.12898203261588,5.295630845230141,65.43221569184092,35.61779389460512,NORMAL
159.51740956599,6.315378285317736,12.159953033584262,41.56036753709669,LOW_LEVEL
153.01511726681562,6.289094988120928,61.1131821930314,42.105198026151214,NORMAL
168.90934819573846,4.8919312061944344,56.09623902314019,35.214143550935454,NORMAL
227.34939583304677,7.838702961420572,70.65196068525164,37.34336465277054,HIGH_TEMPERATURE
167.55520211032984,5.879234609811211,71.98505192522299,38.40774320692269,NORMAL
167.2645487040799,6.054348403569019,70.8142815165817,37.84241789383048,NORMAL
164.32941982798428,4.365923035974361,64.40618887566295,38.39326564156172,NORMAL
164.3730157749939,6.149736306646264,59.19217433381154,37.19085309117532,NORMAL
157.98511377465928,6.59420657522455,62.68726879154087,41.78907373034307,NORMAL
172.15370662810727,5.6375399981114205,56.85128726855457,41.327380068945345,NORMAL
180.303638461854,7.089211428864984,59.226596682475346,36.01194793414231,NORMAL
162.30534425887527,6.745129322573425,70.66515409360822,36.560699360918825,NORMAL
155.51852335574145,6.140494800713121,62.68771030982791,35.09828160736714,NORMAL
161.70130502236216,5.604844984070419,65.26467037026771,40.65243960444632,NORMAL
166.73784955848419,5.292277119307721,65.77523128152487,35.13059800158869,NORMAL
164.65853523018018,6.876022496426438,65.73133459749931,37.1317686890055,NORMAL
179.2583503416377,6.264282797496097,73.0209106007305,37.6817996979834,NORMAL
161.9907514301592,5.131018335362902,74.9968863268505,41.66086257375295,NORMAL
165.30864898384735,6.830823941219356,76.09070697356063,43.915795555908204,NORMAL
162.8583133836202,6.853909576905267,73.97127801704382,32.21988393517781,NORMAL
181.0242412793973,10.958286544695865,55.63184125887817,39.430523338069555,HIGH_PRESSURE
165.63724653907943,5.33175877359254,66.15914852921631,9.663373603074287,LOW_FLOW
151.82002960762048,5.808831901230818,64.51086783981951,39.79601278961593,NORMAL
157.23531480848754,5.8024646275983205,69.4781952250321,7.838018622414149,LOW_FLOW
155.59039746685255,6.618649472883373,69.8508881590435,36.621482055556335,NORMAL
164.6819021485746,6.082364223293782,69.78659187456316,42.34855692287193,NORMAL
173.37532016571333,6.48169017394068,59.64570037090495,9.52985986896081,LOW_FLOW
168.12363945643105,5.312619386069044,71.40064634485805,37.609497619409794,NORMAL
161.42341926505708,6.1024026822759625,58.05748265972314,35.67591428075539,NORMAL
169.02920230019242,6.646145291313655,59.764268168553585,29.690349144546296,NORMAL
160.94315775657407,6.513956449318296,62.44817422471477,39.01423697214974,NORMAL
161.29244309099684,5.740475882042056,63.02874197408303,37.87827988148732,NORMAL
171.68827339141833,7.374985245702304,68.96304697656636,6.807788338730441,LOW_FLOW
166.20737221445196,5.116127841587175,64.30298625230567,38.569961240081426,NORMAL
167.51055216085697,6.462471039101575,56.873654241944465,41.6861241919227,NORMAL
222.03388891257845,7.990226496817722,68.38984277684919,40.959090475159286,HIGH_TEMPERATURE
174.13184614482574,5.4043397433319,68.95382753282306,35.46582145302975,NORMAL
157.58325735707348,4.8694570556205035,15.13582447549669,38.72776976372921,LOW_LEVEL
157.47575827599027,6.777107881117874,63.42255759040651,39.35047195685254,NORMAL
147.43853002782234,6.552661254148369,69.82546006062957,39.61267664661492,NORMAL
164.99549522301632,5.46871059520483,57.37586008358039,37.33338342448734,NORMAL
161.41549812686202,6.496166660725485,61.152325100796496,32.43119750370407,NORMAL
156.0613791835898,6.644290148838428,68.47678350488894,40.786007298081344,NORMAL
170.31433841644508,5.712843904067337,55.22360834464752,37.14176796981067,NORMAL
231.41908123944404,6.787781216244749,63.2558960611136,37.8827656828515,HIGH_TEMPERATURE
176.6361443276723,5.873905758917704,50.0,38.41467142146282,NORMAL
163.6778562398205,6.597822442864631,63.716862322728915,33.91252340684753,NORMAL
156.75426374454128,7.214551773759993,64.10836221602007,45.03773474826277,NORMAL
167.24938532514784,4.9630689574749045,56.889151818947596,36.93200665846334,NORMAL
166.98729538653512,6.513669387750361,73.10565321403075,6.922931800076849,LOW_FLOW
152.14994545363695,6.487843063717073,63.4407682658285,36.930903481338134,NORMAL
171.35945802332503,5.765472684085277,64.67509509504761,41.88864704461658,NORMAL
168.5308695402396,6.331337923583115,55.823591012819435,39.21739626146429,NORMAL
171.68088996731663,5.642679493080065,56.80610171717374,34.27564411234302,NORMAL
161.44878690864996,6.005857077279517,69.0797857967433,40.17749658131511,NORMAL
175.1603434714154,4.735217948492043,64.24921481254343,37.06809618748506,NORMAL
173.69060733498426,6.088950863700656,56.90248453435727,35.02201202831528,NORMAL
150.14551678447867,4.918514098831877,69.43075476491636,37.67729923461714,NORMAL
160.05380732238038,6.165670207821207,66.6442102623274,9.143629176902616,LOW_FLOW
157.35750792944154,7.43780020193029,64.87114602187239,38.424141716676786,NORMAL
170.4129164142122,6.4944750661776345,66.02937053291302,38.962157182177386,NORMAL
180.8405374192416,10.941932108995037,67.97074023202967,40.94448581015236,HIGH_PRESSURE
166.9332777585667,6.202186846161563,67.21520587127954,37.61024846006298,NORMAL
170.52388283254214,6.027331559895192,52.44535567476431,38.72890903394254,NORMAL
163.28956353527607,6.021172595399167,66.3919923293641,35.74262118754106,NORMAL
182.8341888844478,6.9522378173325174,55.17250813997325,36.48260373265718,NORMAL
152.67412402988734,6.011733720083363,57.193317032488636,36.68459911493604,NORMAL
169.64316771886882,5.866606379880099,65.87642604321962,32.79376952250427,NORMAL
169.5195252283745,7.01865987747462,59.481795961385195,44.404592249075115,NORMAL
183.57739334231954,12.555818837572378,66.31176515161089,33.51029766517295,HIGH_PRESSURE
166.75522135803124,5.068487294197464,73.01104880682986,42.60442797379547,NORMAL
173.34355937810076,5.9146060033586645,13.619972494481438,37.4621159910656,LOW_LEVEL
166.25638853956275,5.087188619940455,67.25122508518774,39.088544739869675,NORMAL
185.0,6.196706478840769,54.24619065153716,38.18995041864587,NORMAL
171.17226607809536,5.834613488478299,62.745243699882835,40.51723140939321,NORMAL
167.37106416093403,5.441068387061023,72.0829436474721,37.75009840730649,NORMAL
181.61584423243002,5.279278183580654,63.833658957737164,37.883842080568805,NORMAL
156.5334197691381,5.6102478368788145,12.73407500518055,37.49162976928156,LOW_LEVEL
211.60740105475824,8.167125409043324,58.48543563176087,32.211200300299815,HIGH_TEMPERATURE
159.8760794251566,7.206162926340757,58.10849131973459,39.832384327660485,NORMAL
160.8909099142807,6.962129851193291,65.36610605233497,39.307257330752236,NORMAL
162.44714722391282,5.606342131953767,61.211016467983285,35.315819433115614,NORMAL
162.86882339845994,7.041017035420734,66.43648422041284,36.417377449765915,NORMAL
169.66372174325863,5.914268087224147,72.42390448228817,6.030313116676526,LOW_FLOW
170.7428972395644,6.655501420623565,6.964481850194506,33.59794167276545,LOW_LEVEL
166.52418531391092,5.416941302114252,64.43963744684042,5.958268049980459,LOW_FLOW
157.09098280452315,5.694243107924519,66.21642732652697,33.332453939533394,NORMAL
159.679506237107,8.0,75.07195116600978,38.018971969450114,NORMAL
163.38333403688478,7.324518181279724,66.1994474005908,37.05041664457812,NORMAL
148.22039233911886,5.852419200650683,61.18954908341616,33.929866372067856,NORMAL
158.97686466217104,5.877549082597312,52.84325721044694,40.122679257637955,NORMAL
181.48056115690446,7.322479580425118,61.334878138164136,5.7130108762202765,LOW_FLOW
178.48564101508083,11.104437452746712,66.94423077491788,34.88001693816492,HIGH_PRESSURE
169.0438889170027,5.44728133708794,70.6064377227084,7.231401915500955,LOW_FLOW
162.42771372276857,5.8890413266034685,67.104710119526,37.349457544799684,NORMAL
158.65979335633668,5.833621453116304,63.48654884024819,38.233264589047884,NORMAL
169.19160763354137,5.791464180000283,66.56186643460038,36.738660687777625,NORMAL
216.20328669269577,9.701795458402161,72.9289922705536,38.022128034754715,HIGH_TEMPERATURE
179.6516722548784,5.685375697692114,64.94612899900068,10.235610280954921,LOW_FLOW
229.36277761303205,8.373095672415378,66.71059261679262,38.722533532979945,HIGH_TEMPERATURE
153.03471799299706,5.009214464173914,69.33136455973256,42.136813491933665,NORMAL
156.9356170330078,5.874232758203548,63.06815020130309,37.40798139926809,NORMAL
160.0916595256868,5.747799718269332,66.65238039821631,39.965200585323856,NORMAL
161.4345635515743,5.615583899191333,65.07641189574413,46.46633535157868,NORMAL
158.52437016722138,6.1760405717124724,61.34032492060869,41.22317632538484,NORMAL
165.28847941438235,5.5493710703173855,62.32195542370452,40.40452862519993,NORMAL
173.09328330965317,4.850741166514239,66.20188167776725,41.008570924324964,NORMAL
162.6527752714882,6.140398396996795,63.94109183182931,39.850877531798105,NORMAL
176.80759238442806,5.979118243338816,65.71685085039752,45.79708443437166,NORMAL
180.6081004810104,7.230436526676575,66.35139783617696,37.65179876226294,NORMAL
157.7806152416599,5.814959411914031,69.77999302820061,39.84832332049111,NORMAL
161.36013215727377,5.697628437042258,62.76484521186437,40.254749567436,NORMAL
170.55736489302726,6.585845949936888,64.61817750284142,43.037037343691075,NORMAL
169.619220620154,5.901801348581581,65.40684971976867,37.251776279614226,NORMAL
151.08947629983254,5.718022730222428,64.21361678434693,36.70754553786785,NORMAL
160.2447971824101,5.875153995842369,59.45176202995602,35.78356424058005,NORMAL
171.32314781572939,5.789919434910491,55.87073117083424,37.877886947189474,NORMAL
159.9462503904083,5.7159465373187475,68.29236011557767,7.862383410745748,LOW_FLOW
172.5811968787864,5.7464662061615135,72.78052119192766,38.611238686928395,NORMAL
165.4496452247132,6.892835290042157,73.63979728977056,35.341579089681304,NORMAL
167.41576594015416,5.599985300350215,70.65019973144734,38.66049978713649,NORMAL
180.93799363196004,10.5,64.27615808120422,40.58563291906952,HIGH_PRESSURE
177.9521388049244,5.891791161191633,60.145244187896864,3.4949726172547444,LOW_FLOW
165.93174732041138,5.640013918115742,62.513216348122825,39.74999889007297,NORMAL
158.45383968865235,5.596181923466589,65.66511460263831,41.163783312945725,NORMAL
166.7689562420615,6.955805486646291,75.19891769162511,8.4643064463822,LOW_FLOW
159.36672049940387,6.138890902435155,69.22902661872537,38.63747365080195,NORMAL
162.14988823150858,6.729648721920779,63.94529636722847,40.273903144053534,NORMAL
171.493885679972,6.389367394481296,55.36028461020718,38.24064811906689,NORMAL
168.15679537096432,5.410312277462254,57.84631371199729,37.22585802028728,NORMAL
173.54827703139037,6.594112227767043,59.50809555061953,8.878929970013047,LOW_FLOW
172.49120333611717,6.392722957913586,57.6948284140504,37.95519604166759,NORMAL
176.34305827860314,11.655434482735618,69.89919890723995,37.74185279978993,HIGH_PRESSURE
174.51697604230114,4.6356730017574534,60.42980953713312,35.70957887686796,NORMAL
166.4163947800793,6.599080858674193,65.7239394380212,38.5110093748589,NORMAL
165.8013571039478,5.2235186608668425,66.05313863625804,42.25015292657242,NORMAL
172.8392572179368,11.536943330592038,66.76686511709603,37.12325886889329,HIGH_PRESSURE
169.04708051628288,6.7502969100584105,62.49653988075305,36.69672812476947,NORMAL
181.95527886212844,12.164384727699987,69.66060912240334,34.96577382643477,HIGH_PRESSURE
156.87536735033967,5.773702181038546,67.18318788843244,42.398216854628714,NORMAL
165.90998522788914,5.678269439748252,54.582214226969796,37.509725452504405,NORMAL
150.7061872492407,5.516926564363507,68.04889816986339,40.986979859143595,NORMAL
163.6301380472614,6.966441770244632,72.86358387868495,37.55637594666846,NORMAL
168.21672565768375,5.503188075855555,13.762728031173815,38.3807507381244,LOW_LEVEL
175.43464106128383,5.457804523923993,56.311244282592625,35.48732906592437,NORMAL
165.11908700166077,5.742304426274303,64.94164743335416,41.60340684570874,NORMAL
159.56816548518415,5.524925636672815,64.61757114526564,33.75525203357535,NORMAL
168.2824200205648,12.039358208452851,67.0049768950418,35.664709468484226,HIGH_PRESSURE
159.8577314428742,6.334214722887223,70.7340651581788,36.71892000673648,NORMAL
211.19181142587848,7.291357942142661,77.2883433441523,36.99041967836742,HIGH_TEMPERATURE
165.7567402636616,6.231271428959187,66.94243466399585,36.840314879400054,NORMAL
156.62170282892953,6.241371954522852,65.04985192630612,35.22057512968619,NORMAL
155.04635296911306,5.895045079672704,63.20396654173928,32.70375608476991,NORMAL
152.28346005352824,5.2557959028912045,70.20163116109893,41.90597805422337,NORMAL
164.77614034775826,6.81075586815717,59.113914433632885,31.577349888091156,NORMAL
160.61323569707986,6.8882615990031875,60.720580398318326,34.907705216594806,NORMAL
161.95653791214392,6.503049564717478,64.54877207255205,37.80211135031062,NORMAL
165.68279387542833,5.627140342934102,18.0,38.173213234567,LOW_LEVEL
163.89694248846212,6.324212609789096,64.1938780514798,37.12786696548559,NORMAL
226.03376440547248,9.06117060010033,66.44340072404727,36.39147434706384,HIGH_TEMPERATURE
165.31130565521167,6.2872580918700764,70.63701363532289,35.603999287678896,NORMAL
173.5477724479123,5.996620139406373,61.8315600793067,35.717259560577446,NORMAL
169.06927634414478,5.561666741611993,56.62079113705119,37.86697514440012,NORMAL
152.25764592222777,6.203035064164629,72.71240933422075,41.98276641484899,NORMAL
157.28979850212488,5.984302984211154,63.64037124880651,41.48623921397229,NORMAL
172.28990435655157,6.816748213533167,67.25526341021813,36.4701535598658,NORMAL
158.4964712375174,4.8227359703606245,65.5388104433816,36.54332865091295,NORMAL
165.86304355474425,6.857613018569899,57.16471775158809,37.50934101462174,NORMAL
158.61693789105203,5.829069156628832,60.602339933423266,41.31928041790555,NORMAL
152.60594258924604,6.313931667051262,69.69725652989655,39.96693442935065,NORMAL
173.360517326169,6.494541429057995,61.43427749477116,37.07159044443098,NORMAL
166.43420507965052,5.004159945875176,63.166474089274615,33.147064487447324,NORMAL
162.9086303426157,5.997719174735708,62.35564781214925,35.93584551441729,NORMAL
162.90097495431866,6.218137328972219,64.6900109531548,38.95267704047933,NORMAL
161.97754773793383,6.752944780895203,61.92443245537332,37.838965684288944,NORMAL
164.44689652219088,5.818891529528794,53.31049249426014,37.04609869618886,NORMAL
168.97705035647544,6.193658633675825,8.571908864956885,33.884474029447745,LOW_LEVEL
220.78025775876853,10.006066636954314,65.1333227727814,39.3175039992804,HIGH_TEMPERATURE
151.5413881456718,4.650735204998277,64.50453175453754,38.05965412958807,NORMAL
163.85515617658194,6.355408967437126,13.069690687161064,34.0069025194871,LOW_LEVEL
164.24703148345745,6.792933614274656,71.15626439678006,41.64215102191426,NORMAL
162.54298341531373,5.458834553391444,65.72999379282076,40.26877384715016,NORMAL
162.5975339341095,4.957750733245246,60.67520252958293,33.529140230264304,NORMAL
162.5433342533234,6.114903152053497,60.376328812499466,38.836306323822406,NORMAL
168.47207858760086,5.496569172825941,58.7962202795124,38.331343211435836,NORMAL
169.75752169096148,6.563671240809615,67.4083753113786,35.30969699894429,NORMAL
161.61951213761003,5.6203259433721975,63.56530782398231,34.5405715685863,NORMAL
158.52410944885787,5.607789456171295,58.12406291445865,36.411442890296584,NORMAL
153.4897989820784,6.668160392621985,63.35325470381692,40.680671064074964,NORMAL
162.0004424812069,6.375772219618507,61.61319082146903,34.6123517458897,NORMAL
164.42707904107007,7.529884978628894,61.521254305265735,7.499244805970752,LOW_FLOW
182.8378547312764,6.051047424201993,66.76056033357582,40.27062074340338,NORMAL
157.59203142115638,5.844262632953405,16.47597999224583,35.86486117692131,LOW_LEVEL
174.50909615165563,5.597575307011979,64.95228086388894,6.765797695776058,LOW_FLOW
174.00035137366422,6.174419350901726,73.46455022563856,33.86079296291356,NORMAL
175.84827443827783,7.72664982544417,64.12225158071438,4.03346070861703,LOW_FLOW
164.73538907992724,6.203863131218926,12.466673192303926,41.76850475373006,LOW_LEVEL
162.6382663430347,6.40093593989327,66.8545127238911,40.504308856184316,NORMAL
222.05412413030984,8.642110167064233,63.06094226108351,37.61674753203835,HIGH_TEMPERATURE
173.08050957491943,5.610084183452371,61.649346293363564,32.64421459332304,NORMAL
172.1495267546058,7.36006658494785,68.33263120265795,2.3221256387023352,LOW_FLOW
167.95764740511305,5.518534738092686,64.91472088054758,38.40956534785529,NORMAL
175.9502770552285,6.013203292707466,71.10191345013469,38.87276569496576,NORMAL
169.43464003705913,5.081599989795547,62.312286157185255,42.8087146785269,NORMAL
163.44777488439294,6.08389522276461,65.06682788578415,7.414403396607018,LOW_FLOW
152.75427794194636,7.048894192955226,64.32364971716875,38.6810006034945,NORMAL
229.05041284614975,8.404151578334666,74.25543332204434,40.65770750719251,HIGH_TEMPERATURE
169.80767427759918,6.595341042241336,71.36033943338603,35.99896244690941,NORMAL
173.1670625680198,5.358635499244892,56.87546341650716,36.56056734392451,NORMAL
169.89160063016718,6.004653741062355,7.461092108996791,41.02086944406953,LOW_LEVEL
170.2019920446269,5.944557171308392,53.583278276877365,32.887193383900104,NORMAL
162.7209274689394,6.952631111233937,64.33844968532783,38.07045100004682,NORMAL
165.42524278062294,6.518449896890152,61.958679892280806,42.233359085490896,NORMAL
155.55524528197208,5.608935041069527,64.75993824124136,37.6754779347599,NORMAL
169.69807333442233,5.616288612609408,69.15473339683308,40.8575016187762,NORMAL
159.95230722294295,6.411542562139536,65.1988047963815,38.459203923655316,NORMAL
184.3889718525094,10.5,55.55361612576405,39.696533364963415,HIGH_PRESSURE
174.185658241588,6.863792327367213,11.561702481328403,37.38743076548907,LOW_LEVEL
170.1805928244935,6.397533019446174,71.41889449032735,38.90635197540686,NORMAL
171.61125847914607,5.400719369078576,71.11188131333064,40.17908855286051,NORMAL
173.63452525145698,7.406085548202874,63.13172360806633,35.186471483924805,NORMAL
175.80500096762125,6.777273680650224,64.82974650268615,35.73231903982329,NORMAL
169.9298831724265,5.794293171768489,64.80697952061554,32.95061476086118,NORMAL
177.88892918799698,5.305227034751967,65.30382548822206,37.91105903323588,NORMAL
152.5120400885304,5.036809316420466,58.52176994664955,7.820985855046251,LOW_FLOW
168.00205982533387,6.371822110578699,71.79897905652372,40.40263771913912,NORMAL
175.3494033233454,10.888681154462946,73.70479223190486,36.712168294063254,HIGH_PRESSURE
162.97822149941553,5.275498438901393,62.835716942818436,33.59077299454186,NORMAL
172.67045324808768,6.52349454793522,71.71797700663713,43.59673409310794,NORMAL
170.71290998842642,6.3227391847015975,68.0060792549575,39.48894318667034,NORMAL
159.6091864945555,5.457502533013529,63.321999350060445,39.67910585091101,NORMAL
165.35726624770774,4.791449702078352,73.13400441253175,36.07652554457042,NORMAL
163.03951479047439,6.801215337179166,60.20399549911963,33.86851275017385,NORMAL
173.7326689550198,6.589948677154455,66.37231769404272,36.975885440724475,NORMAL
140.48976106950084,5.58707914151154,66.0576626970776,35.665060178646335,NORMAL
165.2734217257966,5.967879734105179,65.9097221425497,34.684847521356595,NORMAL
168.3615087897995,6.268026566613185,67.19489441800913,40.753356034687194,NORMAL
163.59029552830418,5.712965267845313,73.12219341645701,38.8055644353823,NORMAL
173.85727428354636,6.405365732456117,58.889540061201245,36.582672446518885,NORMAL
164.09428511270227,6.090184428807774,72.01879500104731,9.82634678414409,LOW_FLOW
182.87508996958147,5.344094099982971,60.206841371646576,36.811902385268176,NORMAL
157.8044780834473,4.615969769235287,69.14037996274085,43.99820914333895,NORMAL
146.98578167504763,7.006081356305253,72.5863259102852,43.97575056200602,NORMAL
149.02026645688113,5.903601991453603,65.94338074179763,38.592165338934414,NORMAL
160.45822285397838,6.403676163890937,65.80881198117955,36.75650752951092,NORMAL
163.8759265003016,4.0,65.50733846730739,6.040669031508483,LOW_FLOW
168.50606415811274,7.301909747645265,11.795594611207614,37.54599299147082,LOW_LEVEL
168.47538914836687,5.868403543341745,76.52018841938177,30.390363923044383,NORMAL
168.0291145907043,7.091808992750903,65.4127701931016,38.50896535653281,NORMAL
232.3997657552343,7.936600125417514,67.26535751912957,39.03534844590434,HIGH_TEMPERATURE
156.00056515918277,6.45454437995691,63.12537665932115,36.056230444465164,NORMAL
173.39598884690656,5.660501345196392,63.04236578174146,38.33670404552587,NORMAL
170.39091813097542,6.130543381026215,14.498032790306702,46.606306928076336,LOW_LEVEL
163.63672274212016,5.348789900152479,64.45260588334698,29.371278787529718,NORMAL
167.6926650128435,6.545734714515129,65.59267120723169,39.9914038849735,NORMAL
226.91831804335092,7.904628416466109,69.88714031180412,35.51938649481963,HIGH_TEMPERATURE
162.12270657066153,7.116191655486831,73.1526094828296,32.70160650234412,NORMAL
218.86424224527866,8.496851667658316,73.9480279789654,36.81214503537733,HIGH_TEMPERATURE
155.70473737819748,13.365845307764706,59.774133525478916,37.6877436418366,HIGH_PRESSURE
162.7730684775912,5.8448520694043395,69.23960877041421,40.36055073835438,NORMAL
168.62415005049738,5.157479849573183,65.34844689530546,37.72054761228887,NORMAL
162.0423940383298,8.0,67.35133983615792,38.07053064810342,NORMAL
166.9071069986994,7.0110405914654015,68.24859415702826,38.974199107466205,NORMAL
224.82350923809514,8.286102341132398,66.51099694433552,39.03075546141432,HIGH_TEMPERATURE
169.65480351445663,5.435020535551074,64.7319914606977,39.31657233861839,NORMAL
162.16329962198913,5.592214899656284,66.02276214043127,33.97822625595475,NORMAL
174.99218157498797,6.233521613272184,68.96206411105932,39.90879467429503,NORMAL
142.89859595461004,5.611379792955173,62.84740084405699,37.406408888781,NORMAL
153.58290878251006,7.815483601448515,59.50246506675752,42.053451859317235,NORMAL
168.93067416529,12.092850628836008,71.40921241017863,40.06065248658666,HIGH_PRESSURE
159.10981506769332,5.235224811359519,57.29311198768117,36.60254643411039,NORMAL
166.64813147340058,6.153990680693126,9.509854483232427,40.196245542430425,LOW_LEVEL
157.90087982398038,6.80580188366568,69.98408510011612,35.36360671269251,NORMAL
181.32448448519472,11.839715516352545,74.12787443091322,35.945166226201486,HIGH_PRESSURE
162.2877353927955,5.734068723124013,58.24374127951823,40.5740817324473,NORMAL
168.44656802406305,4.679586550411634,67.58038038169525,38.61371494910098,NORMAL
159.1439365367543,5.685656862328787,60.402468838824696,36.28116058446469,NORMAL
167.2983260882909,6.509018474776197,67.76946279379482,35.472386055439145,NORMAL
167.7355565953823,12.019689576111505,70.24658267431111,38.8131869143931,HIGH_PRESSURE
162.22093733121176,5.565022259793176,63.62317095167114,42.105882955409164,NORMAL
224.55273684579345,8.287674164435339,74.0741876014521,40.16271413732203,HIGH_TEMPERATURE
162.60588236891795,6.227277157260195,55.64439868587799,36.03164920987073,NORMAL
165.41465679194278,5.0934722262180205,68.4824996214773,39.16557891573849,NORMAL
170.71517186104526,5.613581612288405,71.58174100602331,36.83519496742501,NORMAL
164.64451065836516,7.039609441456497,63.38004481234414,34.15512217915064,NORMAL
152.13451351030767,5.968619780968855,64.18336859092291,37.39943984678547,NORMAL
167.3753269658889,6.757640138104673,59.31245239960756,40.970463017332015,NORMAL
217.38026748294072,9.120419432491353,69.29041369047297,39.71361950950969,HIGH_TEMPERATURE
160.5657404173174,6.28693799756852,13.142885571536517,39.43899296083751,LOW_LEVEL
170.6547971271924,6.236245197173187,59.79406414348129,33.1559021419136,NORMAL
178.46168721479114,11.73395600006322,66.03320037106742,39.110543005267154,HIGH_PRESSURE
167.61039154745248,6.052335791126411,63.95255336018861,33.055169753389784,NORMAL
166.7943151953354,6.780781864167862,50.0,40.7039077854762,NORMAL
171.9006422643815,6.047241386564223,68.37288968039958,7.260975387929022,LOW_FLOW
166.54968218721612,5.624339588931216,57.45464300720152,4.947981501894279,LOW_FLOW
213.41605275231578,8.543311054660157,68.80504256874555,36.1749074728013,HIGH_TEMPERATURE
168.25265388142893,6.328874492529465,67.61284849558058,7.31382492453878,LOW_FLOW
158.86234509257335,6.304334934742682,58.79258249754523,7.377498146818906,LOW_FLOW
150.57715042865695,6.839688128878079,64.94267789169932,39.36763405386829,NORMAL
156.29353765556246,6.310313668879205,70.06147866584591,35.088720305779184,NORMAL
233.45617008373864,8.238817409078994,64.13256451100557,39.03640574853704,HIGH_TEMPERATURE
177.92967745320965,5.943721124265888,64.09645701804995,35.30658876490408,NORMAL
185.0,6.211916583215387,10.249657116741554,46.20895862001296,LOW_LEVEL
166.90496040668373,12.822078472632354,66.20360145289901,40.074088891324514,HIGH_PRESSURE
154.90088560914268,5.9466630295832354,66.01796503941989,40.200403362054004,NORMAL
176.02188989019794,5.8528195737586,59.64524880687533,34.417992032209995,NORMAL
157.13272768178604,5.907746244286631,67.35365268873227,7.847559534820413,LOW_FLOW
154.37653988805246,6.7762654010695,69.63322962072502,40.29763898723939,NORMAL
161.85090022962365,6.130351103650694,68.5175938177702,41.565026614424355,NORMAL
165.51671725554579,6.611636377839337,64.75120989181947,34.97959510146762,NORMAL
152.6639836817141,6.146281871026905,7.585056157108058,43.87024153133917,LOW_LEVEL
182.65220245712322,5.725927296371201,73.71629187434846,37.53331645670241,NORMAL
170.32308087178228,6.213268649385279,58.61230991320935,40.757504549924505,NORMAL
166.03527629516694,5.458692463292061,55.73875357039754,39.385414718117545,NORMAL
164.5791032555569,6.129929455383687,73.09025420526419,42.4976622336839,NORMAL
168.4064532903274,11.933335320856104,68.54280792418666,37.19936465647393,HIGH_PRESSURE
169.63425577056745,6.377606964445653,62.99822815454763,41.41466918015788,NORMAL
219.12159004665315,7.952299673922316,56.52281118155207,38.967865655466355,HIGH_TEMPERATURE
168.76909034719944,5.660570005054815,57.66959118880178,33.98804446090144,NORMAL
163.4695654009471,6.853974306343938,76.78849615013185,43.22517148610046,NORMAL
151.36805709911698,5.835640424119907,71.94599652932688,33.342959463922334,NORMAL
238.66235552673612,8.0068194266161,61.59937568963792,38.76863181921404,HIGH_TEMPERATURE
168.88851213834502,11.253289304356343,59.53337420744333,34.91257413774797,HIGH_PRESSURE
175.1779108941768,7.135759896660492,62.09880340236286,34.764504988678986,NORMAL
166.5171239921791,6.511861281316169,61.687649506939486,40.12258792399018,NORMAL
169.50286336145913,5.6409412195071535,63.07888574976511,35.922723345740096,NORMAL
147.9746436641135,5.723469119828811,61.00088214241901,46.985391091088246,NORMAL
141.55524499317778,5.377990762670126,64.69266294405857,37.41196988419832,NORMAL
163.23226145770917,5.547066652413891,72.90524341935937,39.926742266701375,NORMAL
170.80823226431312,5.710468903354505,57.57855106231746,32.911761406902855,NORMAL
177.5676894844319,7.109293091015841,60.76673731725859,4.786981087398472,LOW_FLOW
174.90306950334985,5.990371934273538,64.10833511575422,35.70438013019429,NORMAL
144.4667324725496,7.699230431036327,63.69230744312129,38.62783010233738,NORMAL
173.83596020164455,5.426399716381192,63.27249388668824,33.481098304367855,NORMAL
163.02044615919195,6.992590458470888,12.875386384740928,40.690739679968004,LOW_LEVEL
153.18513746523413,5.5045828543640445,68.82870938718297,35.92450527479954,NORMAL
167.50031931186064,6.377919491074462,59.33297849983575,38.00480738074411,NORMAL
153.27051214024365,5.08703741408473,65.05408259711267,40.3452637925135,NORMAL
185.0,5.362972777559197,60.0338427499327,34.02599078126519,NORMAL
153.82121192910898,6.327271125505756,13.505310077330497,38.32307195115671,LOW_LEVEL
157.79446253029857,5.927543946099192,63.57080145221684,33.501734340599434,NORMAL
160.92822435004518,10.9546039707715,60.62509146665829,34.49459102343489,HIGH_PRESSURE
164.44960368422585,6.53630121644697,63.77673498563366,10.900597277556713,LOW_FLOW
164.1397300458715,5.168961820722843,64.73483777794017,36.47497665637537,NORMAL
167.88800882905153,6.278692173905826,61.0212109252675,41.43058226017103,NORMAL
158.87923098482065,6.668156968934711,62.84687324907603,38.96470381290316,NORMAL
159.62521808191036,7.065091586651541,63.90089705383007,33.053281327054336,NORMAL
171.24544871940623,6.059674139951605,58.91565703303119,39.923936230858665,NORMAL
169.47496053845887,6.009235559187008,77.7567447681055,39.25711684911746,NORMAL
158.42199986167745,7.270272744250279,64.38426855350394,39.727629910257,NORMAL
224.5650744888523,7.851869262204049,76.85523264284254,40.11962687852885,HIGH_TEMPERATURE
164.73136461413438,10.821452972772608,62.38656157644219,37.96061820726715,HIGH_PRESSURE
160.18831350752797,6.679041013145322,73.57710548899617,40.954955081333196,NORMAL
165.52054020689923,4.816337456116751,10.527852717880904,35.50464964442654,LOW_LEVEL
171.60536762642928,6.586732373797758,59.26281542124139,35.45198851354523,NORMAL
174.27157803543955,6.778356872278514,8.544545012829111,35.85417176390563,LOW_LEVEL
158.0564806095434,6.1557630688160545,65.11500888203337,5.071498847212741,LOW_FLOW
182.486910131341,5.343995555440807,60.33269820996744,42.95761635988716,NORMAL
167.3913452206732,6.697036082164471,64.42625629154885,35.487423513581795,NORMAL
173.9092776539304,5.174982064999258,63.267800806218276,39.437683909386735,NORMAL
159.44272517296912,5.6342423288343575,60.265371719715574,35.92799765125589,NORMAL
228.4614336793086,7.852317449079666,67.3076624212894,38.56011388944154,HIGH_TEMPERATURE
156.12610293117595,5.820569934015252,61.063738353285494,38.55747860975144,NORMAL
173.79194174118985,7.006066201918419,10.476592641416836,41.99645081594018,LOW_LEVEL
168.11048117268538,10.901005783090932,66.18758026513433,41.06638481157882,HIGH_PRESSURE
151.34690154932576,6.039234262406869,64.06764961690774,39.95681635269855,NORMAL
162.4704183633505,6.160427984348921,67.7581403104517,32.71466413138233,NORMAL
167.21455783464657,5.453682112843935,56.84581103443719,35.24896054682453,NORMAL
170.40115727915918,5.32393137657107,69.11270125080848,34.76014194109647,NORMAL
157.01657233394155,7.179316054145488,14.855401009526796,37.52738229584212,LOW_LEVEL
175.29473810116403,6.179583755297916,69.62442096959704,39.006308200348386,NORMAL
167.1513880694568,11.761140970336031,62.92069573127929,33.04344870676871,HIGH_PRESSURE
151.59254468310755,5.71805636103543,58.79245795051378,5.2022373615103,LOW_FLOW
156.7147699773935,5.94166716110237,70.10036708214933,39.07491631758777,NORMAL
175.22024153392218,4.695603796068981,68.38952780444608,40.31006597268791,NORMAL
168.88128890036592,6.272864704376966,78.07454599793166,44.062525139118684,NORMAL
163.6827917796484,5.180237010007615,67.25096986155717,39.092392690620756,NORMAL
174.26006206416906,6.21977560674945,58.95447713189031,31.49931298996062,NORMAL
145.15433192012367,7.468257429831198,67.32435652923354,36.720267410489456,NORMAL
232.92617472727432,7.144038433376746,64.55643484643983,37.517048080766315,HIGH_TEMPERATURE
158.8073129201436,6.311648897172914,64.53505742446318,38.17149482080421,NORMAL
174.03976315286044,5.884166412600686,68.44528408486906,37.767446666706554,NORMAL
168.72064167600246,6.298000216209435,69.08187970975307,37.21657923572267,NORMAL
166.83510129193968,6.091035526535547,60.47933105864892,40.41737478892656,NORMAL
166.45164322470688,12.5358272875658,60.2799239554544,40.85555540414382,HIGH_PRESSURE
169.40276081123912,5.815006034106515,56.28278169815517,33.53281315332392,NORMAL
171.00118610585866,5.620842018420773,68.60411548342614,34.69698098447194,NORMAL
164.49344112231233,5.203242185174823,59.987822643397934,36.09266284403251,NORMAL
165.35311117332475,6.459818457868274,68.33034095155529,38.246791663668496,NORMAL
162.02626642731445,5.48479446986716,57.505138269758454,39.62931566712059,NORMAL
167.21831624968678,6.642762768573414,61.23950823834016,41.00859585513659,NORMAL
238.9582075372572,8.47570471050822,60.700203298130226,39.739397529399824,HIGH_TEMPERATURE
194.7565343738175,12.434995843365215,61.62329781781965,36.94002533765262,HIGH_PRESSURE
155.55999377226192,6.39667873487976,67.28096318707154,36.71195652418121,NORMAL
162.98100700012412,5.242810197621956,63.51684117876,30.926525013800127,NORMAL
234.16642297636363,8.76448144824725,67.19440317461849,35.80083246372436,HIGH_TEMPERATURE
168.17626640012392,6.142355167286997,66.85796208072651,40.0734734243333,NORMAL
177.52623624962604,5.856540413546855,70.1277917785885,44.79152080780896,NORMAL
161.53413874701582,6.263483200041059,71.06666991471309,39.914931074431195,NORMAL
155.20557271966192,6.034908190801032,68.86341759016065,35.02174962633129,NORMAL
166.92051376822096,10.5,54.43754979931092,35.62075305773842,HIGH_PRESSURE
176.77491470701744,11.414234802952553,70.39548815455989,34.63593374779833,HIGH_PRESSURE
224.73731743847034,7.333109622929619,74.75677584317816,44.3771121052465,HIGH_TEMPERATURE
155.1858501235869,5.045202039816068,60.186375213030345,40.10339509881531,NORMAL
161.7433741091974,5.665206003394264,67.60587875906927,39.202507630576015,NORMAL
159.0624632480205,5.940507139344276,59.959925316981504,43.29293580502247,NORMAL
173.8614187158701,5.483625275550852,70.1064388196873,37.10877646024987,NORMAL
168.91507151150728,4.954091285415233,66.4195029656496,37.307723154872704,NORMAL
152.75621070378386,6.366713019113936,10.811056188998377,38.34642017609708,LOW_LEVEL
159.09298735298313,5.042950976088601,61.07203759358511,39.80890711389682,NORMAL
162.0139506727051,6.162902479253508,52.79640445073412,7.800503851393692,LOW_FLOW
164.5620232414562,6.11869502607083,13.457855059966285,41.91277910172192,LOW_LEVEL
159.59186155454904,6.403248652492974,62.009099139744016,37.43908188943839,NORMAL
178.73916254637066,5.510952951733364,12.570214861482372,38.17956170637973,LOW_LEVEL
173.926581572595,4.819687380018515,75.31589850446491,5.982136721986226,LOW_FLOW
168.89454837719427,4.860954535414701,76.97953697842667,38.92198200980315,NORMAL
178.6487340650211,5.815196855412543,62.12391946174574,38.625667744714875,NORMAL
162.49566171259036,5.760493365149706,66.43118432282081,35.8050864354697,NORMAL
167.73244440752407,6.998428883830024,63.2148367532342,38.74339867355895,NORMAL
167.38008856948443,5.565036374366742,69.87344569139312,36.66945896607607,NORMAL
172.12482922387116,11.530501452389954,64.05402790078871,35.759574835985504,HIGH_PRESSURE
176.4487933247144,5.190015262093357,75.55150811962918,37.92926761353484,NORMAL
163.3484339327157,5.0948414743889465,61.18611665525107,35.67960262154213,NORMAL
162.0414224882789,5.071651553827445,14.717601178450742,34.631681760270766,LOW_LEVEL
161.69115805804466,5.615847026392023,50.0,41.2976474624295,NORMAL
163.0488311185813,6.900198155274799,67.33839188653553,41.149255397829904,NORMAL
162.28315979514744,5.836142548843898,61.79366478000076,36.9199722400476,NORMAL
165.05387627281297,5.379897148533504,64.40279614228251,43.12124828577923,NORMAL
159.16338244691482,6.850189799167761,60.76251402144915,39.93067209500294,NORMAL
168.1611425522538,6.181418911065057,59.272555433091085,40.65192672689583,NORMAL
161.33534558665497,6.873198435776576,65.78953955759937,41.080960548265864,NORMAL
176.95953048987516,5.727136142005474,58.76230769701335,40.03212888792639,NORMAL
166.6290654296784,6.664775931971451,63.7566655394632,37.87633264341103,NORMAL
164.82201764120632,6.071882839668127,66.08387398346404,38.32919590341832,NORMAL
177.6327300512835,7.480940881043753,63.971424204952584,36.25811750220087,NORMAL
233.76489629701362,7.740365345315206,66.36345977678013,42.34392382134365,HIGH_TEMPERATURE
170.10819228753675,6.0915757709275855,12.922840627129906,37.03926950654046,LOW_LEVEL
158.16012175273295,4.644831662671133,61.92344513184129,41.000021113510954,NORMAL
178.41857936830118,6.504300814288135,63.48757910379036,4.30461970831705,LOW_FLOW
167.32586542293458,4.676304333067708,64.88650235031388,41.28364482570037,NORMAL
176.77193578394525,6.237256965723447,69.98396342850435,37.66634862880199,NORMAL
148.98763404449056,7.373403964689573,67.14681254196638,37.55487505522922,NORMAL
157.87983400189117,5.580821558180251,75.96001972148215,41.3974240041309,NORMAL
164.7684661414819,5.458693000895805,61.62777510306451,34.626388032950494,NORMAL
173.8503096804791,8.0,66.66092483397712,39.3226080393441,NORMAL
155.80636802249364,6.928290349025679,70.46028512563153,37.62506251610593,NORMAL
160.3078747926403,5.906807689784148,69.05882223413874,43.268222966446224,NORMAL
170.8066264134103,11.598002586483053,68.00183118805995,39.853468430767784,HIGH_PRESSURE
188.0342642849744,11.800046403880685,75.15640861521764,34.49113859547541,HIGH_PRESSURE
161.1753355379694,6.354624136775619,62.36122111045339,41.57053413857454,NORMAL
176.00340695150643,6.0542830006565325,62.99001668557842,11.139313760436785,LOW_FLOW
143.3694585594133,4.328650454056376,60.193928897730736,39.287959197279726,NORMAL
153.81512272160919,6.544148543916504,61.76098720808441,40.0478490290114,NORMAL
172.15038996748365,6.596175911260335,72.74355248330492,34.65562828489363,NORMAL
163.74145733721227,4.144044864083022,66.54255910625406,36.120646926918376,NORMAL
164.06495850873182,5.780601917121484,66.63425873903662,38.660488922686824,NORMAL
167.81602363150105,5.3915768638885435,66.69035863363636,33.15742308343947,NORMAL
161.26568649565183,6.9913915344192965,63.38380260180585,37.551103288921304,NORMAL
159.45450443086042,5.306128981600334,63.887253915765854,39.06262641796859,NORMAL
157.85814232609593,5.872005071883495,61.73791537801816,41.524942683011815,NORMAL
159.05856916239077,6.144800122093055,62.678984108408514,40.01266481644949,NORMAL
163.4900462959102,5.188007392214731,60.535168089930735,38.37411520651276,NORMAL
171.34277694814145,5.628428831218616,58.680179787176186,37.39244861329433,NORMAL
167.51730743328454,5.217917529295108,71.73622314040551,5.425536785765226,LOW_FLOW
157.3033829594272,6.863208448421435,58.058933317273315,38.9504734578802,NORMAL
161.2204783034206,7.386884418305347,78.26145843993471,40.35681451832462,NORMAL
154.9295483225253,6.43199374545151,71.99997892953391,44.98534489385873,NORMAL
168.57057718034451,7.015599675820211,63.39050793107165,44.34210691130826,NORMAL
163.76311393104072,6.734487844220068,66.47945640594622,37.79460159928951,NORMAL
164.24787860731877,5.729126181886198,62.00079462503352,34.39981486614262,NORMAL
172.95480374499454,5.679469094105088,76.80068624828768,38.70550650197542,NORMAL
155.29824960765927,5.082848524398357,66.24471507130329,40.99841500402451,NORMAL
162.83257495873752,5.366882741592769,55.80202253706896,34.241179648687904,NORMAL
175.0364211692162,5.322701866808376,10.01969975337487,38.10478882836953,LOW_LEVEL
170.83863031212422,5.386912032183836,57.303927595704764,39.168874603667035,NORMAL
161.06602064215892,5.989170466014238,65.96439344512612,36.34917550692733,NORMAL
155.95728554738156,6.761865177213325,8.568401227929215,41.235643365273226,LOW_LEVEL
160.65203593653894,5.33823212444813,68.62261797010281,46.02952372005244,NORMAL
166.58232065553483,4.849727121101173,56.76244678073528,39.617757740774245,NORMAL
161.04338494270715,6.506802315975794,61.532811469411186,40.44004230484039,NORMAL
164.22170721269208,5.566477872763762,62.33864296689311,43.65068379010984,NORMAL
241.77923262541088,6.5523865334807345,58.08408597671035,35.85673747858537,HIGH_TEMPERATURE
161.37249361305126,5.656862720565386,60.84609835003203,37.214263706238484,NORMAL
174.42547882253749,6.628720253355103,64.85413828500609,34.820731837135,NORMAL
176.23419843358158,10.875735484640188,65.05433922720022,36.1171994717174,HIGH_PRESSURE
170.40485306531582,5.162309917690839,66.69719192658742,36.002944719244034,NORMAL
160.66042985662233,6.73327937641203,61.70039866371314,5.498660330431073,LOW_FLOW
215.9492188315309,7.952803843970505,59.66879571967125,37.673882094626705,HIGH_TEMPERATURE
153.46919360212758,6.646557908758239,64.69146326063074,33.20228664190501,NORMAL
157.39982356071536,6.6230190104202284,65.80835462028615,37.95670923283953,NORMAL
156.74082384356123,5.310235397151083,66.85320448635102,35.849536473038114,NORMAL
175.5273643615419,5.371022023475958,71.49421655047195,7.904428328323977,LOW_FLOW
158.254938735906,5.791987707891876,69.11487613172274,36.80896696311255,NORMAL
183.0947939301036,10.59968306766572,61.43314441429961,37.152622402659794,HIGH_PRESSURE
227.84356690276138,7.191168004948033,63.82804389395464,40.31069952147121,HIGH_TEMPERATURE
168.83752424478024,5.21346441131501,71.24627219045745,44.01580364416328,NORMAL
168.82023469813436,4.734286100484383,70.87099672822076,36.84798414696558,NORMAL
164.0746172601644,6.669083501156618,68.80608275090765,36.8461171507189,NORMAL
165.6617456149055,6.50100909675234,61.923584436178295,41.27970227556955,NORMAL
160.54233585359256,6.059233800382811,63.79874583008415,5.8642980306831625,LOW_FLOW
163.30612957964485,6.114149145552891,66.8898278776176,42.69100602308467,NORMAL
171.20183349480573,5.582098769035267,56.14005236875716,38.447906049954064,NORMAL
161.0630334820131,5.514336113063089,60.772887037132826,4.7849928651339795,LOW_FLOW
167.8016999828682,6.405866890833746,53.199807406684855,35.848132411039295,NORMAL
149.6897621213686,5.72318934398021,63.91116156016633,38.550827493171035,NORMAL
162.92632592547935,5.919678005799937,61.13891647111538,34.05029248507448,NORMAL
165.0248684014851,6.701196454010387,67.16952076529802,41.73950725234549,NORMAL
161.48429189322488,5.690186833407443,69.95155190411649,39.54302015061905,NORMAL
159.99115900451156,12.676813512910957,69.62241784434885,37.670189070745124,HIGH_PRESSURE
161.72427557990105,6.365903873661289,57.70386114047995,39.01473432331083,NORMAL
148.13637326578046,5.064512938503613,69.28154488477759,35.76780484644608,NORMAL
153.76385685942753,6.435925185543814,9.252948914478717,38.350418501736605,LOW_LEVEL
168.74780043129888,6.921746464500002,15.194177600653369,36.61096953006005,LOW_LEVEL
221.99800682069463,7.004470499272542,59.36103511716164,42.15833130421929,HIGH_TEMPERATURE
163.9412346131401,5.878055067081583,51.064660654857335,45.34044133521358,NORMAL
169.97281050496778,5.926599828551876,63.63905550284358,35.98506119872438,NORMAL
173.71373997368633,6.428641444068916,56.41098871289049,42.388265575581876,NORMAL
157.99152428711537,5.977922852531563,63.696534039387764,34.56423160498584,NORMAL
159.34899598307365,5.9509013337839916,62.08194830058375,34.664204175537414,NORMAL
178.78275823887236,11.170513667174742,66.58232953520306,34.63199178413014,HIGH_PRESSURE
173.17235092785188,5.670222993387311,68.03038979353836,39.37807953726339,NORMAL
172.2014765121597,5.458763418209986,53.34490151905903,33.65221284565587,NORMAL
165.05071249889815,6.620683052784267,62.29413193239576,39.151657413222075,NORMAL
156.8550591078505,4.833048961233669,59.515826569547,43.71647905729492,NORMAL
170.43990054138297,11.14683995325342,63.31234051381518,40.26133724158614,HIGH_PRESSURE
164.18082634711124,5.86478752614296,59.231081297397346,41.84278860583717,NORMAL
157.7928240375634,6.016705094832707,75.8375723828108,36.38273691748455,NORMAL
147.94362975414953,5.660708577633921,65.97500033583844,40.54355556947127,NORMAL
173.1194671803136,5.033495579576758,66.3804006498102,8.366816055333564,LOW_FLOW
153.62590344762307,5.66208378897366,61.87944332812965,31.54637898766308,NORMAL
164.77585772083404,5.960443736826796,63.62659285522691,38.14402441462435,NORMAL
167.26629438520516,5.025532438629206,65.29130364133268,34.50801288700997,NORMAL
160.03585103481072,6.326673758656535,71.15964162103936,34.853065144483416,NORMAL
162.17405046537914,4.812401913097075,66.50255238412561,37.569998293833265,NORMAL
165.91039652272238,6.234321434824955,64.10559295116637,38.97550262316717,NORMAL
169.32905288643624,5.117213388057006,69.32204426334371,35.916663513100374,NORMAL
153.7616676191174,5.46727626746125,65.91148891168993,37.39622259129946,NORMAL
180.4703478815055,5.680992492411643,62.795336187285514,36.42189376837066,NORMAL
177.80700098941674,4.6816701191412236,67.43473880248403,41.60138508045058,NORMAL
166.0188998052519,6.304443775663962,62.96903815954532,44.59007826899134,NORMAL
164.32384094790822,5.668069368901683,60.630137196771294,37.16274470655948,NORMAL
161.5431059163759,5.8812147834036255,62.35328151813347,41.82915067722377,NORMAL
178.67955163209658,5.682298099152069,67.2053784008558,39.97990456676061,NORMAL
162.31514105505084,6.412972591754032,64.13316572307177,39.142443543084404,NORMAL
168.23985855139742,5.881128074733448,64.07070315587903,35.81039725121228,NORMAL
160.06416396996178,7.2181864991526,68.45125067287941,38.16204632346427,NORMAL
151.41590581016771,6.01777490865938,59.35838147231703,7.72370942601424,LOW_FLOW
228.04178508414006,7.770207148340185,76.51336066138764,38.93949238521727,HIGH_TEMPERATURE
172.68874788896173,5.3049613382719025,62.3831412644938,39.02527304407293,NORMAL
169.29502125468073,4.996823403508043,6.597336368905421,41.847247927298696,LOW_LEVEL
174.02415085879443,6.558090792818496,70.77570733097421,39.56667182572513,NORMAL
159.65300253360374,5.195017757113193,70.42078011705432,34.55655509684167,NORMAL
162.08449398188432,6.349045107076292,62.71670509303805,38.216193057468644,NORMAL
169.8092419599605,5.702774120096894,9.832953570051117,40.82901639587148,LOW_LEVEL
171.76386486785483,4.689808959520395,66.12786748614286,35.975457109515254,NORMAL
161.00849960030445,5.8415651968775055,64.01774858592402,30.40574953287371,NORMAL
167.582379712746,5.971477549527965,64.68442154335112,38.5093353881393,NORMAL
239.8633294112689,9.088867978462726,63.318688789479445,37.94408559944398,HIGH_TEMPERATURE
154.85588866524802,6.745695560189439,64.9498707400661,44.50916407350578,NORMAL
169.839947005431,6.014915243248578,59.4822023451205,39.84468684874399,NORMAL
158.77500926511527,5.467935700928239,60.887261567682515,36.48056413484284,NORMAL
164.80931176006123,5.8962900057324905,16.691316723397534,36.369032312195785,LOW_LEVEL
166.86899888735442,4.672662619522981,65.70669412457002,6.267791122739394,LOW_FLOW
176.72962255700546,4.819123632974022,71.67262451545979,32.26001542380096,NORMAL
177.22321709502464,5.421025555264125,12.565896922859057,37.671824676031925,LOW_LEVEL
175.05835525316,11.5769079789966,71.61963833290339,38.83773418749507,HIGH_PRESSURE
222.71627849628126,8.286878020787858,61.373465847868744,37.19657743834619,HIGH_TEMPERATURE
226.8067528735872,8.947403845801949,64.63354354554644,30.76617972992564,HIGH_TEMPERATURE
171.72246509965916,5.8179464223815005,63.093532963099534,40.103485154478285,NORMAL
173.7935324443825,5.955210041060004,69.49341191240599,41.21607402980332,NORMAL
157.82431882745632,6.151978900753301,8.404395034664448,37.265244576725514,LOW_LEVEL
169.49818297531596,5.428206468337182,74.51733804312778,37.1882806245534,NORMAL
159.1094100689764,5.278434367153006,59.84854993865723,8.082409933882978,LOW_FLOW
169.6341584951905,6.403212190139125,72.95633602832065,38.06678180874581,NORMAL
161.18492781573377,4.903719630404401,56.70865618478001,38.08017300754179,NORMAL
178.5726934637668,5.797969584861354,70.47226375652772,40.0063512818279,NORMAL
159.63087778082735,6.557004756616385,61.45982358520754,32.01672457474941,NORMAL
164.241243144572,5.82867697833771,69.7629179231746,41.21246664525128,NORMAL
172.93515471760477,7.133464362375194,60.92156854918315,42.04631853220104,NORMAL
150.22930391103617,7.303744520436661,70.07086631124149,34.86122529194087,NORMAL
171.2998616350842,5.589082926253066,50.280561656587594,34.011132659623904,NORMAL
157.61690846483785,6.105942853559719,60.94341335212999,36.43169240576654,NORMAL
150.73111096228652,6.09276357007964,62.56917902913646,38.20882012623242,NORMAL
169.459172457549,6.075752321141373,64.6965489953421,34.077921241534256,NORMAL
165.5679577233996,5.824307825588147,65.3902910713121,32.776452726496075,NORMAL
175.40035675759168,5.782160529037885,62.85133832526264,34.4864643313108,NORMAL
175.90552712898693,5.517201057617963,15.632453687924109,36.94050105392932,LOW_LEVEL
211.75247268542762,6.279735339512857,62.1559180917123,36.296926072897875,HIGH_TEMPERATURE
154.94094020014904,5.965999957840511,61.71749875185112,40.19156429386629,NORMAL
147.37984630095633,5.557908136708266,67.971823160005,9.315936982131989,LOW_FLOW
170.77819317742401,6.628173437727486,54.644882456006954,35.03920249005912,NORMAL
162.4274386542912,6.013809823382747,9.967377397989182,43.50925968554372,LOW_LEVEL
164.9367638770141,5.737219885217336,56.4842676222628,38.912903223924864,NORMAL
167.56359611076832,6.053063190571477,75.02731252694662,36.38641637999104,NORMAL
165.64066099698468,6.44548030479955,70.25348361699598,37.4071803445546,NORMAL
167.85527079372562,6.173546103163304,69.82396618182412,43.51861296648723,NORMAL
185.0,7.375244863918161,73.23002663493892,45.511778014556675,NORMAL
162.76682087978259,6.131300104388459,12.546456128720656,39.122667871820745,LOW_LEVEL
155.93370228797215,5.965809489986192,65.68109649602926,33.936258072584,NORMAL
169.6733525868183,5.558459806366144,68.87380367697568,38.097635095285774,NORMAL
185.0,5.0992869613334015,13.888773674302355,39.02471518955053,LOW_LEVEL
172.9946906597959,5.605829945763787,62.46885336046536,37.93972810649714,NORMAL
166.7917394269876,5.707130451268854,65.49133530055245,36.96880583432549,NORMAL
171.24944964178994,5.154204038733898,63.90219832538003,42.49843984394743,NORMAL
158.6053082854002,4.579585396820217,58.691304547261545,37.93579270070631,NORMAL
149.4899789839718,5.887271803442739,56.59077015546701,43.34909297777283,NORMAL
169.4932944624219,5.530236375097674,61.088665389881655,42.29965276138724,NORMAL
170.03293688251176,6.300401530407649,68.6286610749911,7.941706981794424,LOW_FLOW
168.2816961254364,5.238935274888153,61.01447782934248,44.679220696919366,NORMAL
174.8103436451916,6.711915264492734,66.1518400956986,31.88769048292864,NORMAL
162.45061527538556,4.946776339935247,63.567454723109044,36.37380314747575,NORMAL
159.97938207031177,6.916342663795581,67.26206059023994,42.1464003146027,NORMAL
228.05266961250223,8.408676011015592,64.24458361330827,42.16852339468449,HIGH_TEMPERATURE
155.24099404126784,6.23727332946878,61.64703674043832,38.78180090916548,NORMAL
153.45242562450528,5.641218585625588,60.96728222491277,34.316397572391736,NORMAL
176.37685079938845,5.838435894158389,56.789323751835234,38.875583610680614,NORMAL
156.2368504862717,6.958738108324224,59.89796621955595,34.208713270627605,NORMAL
164.65937103164444,5.957266410002365,74.28029940658352,39.10298297983182,NORMAL
153.66526325922501,5.612364392314687,54.618521882541685,37.083560770287185,NORMAL
172.9668697949789,6.26202275915907,56.68236012983013,38.690436332163124,NORMAL
159.6932044666843,6.005052919707624,58.869769510571984,38.8231404313327,NORMAL
151.12019134363655,6.53034648066102,63.317770488331774,39.723048777574306,NORMAL
159.3418837603883,6.398795517065889,66.01451665536605,40.755086411089266,NORMAL
175.4803175429356,6.797980390244047,59.71571500458375,41.70823972498332,NORMAL
213.3338876942006,7.772850804775469,64.23949489925266,41.6072221098986,HIGH_TEMPERATURE
150.70834090140409,5.67738938072566,59.23356365835451,6.337588487329543,LOW_FLOW
183.70276095337732,6.103570925797355,62.82322018139598,38.06209457078727,NORMAL
166.78876439019746,5.265492214860335,55.80702804125469,38.580186453084934,NORMAL
156.59862304255432,7.596291418346237,64.10454519566316,40.51702944590218,NORMAL
162.97694842945734,6.268109205316178,63.56347308829945,34.5236251375786,NORMAL
159.4139784250971,6.8417428454067934,55.47675607248028,37.39941966944046,NORMAL
173.53777933257587,4.878407690854304,63.97526278513475,34.67747418629358,NORMAL
154.50557467378232,7.036160908279915,66.75170517225735,37.87739558210668,NORMAL
155.273613611929,5.596537326714692,60.26162930848325,41.27198265599742,NORMAL
177.36185721357248,6.149666793246133,63.28183845203827,33.44305939327107,NORMAL
172.29925223641496,10.594725707102622,66.65202476786688,33.39309127094866,HIGH_PRESSURE
160.0239398087865,6.89863339873909,58.73095741877434,36.08077116965533,NORMAL
183.2624938694141,10.795841374660787,62.406587354701216,43.21565820029919,HIGH_PRESSURE
167.46540070980066,7.0692166421856575,59.918408549356236,36.69462426168895,NORMAL
167.06112336736928,5.198340420379294,71.53860345984933,30.165793545596593,NORMAL
158.9942030538791,6.537938616138419,57.23221369110088,44.06919328183403,NORMAL
175.81345098288085,4.103189180053335,61.43034270667204,32.227936402909066,NORMAL
156.29552062415502,5.756896366972283,60.68853222087737,9.285493816521367,LOW_FLOW
168.42998229962836,5.561032846403417,62.18847712221728,35.1056149691973,NORMAL
167.43320356948942,6.328325120722262,63.26967647636468,38.711044388368244,NORMAL
155.78200926978587,6.10211038479782,60.830756537469966,40.19082150425332,NORMAL
156.25222903630413,6.081732061510796,62.54806195118243,35.44747137214085,NORMAL
170.70505845277717,5.484887518673056,62.134500842304035,6.709213636395611,LOW_FLOW
171.0256965186229,4.855368303028676,76.39935787874788,36.50165941125236,NORMAL
174.14071378232092,6.402424342539751,68.05008787993258,32.65803806865596,NORMAL
158.3260820487684,5.98348029739568,62.88074335131685,6.680044715964181,LOW_FLOW
167.40890533680556,5.754125756816031,64.62057495497139,36.77769928697267,NORMAL
157.30021917055132,6.15041332152728,56.725784424960395,35.51644802750839,NORMAL
166.85025618194692,7.3211386623791626,61.60238085085865,42.75465706318256,NORMAL
163.1109592657761,6.318906306135604,63.24983640238111,36.069974895125384,NORMAL
160.89604200642606,5.136118042922545,61.34053522026927,46.03295966877552,NORMAL
176.25292426920515,5.949965054436606,67.89892726928095,40.12860314215873,NORMAL
150.8303612928651,6.109730714016489,64.42253026157333,35.16385812772066,NORMAL
163.63673935068636,6.557110391615535,73.64232694402469,40.214312731628766,NORMAL
234.43402187302442,7.376096553123077,60.69586474606907,34.95291771444885,HIGH_TEMPERATURE
158.53992922056617,5.908022563564316,14.894750663562746,36.09814612350712,LOW_LEVEL
182.13318080696368,6.8133064526044835,66.6030097817743,32.12182458723215,NORMAL
151.99132409098786,6.08485692858255,65.20615482629438,39.68045296641031,NORMAL
167.21566940175492,6.0299372957155715,73.65253418676427,43.06491447597041,NORMAL
176.36022334229682,6.758228040391623,65.6275981027381,39.825301652880825,NORMAL
156.7985664444466,5.296536792559795,66.03556715057414,40.9661684021659,NORMAL
171.37554952022572,7.278016660813965,56.810532666194426,40.786447340378416,NORMAL
143.7982116216146,6.827907402502186,62.38543832485695,37.72820675333307,NORMAL
168.94745590546955,6.706155477469492,64.7395636734675,37.92406080525488,NORMAL
163.48060927182195,6.31229647906785,59.957516873466794,33.849503260792645,NORMAL
183.39148130068088,12.489503885451041,65.33034844020152,43.52900488090033,HIGH_PRESSURE
177.01623401474504,6.3726809143665,62.78786212610189,42.27453686244437,NORMAL
165.49533186943967,5.229120225432138,58.851023380168066,35.940541575540244,NORMAL
153.4616069155247,6.8438783951362,65.69517519946844,42.16766110296872,NORMAL
161.26866795194053,5.486991431739988,76.35732970902816,36.61612234578573,NORMAL
177.7062088571941,6.094798189671871,65.0004451548182,39.930209128037994,NORMAL
175.2847457824018,4.697986586764912,68.62510822370521,4.6614252041506195,LOW_FLOW
151.1814366144612,6.42615284007048,68.02270199566179,41.634144716979726,NORMAL
172.85698259883,5.372866219350006,62.84565765132858,9.236046637063108,LOW_FLOW
173.21040733426688,11.575758517639677,65.82688153197734,44.09721850582258,HIGH_PRESSURE
156.85609020985856,5.732644299441327,63.02469693244066,37.38586098458752,NORMAL
175.02760331649182,5.804888804849447,10.245263167296242,39.4490306260732,LOW_LEVEL
213.6879435476688,7.9890791040652305,67.19514638147028,38.81819320125444,HIGH_TEMPERATURE
184.87662345668772,5.3734336737831585,70.94960531852081,9.792722970355987,LOW_FLOW
164.4899658800748,5.806051485073022,61.86072893579642,44.185514715503444,NORMAL
165.45928057150527,6.14395964841643,54.01682224750482,41.500403158373416,NORMAL
225.25033842890213,7.692884262103135,76.06517081648461,44.7660200395594,HIGH_TEMPERATURE
179.38048933315713,5.171292496152018,72.15566507514625,41.07918288230596,NORMAL
173.1566913407215,5.727589816873632,68.42880760048998,8.084504236346069,LOW_FLOW
169.96297915145087,5.388228804913982,64.1788210880656,36.15680019590071,NORMAL
165.9110015531361,5.990743496906009,63.36279686219147,40.95069169605146,NORMAL
165.53744887723184,5.529324308714183,67.50945189836565,34.9349901078139,NORMAL
170.39035514934207,6.820479049233686,58.92455170553483,39.529208071031704,NORMAL
159.75156050687227,6.325114970246794,62.30329943729187,37.98881600604291,NORMAL
169.91715238465457,5.911628934395654,66.56441553798305,40.973969247489116,NORMAL
159.71120694252446,6.123222103098887,67.77422493192277,8.426706113758854,LOW_FLOW
167.4753027180794,5.170448169687721,68.84149744329217,37.19060918418538,NORMAL
231.01049591215994,7.786686966041627,63.18575390153652,39.61263715238712,HIGH_TEMPERATURE
151.56711657901027,6.192983512919433,61.314952680576546,40.57042518166488,NORMAL
227.12445824407817,7.552776816968777,70.73397081054948,41.852811787891724,HIGH_TEMPERATURE
163.1084286402839,6.296125182311281,61.20861798538497,41.17901191204958,NORMAL
231.13907815222944,8.818445317539123,61.43316487909971,35.4216827041288,HIGH_TEMPERATURE
178.90378284890537,11.414659516758393,54.736774976024265,40.48202538927194,HIGH_PRESSURE
166.3557909695461,5.273924337614064,66.25806126550178,34.4208807252637,NORMAL
155.2747490522243,6.297572193844402,63.35676192055248,36.29667662107716,NORMAL
170.524458546194,6.282839093684067,60.16420741661855,34.268026513395235,NORMAL
165.32964853425295,6.00037114527317,68.49242578529876,38.02796541070175,NORMAL
158.99441650796672,5.694259875254992,70.75292388496513,42.40528329103956,NORMAL
156.1870253634059,6.625817082163181,66.8084385766943,39.52789040666925,NORMAL
154.16953984362513,5.167348064963083,66.86258998435116,36.29957435867878,NORMAL
171.28417360729682,6.374119075244974,61.69351846288296,7.178930138462048,LOW_FLOW
223.0999593673446,8.578439207806015,67.39221925598079,36.023698062107584,HIGH_TEMPERATURE
159.79549103675527,5.955896488914256,65.3031844879514,37.86678185513245,NORMAL
172.44302286098315,6.582492513019982,61.520897261687196,42.84875520779827,NORMAL
171.97878943969414,6.916260209575524,64.33209035012977,38.97389798747926,NORMAL
183.56298307388568,11.96687843802497,55.00135426327154,37.14984372045185,HIGH_PRESSURE
227.07482427564776,8.135573327810791,65.2990589309559,42.54038393778178,HIGH_TEMPERATURE
164.8779941923055,6.13941595952647,64.64052582677505,8.480154225685823,LOW_FLOW
161.38892439228485,6.362729417949152,63.89750796184322,39.897837669505485,NORMAL
143.6173245351765,5.622901672415653,62.062745173954404,39.39249902842523,NORMAL
180.01709180265314,7.2063875298568085,73.54939265943325,39.5593086441394,NORMAL
173.22064856443058,6.945829029921301,64.11209965099135,40.04330675750073,NORMAL
175.90114111842672,4.0,64.23762375329207,38.16003735889745,NORMAL
168.4902356258629,5.6871823188744175,62.2044034069511,40.75481709991498,NORMAL
180.0573990416324,5.329993020534295,68.15931258862015,35.6824232366642,NORMAL
166.41209937097958,7.023288601575519,67.92020204627663,39.51779338294191,NORMAL
165.87718203659207,5.162061951203735,65.83010525448319,42.840483576345555,NORMAL
170.11948932640632,6.44891260033013,67.0845061954192,35.62113732040867,NORMAL
165.10062801881466,6.067289032574614,69.2706889198869,36.69665753769165,NORMAL
165.11118567466008,4.964607212100766,62.60204507475747,35.81473160726903,NORMAL
167.3148732556569,6.8572405503198635,57.92583921188142,37.1839647773596,NORMAL
230.8069685339675,7.863585517404239,66.23805427074045,43.29968958348634,HIGH_TEMPERATURE
224.7539857290942,7.222514503346897,66.62858584593413,36.98824713167142,HIGH_TEMPERATURE
165.52824558048974,5.0119239217966705,67.00197200022862,42.96230031075084,NORMAL
162.10983659997243,5.210297284035553,57.92733841027985,36.500671180590274,NORMAL
176.5372946714298,12.344590674895628,63.01069101659581,37.0918534929713,HIGH_PRESSURE
168.20247926647738,7.229331647659597,75.33881253256952,40.001696423569825,NORMAL
176.27924973820024,5.872280863190492,69.27736296227575,35.92158549702555,NORMAL
147.73400269801658,4.996868661021924,70.47976136848791,36.33628925275135,NORMAL
174.52330850634996,6.683874905300098,76.87559073137466,44.079927680534475,NORMAL
158.04895637300905,6.714298969676647,15.687802443049558,38.22831511386566,LOW_LEVEL
173.44771541571245,6.557528542004549,69.06093723949151,4.815356053852858,LOW_FLOW
172.26264076207596,6.126033541179933,7.353604882435585,40.54663298834484,LOW_LEVEL
169.61366689234723,5.62167906677987,63.98064679181904,34.98631356551006,NORMAL
158.48326146506705,5.79724110395702,12.627288923310195,39.94458824931856,LOW_LEVEL
174.6761656195431,5.003718822952539,63.369614071208865,38.1601733462486,NORMAL
156.17007441774393,6.4207727608140095,63.69291350509866,36.84525443826234,NORMAL
160.16321107056368,5.59748621248191,68.17772285621116,36.96194394891788,NORMAL
169.40346808747827,7.051648829893196,66.81892472824977,35.14841356783942,NORMAL
225.94795838531024,8.41383538948604,66.30549535981602,43.76159620167455,HIGH_TEMPERATURE
162.71754958271035,10.80875282005324,63.62793659421459,38.80327471275212,HIGH_PRESSURE
171.5049092438756,5.424454885502663,59.59326823745986,6.508972219681447,LOW_FLOW
176.8436242714455,5.17819417178415,64.37200172346554,36.13666041738853,NORMAL
166.77100203180981,5.849201198390269,69.01042937109324,34.138506878826,NORMAL
172.95031661096738,11.674200738205592,69.4454371593816,36.50095712419685,HIGH_PRESSURE
161.52240421021492,5.916988687822618,73.02705021493155,35.84456710951744,NORMAL
160.56648362350506,4.7142374764478925,14.121926365627015,38.75885604307867,LOW_LEVEL
153.4149819246796,6.605204915900112,70.28465890624396,39.81997735387786,NORMAL
162.54747502970355,5.682513895886069,55.023841864416376,40.391132590694056,NORMAL
169.06700260014358,6.360172767762119,64.7181944939054,45.471319609639984,NORMAL
235.07124551452657,6.91827989303908,61.66377116884504,35.03417660656106,HIGH_TEMPERATURE
158.80278514990349,6.230932017115772,66.46059630223075,45.44681076344724,NORMAL
156.62326623386838,5.188627834642679,63.32800298076373,36.55031621561142,NORMAL
160.5649911173099,12.043754482118032,62.08735128479568,36.92434503984755,HIGH_PRESSURE
165.41973438684994,5.464088460698173,67.47110059639247,34.356713663254595,NORMAL
158.44196856983325,5.584273269730986,73.5821374073854,43.2342214579356,NORMAL
170.88915409808845,6.895264768744824,59.503157983756545,44.0285348935706,NORMAL
155.52027833372628,4.749334831173138,65.02079569390578,35.90016399474815,NORMAL
142.10785303919462,5.1862737402723065,65.82411815352987,44.00368416052972,NORMAL
150.18061668008835,6.306883642367659,61.0310226745644,38.2620104567189,NORMAL
154.34684191954014,5.486182871544714,63.92504114905331,37.06218340646024,NORMAL
167.5564320537869,5.055282246309524,66.02391305149749,36.73277184177504,NORMAL
160.05556474571833,6.2516411762992234,61.500806686190366,38.741533187100465,NORMAL
159.8839728729002,5.812236760326713,55.53393848389597,38.84513907327236,NORMAL
231.59992866678124,9.07876164867558,68.71061341301755,31.282320136138715,HIGH_TEMPERATURE
185.0,6.878904156143568,63.957005009833175,34.11749794915986,NORMAL
153.6792412150104,6.991898930605328,10.915698073083636,37.158331785477394,LOW_LEVEL
161.57396817276754,5.2187989397680035,78.49358494944933,4.285131101284607,LOW_FLOW
172.8589093513659,10.835685144474144,66.51375851648473,39.90956614012471,HIGH_PRESSURE
160.86700190420208,5.728150023734162,63.36032583606136,33.7909599813156,NORMAL
173.67669113171075,6.974003225478719,74.4389912247771,41.52680101469255,NORMAL
167.9034379116549,6.039518896579591,12.455212235754638,38.46014179071816,LOW_LEVEL
156.9780959028113,6.16016741435704,71.75409333520955,37.03470357348953,NORMAL
163.90840455439826,5.321891347370831,13.591818029357405,42.41787061364134,LOW_LEVEL
161.3117897553533,6.135872875634182,62.669495016545966,32.88959935219919,NORMAL
165.4917893816282,10.5,64.20993131738832,35.031426870765294,HIGH_PRESSURE
157.47823032859426,6.883074552367736,63.265350975709,37.31573287253839,NORMAL
165.37444273543952,7.283442848196766,15.554475019494054,39.86314256694636,LOW_LEVEL
171.29213401065465,5.758244772156685,72.82860281930944,35.63571040016329,NORMAL
168.2490980376435,6.875251877161899,61.63048155715352,39.819631508038675,NORMAL
165.13867703321046,6.422055214880547,68.08168199270506,40.10395273461718,NORMAL
157.5711484717772,6.819884258306786,66.39857814145935,8.3098495748403,LOW_FLOW
156.01785254183204,6.605209636869359,65.52578942261303,36.70044393942971,NORMAL
187.76577986872493,10.75557736904121,74.17378119562751,38.31084191640265,HIGH_PRESSURE
178.9171843354481,5.219927242864499,63.87545534075696,39.5863029071289,NORMAL
173.2702893435112,6.071463437421658,60.632030327662044,38.844003112345725,NORMAL
166.96296807196265,7.295597544003887,67.66735756306963,42.62474037242494,NORMAL
163.33300843059357,6.536954297006796,70.37709843791441,12.0,LOW_FLOW
153.43153716489238,6.5567487896551535,61.38120662612229,33.36795996462496,NORMAL
220.36197866552425,9.066684637336877,69.51700474863426,34.32522922842034,HIGH_TEMPERATURE
166.07502818818207,6.0909125289733055,14.290933973798142,37.3517696659626,LOW_LEVEL
158.8070444452853,5.300486822011487,64.24423969923947,8.18520232876087,LOW_FLOW
168.4790741717092,5.142268522892181,70.46370658228314,37.73376759009415,NORMAL
160.08769707211334,5.34807218353016,64.4845048462883,8.790783233468684,LOW_FLOW
174.93023459829575,10.933424993003081,67.23198574739733,39.49912577212467,HIGH_PRESSURE
236.8577677263461,6.176872304100531,61.920390761734666,37.18290097032073,HIGH_TEMPERATURE
162.95341492605934,5.2049427391770715,70.38056133359012,38.50953143698399,NORMAL
166.72406375441406,6.611501941740455,65.80739715156191,35.8088833929176,NORMAL
160.47048580112,8.0,61.476733451828316,34.006658465773796,NORMAL
167.94685290160527,5.604637654228301,61.04145980601285,39.51087116008194,NORMAL
159.13138925199166,5.424917492354595,66.99529598751108,40.755578599094335,NORMAL
163.30994346719237,4.399729499797429,10.128783310568858,39.195040625989236,LOW_LEVEL
168.76360284456138,5.058223315649617,58.3421182147816,37.46640267931106,NORMAL
165.8162503779246,6.307171566353188,61.593911882039095,31.451553963343585,NORMAL
215.96186818354926,7.8933602226673525,67.81275220070833,37.82591676273395,HIGH_TEMPERATURE
150.94622574017134,6.43369564428788,60.96864466648938,31.355911234145744,NORMAL
161.8022395496819,6.284779498380423,68.93302676887406,42.18102266736884,NORMAL
216.05758259756138,7.622292753944419,68.88703534221258,37.202752813928065,HIGH_TEMPERATURE
166.50968770728974,5.647041507313441,67.27229311471727,44.12461635295083,NORMAL
183.99174843494157,11.430161352744195,55.851991514989315,34.24514531011495,HIGH_PRESSURE
227.02058280082593,9.68141830521149,63.44005892169319,34.941180586099726,HIGH_TEMPERATURE
158.48373682257642,5.51384613755752,65.28299724983589,9.964461925315772,LOW_FLOW
162.7009331076066,5.781776463766813,66.31454101316508,38.511802031652,NORMAL
159.38924680188927,4.0,62.49347835824856,42.255396374929255,NORMAL
176.26759075397084,5.111556800046165,73.71665063995621,35.95676860196152,NORMAL
186.71822217304694,11.192883020899309,72.43857470398176,36.38481242546525,HIGH_PRESSURE
171.18827638102206,4.564529041085796,57.36084403421987,9.051101320621935,LOW_FLOW
168.70432568826374,6.516313957961692,65.84280126011039,5.700606299248632,LOW_FLOW
171.17499433895864,6.722066642495591,65.84249397382811,36.72290962528918,NORMAL
224.73687557534137,9.150597285544713,67.33812709211453,42.00745064481267,HIGH_TEMPERATURE
178.12283275118648,4.458621982702561,66.77553736657923,37.33549554083346,NORMAL
161.20735621306912,6.387478353479766,73.70071885420718,37.88600040798416,NORMAL
185.0,5.617023025796644,74.69024048543245,43.345777593095065,NORMAL
159.575427772052,7.178623685837489,67.13318908897533,32.22989817058096,NORMAL
168.58479491148964,6.0709800233836795,71.99221825191827,33.59911212273976,NORMAL
171.31297453951143,5.225614535280883,9.826261229383576,42.96250306613825,LOW_LEVEL
166.4429115442112,5.636808280703176,57.1318095204898,37.92494983154445,NORMAL
224.06825874906724,6.621787823469851,67.59706789582803,43.09697960480213,HIGH_TEMPERATURE
153.15747033774744,6.059736825410593,64.35519916337206,9.585516897387842,LOW_FLOW
174.27824973340037,6.306845804145409,66.97411429074158,8.043019873995789,LOW_FLOW
170.15151034621488,5.168260917615764,52.93193835745965,42.91324237761432,NORMAL
159.84111754690136,7.530695712652311,65.42275108207224,38.68852122370523,NORMAL
153.02671618621696,4.688236534999719,65.52930076585571,36.244592028351754,NORMAL
176.41988226947603,5.460524518229484,68.95005549305915,42.436897203095455,NORMAL
220.753200244472,8.571473002209565,55.14244042112524,38.030614556316976,HIGH_TEMPERATURE
160.60357903095934,6.0072007091362325,60.79539716569885,46.239111896074014,NORMAL
172.98911630227815,10.998236468631912,63.26919319950103,40.55031229069141,HIGH_PRESSURE
161.92959259433803,5.560093679172507,68.30485531983412,39.00906226738525,NORMAL
215.4150018664145,7.244505768513784,63.33811679083919,36.95465134330418,HIGH_TEMPERATURE
162.18656496311587,5.420715692018397,60.10636318626748,40.812723588162726,NORMAL
167.92879712871752,4.964651127437458,72.38693064767672,5.962422636781232,LOW_FLOW
158.21180019717886,6.429575985548118,72.67491600569728,38.421930476185295,NORMAL
166.0672284817966,11.330599943810448,69.66098175013545,39.50451665961321,HIGH_PRESSURE
168.17625281835183,5.757833858883419,64.82568372957257,34.334485867260454,NORMAL
161.31558003051973,12.112275337531601,65.70287641397539,40.6754269518598,HIGH_PRESSURE
181.42597818437906,12.151147094330419,63.566893256264635,39.98257543320295,HIGH_PRESSURE
151.37777110485354,5.6704932544239455,59.85056011912452,33.747172903344506,NORMAL
179.64763431005252,6.082485252862342,70.83568683805781,39.15509942096105,NORMAL
166.41916891709553,5.767416490599048,74.64036415108906,34.49119149509435,NORMAL
159.0312139467799,6.788627244040435,68.81433100386778,33.55511338463696,NORMAL
195.0,10.64768053551791,73.06734344786138,34.54491445576396,HIGH_PRESSURE
176.26207044203358,4.4526828903960585,62.88265947890766,40.04088822823942,NORMAL
162.96829857561775,5.411563404985099,55.14783398098291,38.65334453845981,NORMAL
173.13151782391762,11.04180993367362,65.26782641128449,38.40920799033495,HIGH_PRESSURE
159.46584205598148,5.755634085662058,67.36359813684388,32.13252252225039,NORMAL
147.07436591201645,6.02912724408721,73.26339108109217,35.04072546811743,NORMAL
164.29658072464082,5.274631319191813,65.92624393018038,40.531856897513514,NORMAL
164.79273867957212,4.699004180444348,5.9311393682765825,38.09831774386493,LOW_LEVEL
161.58304141150003,6.417995568740673,16.59489438016711,38.61136118250722,LOW_LEVEL
216.22047604047162,8.907773795653302,71.09244960901613,39.946836712596635,HIGH_TEMPERATURE
226.00379038731617,7.886753970752047,71.45746145675697,36.90652951575374,HIGH_TEMPERATURE
224.14402734283266,6.50697388003488,66.68019765490013,39.11839932126523,HIGH_TEMPERATURE
169.45293332542045,4.933928865203871,65.73987995612062,42.80258688875527,NORMAL
164.47963461824952,6.984671946272683,68.89472095886413,36.214227239273626,NORMAL
212.21606911846928,8.57956358213236,65.59858378266973,35.15496869624837,HIGH_TEMPERATURE
171.47355785482537,6.808419717507978,71.66040362963936,37.144248702206276,NORMAL
149.23987974422738,5.7423645703194985,57.821646858523806,38.181890269193836,NORMAL
168.0342402749213,6.782484080384806,62.18386461527302,42.623871415448505,NORMAL
168.3997271794892,5.985057506650608,68.25633152505341,37.62760739025786,NORMAL
173.73238193564055,5.8379994386580245,66.9460512110439,5.868349499946163,LOW_FLOW
171.11291524401432,5.978062624641195,63.91701284036272,34.18783220301796,NORMAL
165.87347448816936,6.78554094247542,68.73379209644182,5.349947427301939,LOW_FLOW
159.43245910663438,6.421085001640743,65.80702922385024,43.33085252851458,NORMAL
181.02807528321074,6.0519705442844165,72.14781198773913,37.79248001166023,NORMAL
162.64976863878297,7.051480603596229,62.21792926310449,37.03471592033,NORMAL
166.85729058453376,4.734233711497188,75.70636107727007,38.08609432723818,NORMAL
167.61607895031452,5.890422995599433,63.17917814832796,37.16969269667112,NORMAL
230.83033107871026,9.19053660462333,55.119481582450966,38.53787502243971,HIGH_TEMPERATURE
182.2240258547723,5.575224750001241,65.19514603014646,4.226016169010812,LOW_FLOW
155.90461934871652,5.032858073245446,70.53651829551957,34.87203925310986,NORMAL
170.12628107402114,6.120855899399729,61.78785255369366,41.99798510552143,NORMAL
152.46600807485092,5.703893937713713,12.243883117720623,36.67372983623999,LOW_LEVEL
168.33896642425464,6.9781296437286455,69.1010807744163,39.06325821598912,NORMAL
222.70465020653808,7.683858942816585,65.94231880104364,40.744587063989485,HIGH_TEMPERATURE
156.08306429545658,5.0674979710158485,63.040883548762295,41.4274948487783,NORMAL
162.19238094225616,6.725461969791286,60.35962685932109,38.939275804024284,NORMAL
185.0,5.9713586867586255,65.74971098110126,38.861639993388636,NORMAL
168.9897555285578,6.681618205401932,64.80622494988839,34.22270447969482,NORMAL
171.27875229286508,5.611341839080857,61.570861595966306,37.89117191445213,NORMAL
238.9197904112837,8.012874593056976,65.41231323731276,31.851210118158843,HIGH_TEMPERATURE
162.96929951099574,6.145184539780817,71.38746131573741,37.86706269373374,NORMAL
158.10145632419565,7.171782146689733,63.703003697487546,35.694324097693695,NORMAL
155.2178259487758,4.6966395346908145,64.31331978516778,6.25436376270598,LOW_FLOW
158.15578837673138,5.045092298865417,60.92318603808415,34.716322294824295,NORMAL
160.6694851565148,7.440461564209781,64.72922567888732,33.780559273985304,NORMAL
164.2967481010463,6.601577263343294,59.6279317544379,39.139769860401344,NORMAL
185.0,4.630557743175908,6.435749681649263,40.51289393147358,LOW_LEVEL
154.81638057008215,5.419019056114157,59.9409901479404,40.669698089730595,NORMAL
165.63584941438694,5.714509462965021,13.860810276757759,39.16252147297548,LOW_LEVEL
154.4224322713004,5.712066037410791,60.7370407830377,37.327830456485486,NORMAL
164.30432019515183,6.466931883308557,71.01086915715449,39.89258454254238,NORMAL
192.3987676594246,10.929704890884349,55.55889500663792,41.45431883996552,HIGH_PRESSURE
156.48421803099063,5.15137780019563,69.36969127093002,38.13153186864048,NORMAL
156.1947098861251,6.480806872934399,57.97441728965753,39.11919525143669,NORMAL
185.0,5.021125662516998,64.54696858669412,32.16100532310064,NORMAL
159.9119352042861,11.243973849163332,69.42829356569283,30.64152627233541,HIGH_PRESSURE
149.2105385887312,6.069365105965351,68.38748172962332,38.29105330286857,NORMAL
162.98349747677315,5.144596929128145,65.50229635416447,43.393462692912856,NORMAL
157.47102323260034,6.4270913526579765,62.96411659786704,39.170658081752414,NORMAL
180.84992413860058,12.115495778479676,64.14738043850866,37.25483844930567,HIGH_PRESSURE
158.14258876978056,5.391971886690401,71.98928989288768,40.883926307951036,NORMAL
178.18489729459102,6.034860024165356,73.41777856119899,33.18706158259497,NORMAL
166.68427736631398,5.949189136884948,63.1965038741143,33.641181599208856,NORMAL
170.0673723282188,6.236373913093287,62.37290169718834,30.6059144585624,NORMAL
165.46619464748358,6.022620829831302,50.0,38.56436673081747,NORMAL
171.75149513242684,5.276914542011029,71.47982189514286,39.81003975313391,NORMAL
179.78064820344912,11.239898200444522,63.755020285102184,35.86071561735903,HIGH_PRESSURE
154.704740475709,5.214163767988179,70.46030208390046,31.921304528045784,NORMAL
175.82075127805237,6.546287670760062,67.7120637059541,45.67619426594185,NORMAL
161.61668595342,5.374329154583659,70.46093164417209,29.966681953507443,NORMAL
159.97212215890568,6.648592048451941,66.9807179217039,44.65614339355219,NORMAL
162.76258535093686,5.8695360552302525,65.15772339302215,42.39978953954888,NORMAL
169.08560246957097,6.846697647383886,62.3406359619288,6.626607430653929,LOW_FLOW
164.50667744634768,5.164804775002819,66.21857931853906,35.413778068190446,NORMAL
168.8310043081637,6.303638385550116,65.06276361555142,38.01914197098365,NORMAL
153.94254787698367,6.704473334333825,68.10398719573699,34.07155311470184,NORMAL
159.79663637861444,8.0,62.01836073495322,37.01813626585833,NORMAL
156.5828030556123,5.188680712717448,12.598553763664146,36.03404027728494,LOW_LEVEL
194.36444104806998,12.088173545059155,68.3116502859176,37.704770168799655,HIGH_PRESSURE
168.874426204791,4.598626319712347,12.690113144711994,38.771059555688645,LOW_LEVEL
168.287860615207,6.014355994811434,58.56348900759845,39.286087470892994,NORMAL
178.67648670696076,12.018057679872015,69.4261900854621,40.6609290447111,HIGH_PRESSURE
175.26173529036993,11.1432472392438,63.817406740828375,36.81351811654582,HIGH_PRESSURE
158.55265777105848,6.256591162484782,76.83814589591935,40.17589283251221,NORMAL
229.98809063702473,9.096375717925062,59.863523850446654,40.82311320897462,HIGH_TEMPERATURE
176.74465458132238,5.062591517682297,69.77346253028144,38.294586010408416,NORMAL
177.63348402385304,6.69374668358205,66.11618968087414,36.83400233825786,NORMAL
149.17800750106298,5.743867028403782,62.09092442360429,38.58598449509781,NORMAL
162.78635551718196,5.452211581784812,13.66759262729719,35.89039199704635,LOW_LEVEL
224.71653908218252,8.11589613747167,59.65385413760391,44.10480333343762,HIGH_TEMPERATURE
221.56620932355108,7.71181401200106,55.84286178077491,39.19901528526819,HIGH_TEMPERATURE
167.41241845450324,4.981753314229042,67.57472048535953,39.11121627040827,NORMAL
184.02791229217428,10.5,59.61183276632255,40.87777519975994,HIGH_PRESSURE
173.45751416193093,6.80444219636938,61.34631807683597,41.14469874617005,NORMAL
167.06583058658157,5.840625659569921,65.50148032153304,38.67662935631156,NORMAL
166.05438741608657,6.717980678963426,60.45218561876141,42.921429663226554,NORMAL
161.9345014309121,6.22932040898979,62.93634270276225,38.04442105469079,NORMAL
155.50141512750182,6.664256246021731,62.708950628902556,36.81593484868746,NORMAL
179.17072993814148,6.547218159633472,60.757355428650364,37.15995687883811,NORMAL
170.57129512658216,7.602650430742028,66.07750599900984,37.61861387504274,NORMAL
159.41422832213942,5.861134040180983,71.24194287999036,40.73230895387624,NORMAL
166.1057874037944,5.435124200384165,64.61607312262383,34.719003554200256,NORMAL
164.50940523336922,7.058500490685344,63.21068751468374,37.97667341427696,NORMAL
167.89280417474868,7.088403281718995,69.51033409521239,37.97254986734829,NORMAL
161.84341718504484,6.072420015425588,59.00845962458397,39.51435128745647,NORMAL
154.79450941329662,5.665284552838692,68.74514995558286,37.50464104948276,NORMAL
157.76153997428463,5.8477435553588,74.79163136405758,39.38424234325239,NORMAL
165.68799252004172,6.9068278569092065,59.936688753103,41.42411631420326,NORMAL
168.17126801765653,6.531335395865547,65.97946417483793,39.002667761419836,NORMAL
177.49150561442858,6.146049334540905,59.55756088186604,38.652128971816744,NORMAL
180.65422934008686,11.16412144408324,65.75603942778754,40.86774389828717,HIGH_PRESSURE
183.39671274429855,6.090329630011064,61.8704688552543,36.297817472741585,NORMAL
177.08909253087307,4.871734212679,73.10903464154408,39.04651629070773,NORMAL
156.5006847051235,5.484614576900464,67.64945274799958,34.54341665937227,NORMAL
161.61361350364677,5.061854130478267,66.03669484806409,35.89419103210312,NORMAL
167.14530224764252,5.22437161748768,68.38386397392988,38.2016677639535,NORMAL
165.51182169095082,7.024295297716567,65.11449230237233,37.9230520068183,NORMAL
183.64819737246455,5.075905745015751,63.96536252507799,38.489706256152076,NORMAL
217.45797109182428,7.596444140982451,74.41693892708594,39.23837295515955,HIGH_TEMPERATURE
174.666102603844,5.22999289237538,62.94064195653152,38.729552992674,NORMAL
156.39664194704946,4.922664084604521,59.05826961941193,36.9339640170039,NORMAL
169.88801567860207,5.514366232116479,60.78379837706225,43.06770498595761,NORMAL
159.1657045090107,5.962659926427291,61.83942353530152,42.16744128967814,NORMAL
159.2141145124733,5.25108126049312,68.33977952647457,40.068420693223295,NORMAL
161.07381997105608,6.465544159516943,54.77774244301953,8.010636387866285,LOW_FLOW
159.4078251751686,4.689476981390598,68.61035596270499,43.46671468018875,NORMAL
175.55458057917275,5.178369752140253,12.193764683215937,38.46888220510267,LOW_LEVEL
170.73187952011259,12.078415985492644,72.13233331061652,37.04403583278929,HIGH_PRESSURE
165.0878631406592,6.553791677038291,63.89691831652806,38.2081689038406,NORMAL
172.85183799446492,6.806878014237099,71.66558144462608,37.2795533264665,NORMAL
157.7917277659604,6.566849332194753,70.91969561945918,37.46809854249355,NORMAL
177.24345521260673,11.55046017472663,64.29272109799444,37.082796853603746,HIGH_PRESSURE
146.33107104121356,6.901019169755662,65.66858403873256,40.39996836090325,NORMAL
171.53701995091765,5.362039610124782,14.912456885966876,33.59395644989964,LOW_LEVEL
158.25160727771734,6.965698891859608,58.9854965457211,7.430382975806849,LOW_FLOW
169.74235583148192,5.886863697914803,7.566712389923428,39.49141825576899,LOW_LEVEL
182.91414906736236,10.992894513942751,63.43458012746778,37.925624368795276,HIGH_PRESSURE
178.31820846998616,7.212159616027776,65.9219686879431,36.40571394178195,NORMAL
236.2575491321185,7.928252587046522,63.96374054792703,37.40339800297144,HIGH_TEMPERATURE
159.85151100039482,5.3914140886017305,80.0,39.703698581384465,NORMAL
157.95775223993596,6.46953881996515,8.477164006841225,39.434634985006774,LOW_LEVEL
169.51584087869506,11.460760466138131,63.95786062354513,38.494256311714146,HIGH_PRESSURE
166.63765348816423,5.9950301666636,68.9946554352962,41.047700608341245,NORMAL
149.50529567503852,6.656599261537389,80.0,43.64693446908673,NORMAL
149.07350403900801,6.506284141876638,75.55764665655052,37.02809386285631,NORMAL
155.48895877121916,5.4405993168800695,78.42188303398167,38.203780475284304,NORMAL
167.49796670979518,5.950738070973563,60.06581507721961,7.598038161263534,LOW_FLOW
156.09289566462522,6.805587824406441,73.8604949171471,36.61444585719887,NORMAL
164.23056850461333,6.106610260783124,68.9575408597326,39.37932140133356,NORMAL
162.66263051357157,6.64907535514212,63.453846380247576,32.75282473018523,NORMAL
171.84015459437822,5.868227073152504,70.44481513692493,41.3800028683755,NORMAL
171.43904452689904,6.110807926052541,57.803158622405974,34.82172469385968,NORMAL
163.6657941279841,5.091112664726642,63.243084704422856,37.02675687371885,NORMAL
170.5035725676374,10.8655774805346,67.59568029455976,39.11536191676425,HIGH_PRESSURE
164.72409931210444,11.33960866632898,60.36739082690242,32.052439070917,HIGH_PRESSURE
170.677294925103,6.076962824503339,61.7207545558072,42.453875953072234,NORMAL
160.83529269715672,5.8682442350956485,66.4992617208704,39.32124106321939,NORMAL
159.6502127338896,6.284012858269439,68.70883367616749,6.410647015735093,LOW_FLOW
176.56100765541228,5.1928892326471585,75.5156976669525,39.333716717721096,NORMAL
155.17667559446525,5.607349699384673,74.41324511326357,35.82185237487596,NORMAL
174.35630517835108,6.06723999738221,58.921819352006594,41.81478909718582,NORMAL
164.88923321309736,4.85737299003745,11.633077896201007,38.2369005154347,LOW_LEVEL
155.97637581195465,5.450284685154987,62.01870641487641,36.72414438458517,NORMAL
223.36048128248694,9.144768639123109,64.06985859218861,38.6979875068034,HIGH_TEMPERATURE
160.3318129696717,6.453631529036723,71.74710848425977,41.312826433148565,NORMAL
161.80360846729258,5.907042482941539,62.44358438189627,41.65496165859169,NORMAL
147.10459601019184,6.743277046412411,60.29813848782148,39.76837849586925,NORMAL
161.2447812783782,5.316913163935494,71.90152863865403,39.82142739988305,NORMAL
175.3282324414731,5.488673618763734,63.03156608038265,37.661841187326154,NORMAL
168.4115793295862,4.821798515436244,65.77251624563887,32.07429597069745,NORMAL
168.87714809049362,5.0105407531696144,68.85690263275234,39.964673473933644,NORMAL
160.71795546695537,4.074896055596396,66.95465275922065,35.1055186341114,NORMAL
173.36425819831743,4.458420261715011,72.39142294692246,36.38562556237655,NORMAL
171.20633058093907,11.24936121121456,60.37512953380935,39.89043596238154,HIGH_PRESSURE
213.14474621521737,7.5951934448588085,63.33887091539463,37.272279855329366,HIGH_TEMPERATURE
159.24414763217163,5.852326404440523,58.00787399642076,36.72068061669732,NORMAL
179.17207425989398,6.126609158490957,60.87965415200057,34.09319789308549,NORMAL
154.41967093366657,7.043309129870367,62.88979782746866,39.7646687819388,NORMAL
153.22550118940651,7.044096561514136,69.30196794485288,35.72962759109037,NORMAL
165.25686139176747,6.132829592813857,64.36826494436228,34.053232097029905,NORMAL
165.1707083891626,7.0746348384897555,62.53896685844759,9.343106694907572,LOW_FLOW
163.72281354062386,6.9387809281769,64.14322677060933,35.374351015219375,NORMAL
162.93035278651416,5.63615963447248,65.960854573309,38.249032784821274,NORMAL
168.29577265701403,4.866185714331782,63.92639565699568,38.62106038483945,NORMAL
230.57804886596523,7.842273061885692,65.0685860844247,36.30354944139454,HIGH_TEMPERATURE
160.11049752300565,6.035833414947903,68.56126858200524,4.761514678033912,LOW_FLOW
177.34794284811642,6.265820012939573,61.11942854901375,41.264318878252496,NORMAL
151.12491390040879,5.71268038627269,73.13246163541059,38.926126346153076,NORMAL
155.38909729910705,5.317495475495084,73.16730347476152,5.845673648371029,LOW_FLOW
149.83211840683148,5.182214941477364,65.65029777359918,39.53938897577608,NORMAL
163.8688359828496,7.045311093488029,74.39925012472648,42.769189534140196,NORMAL
172.44670581080425,6.6079306250508365,65.18100985331314,41.635187276336026,NORMAL
170.23158256738353,6.364893151317862,59.65101600096651,38.04621198347435,NORMAL
178.15441368186953,5.481463377364821,60.54562929906802,37.42836747819775,NORMAL
161.25259441680433,6.497095447013579,59.890686540872814,39.128770700847014,NORMAL
157.8421838483534,6.655876579340039,67.63873995999703,38.05004353664231,NORMAL
167.18116210745703,5.174019822871127,62.45801806316597,40.67700961139274,NORMAL
178.25900896185996,6.961278599148332,63.22852285447997,39.98685621942327,NORMAL
164.56739859169673,6.585338680976608,70.10984344391049,36.88204143961843,NORMAL
167.75683923800287,6.490725218810475,62.41077049428732,38.87253800424076,NORMAL
168.14979999451518,5.777864019662982,79.33981267175851,39.938349364840015,NORMAL
170.21232496515168,6.959557592534688,59.07106393191166,36.71138605430843,NORMAL
166.36794399582084,6.570894604463737,12.493848884686566,32.21248143980349,LOW_LEVEL
171.4729399070848,6.444079713812936,68.85058696006527,35.84143946158734,NORMAL
169.24555150419786,5.940099124147962,62.14162467357418,36.40925296269104,NORMAL
177.40030895247335,10.776359257515296,56.26644656329402,41.23454829113101,HIGH_PRESSURE
162.30139870345195,6.790706597959221,66.43526757486369,37.72379376584275,NORMAL
167.76216371808442,6.136463250976564,9.923539810839413,38.12729298374942,LOW_LEVEL
230.3583094871301,7.8059865845312135,66.85523492629889,38.94619517898459,HIGH_TEMPERATURE
176.57646956824883,6.318982942988445,61.821027276927865,37.831202437204226,NORMAL
181.2970231756785,5.605173113434473,66.13609968549387,39.25176341559794,NORMAL
156.8120200590251,6.1198685772204,59.94994669412962,37.570921190651276,NORMAL
166.68533502179696,5.933634008427008,64.3244460183476,41.97478282551506,NORMAL
169.80873469931436,5.729885321071328,59.67100707981305,37.21835143762477,NORMAL
224.90174157355213,9.446758560308751,71.41466904264303,38.99479962493623,HIGH_TEMPERATURE
162.18780211885365,7.755407349854853,61.04742646736857,38.05076675984923,NORMAL
228.01591416612553,8.94843466980879,64.96957803695436,36.94050893596493,HIGH_TEMPERATURE
168.85908989865962,6.440847276999695,60.99718533627581,38.41895013944148,NORMAL
153.23354964397873,5.6223307711607236,55.77671388991887,42.15778683341817,NORMAL
161.7133722502974,5.1170876353818695,8.9566801900106,38.70373979335084,LOW_LEVEL
167.7663432063026,6.582050503318363,58.71181812824706,10.82820750411817,LOW_FLOW
175.70556906350922,7.175474641422274,64.46248577334566,33.74669455080316,NORMAL
176.92099473837257,6.273919520299142,61.70221053178615,31.778387765529633,NORMAL
166.30202452084004,5.3165303545636196,53.94620289008971,35.27738990894026,NORMAL
167.87769199123287,5.522448296731598,62.163601002558686,38.17644444862671,NORMAL
164.64066858066073,5.35298428383598,13.569167036517772,40.784270254345415,LOW_LEVEL
162.01245626920388,6.184622887638462,70.73983777094112,36.91815161961845,NORMAL
171.19112944727894,6.3699874384838315,63.33496804654121,37.60165628439163,NORMAL
172.48087008818226,6.271093239385182,71.31155656314141,40.048446314901796,NORMAL
163.6645765591315,6.594769176713945,64.63322602711612,35.62781025655037,NORMAL
156.50362992922757,6.841769297353531,66.4386773588216,39.217762654585954,NORMAL
174.50180074609548,6.792621159783142,64.08770194894012,37.13798774599859,NORMAL
161.0873802550486,6.849186275325827,68.18541050144498,33.64071070679069,NORMAL
158.19344302093845,5.9006763010002,69.4422721548521,35.26218142367662,NORMAL
238.00349777362314,7.016856696519306,59.932750968816805,34.953524658445325,HIGH_TEMPERATURE
162.2759512397453,5.667943229915451,62.21565737376447,43.20687090694224,NORMAL
159.7766708426823,5.150976555820701,73.71270151671203,34.792401969389424,NORMAL
155.44507615420432,5.904660203851215,75.0868136861282,38.85711334019359,NORMAL
153.75868511458432,5.631074637555469,61.59674142930198,41.113634686707734,NORMAL
160.77259095107578,6.174723941710459,74.56342327476766,40.030339333814354,NORMAL
160.6595374391054,6.269721166031444,61.95866212643751,40.40734506434247,NORMAL
179.01538639777297,12.53102681025405,67.8278172255078,34.35658241268192,HIGH_PRESSURE
170.50153748094226,6.865440213827658,65.62528095555946,42.73878250660257,NORMAL
164.6032775369445,5.472937941096732,65.18043640947225,40.86633525795292,NORMAL
170.32468189050743,5.494514410839987,62.94576534950393,36.36623953822081,NORMAL
159.26733416204266,5.304136176132257,7.363988147147696,36.55536948198322,LOW_LEVEL
167.5126177909584,7.267887377091384,71.25235020115535,35.265579495631094,NORMAL
169.67240147500675,6.215762196784349,5.757060852668247,38.620742595447375,LOW_LEVEL
175.19557773552992,6.442987392646126,66.10809473924655,40.50330246334309,NORMAL
169.07856566220894,5.584967189969508,64.63482405102754,40.53011310390255,NORMAL
169.34141077248262,5.061260283429551,57.74343879589451,38.602400160590875,NORMAL
234.52363179321523,8.99353913387931,61.949727251403715,44.436254862878016,HIGH_TEMPERATURE
167.83583163996366,5.731440839863131,59.421729994201094,38.78906996469677,NORMAL
230.87292735795413,8.49840169704146,66.87961679424649,39.42139750855239,HIGH_TEMPERATURE
149.83963320041696,5.606052316722803,66.3711932634879,41.87491104059977,NORMAL
173.95517729598703,5.691554691929522,58.565782022763685,31.86203958377874,NORMAL
167.92290993651014,6.046182152174202,62.1813472341037,36.94472610593426,NORMAL
177.58683921980193,5.537190289970451,63.597138059728195,39.95040708674085,NORMAL
177.8125710231634,6.653393162928217,69.97484597080235,38.69612781422972,NORMAL
172.33049152859653,7.292507895638008,67.63109323976163,40.588809817955394,NORMAL
161.19400704549906,5.105526807777147,65.2747922483623,38.83436002480019,NORMAL
174.58815869213356,6.643588954218069,71.28639450567205,36.73925674261643,NORMAL
159.93396638181125,6.107009497784001,70.99868692821364,38.42937825137275,NORMAL
161.16308830495993,6.895414215987567,63.76625447453903,8.468177899770488,LOW_FLOW
168.50169888299283,6.368473927811141,63.74748365338415,2.29431499418847,LOW_FLOW
176.22776307814004,6.150117861555223,67.27410487818504,35.561929885692905,NORMAL
167.72352354801237,6.754087532601681,61.05858424607518,40.386608894501656,NORMAL
175.76028236854575,6.1706510356129085,62.534101989731916,6.819373301404174,LOW_FLOW
170.26310408346544,5.046425364092778,70.9932573656659,42.655054135236625,NORMAL
162.1544134754317,4.723677999534047,69.9843578511316,37.983532219175245,NORMAL
159.02382488036554,11.572950955174681,71.97887582485254,37.32450061514911,HIGH_PRESSURE
156.70734420104276,5.321732931028062,68.29798705297146,36.89915570660948,NORMAL
163.81235047255277,6.233764174610174,69.59871088088666,3.153018628882867,LOW_FLOW
171.34005929338085,6.841211021727686,68.16364051472279,35.25014655265061,NORMAL
183.8781754746369,6.283410600703353,65.99181132180104,35.77335385932304,NORMAL
163.58907239608536,6.900736202769938,65.79361125281244,35.456479787666815,NORMAL
171.86380705005723,5.526106756671485,65.76585953629792,36.72317076941772,NORMAL
163.30859492252233,11.520039452855942,56.85591052030319,38.11508042924794,HIGH_PRESSURE
161.09512979729118,6.752449841210449,60.735455985369335,34.64706385215781,NORMAL
177.62214563945508,5.294382529537977,69.87861323250796,37.527191022823644,NORMAL
173.65160375702825,6.3366481074095375,66.3536592948023,34.29897002302789,NORMAL
179.8032985790002,6.111240700085007,66.20812821092025,45.01715898674788,NORMAL
176.45181691141934,5.048429507054298,67.94689974833166,38.37748785149302,NORMAL
167.64231956493273,6.530709383242218,60.89829838628452,37.6244016736532,NORMAL
176.4473521505948,6.871634857638111,70.1721469311352,41.76806221214015,NORMAL
163.73092130369048,7.139061799164501,61.47259675484819,38.42546952535882,NORMAL
149.67547868424805,6.274418627741938,71.6309248171479,31.84613163185892,NORMAL
164.23771370388852,5.514843613608255,68.65328302906059,40.602201333135504,NORMAL
165.3786209525588,6.488374253945782,10.004541408581773,35.32340145531801,LOW_LEVEL
169.40739504714833,5.27113253458152,63.14647698556289,41.065359410471046,NORMAL
163.0355986783945,5.912430895417753,62.34134601855666,31.85242395014809,NORMAL
164.75404934191576,5.812675094386612,64.81568048511487,41.48134891363015,NORMAL
179.55305255215217,10.5,63.05552289545328,39.85614495327374,HIGH_PRESSURE
165.8696172225073,6.6018348453572555,58.43958952417054,36.43299897731789,NORMAL
170.33258134887626,6.920665640120997,66.7580209451335,39.89519023233033,NORMAL
159.7540523005415,7.499923977964122,63.754578695814914,39.972141574794314,NORMAL
163.08183189685127,6.352322154837931,64.00550535128701,41.89550496858283,NORMAL
166.1427355402558,6.316917781841104,16.985434850831222,33.77270188066515,LOW_LEVEL
224.76152429871254,8.136462616538278,62.33397706754295,32.98190841995584,HIGH_TEMPERATURE
159.0512941694995,5.614989095139212,65.2176123584287,35.996350550637224,NORMAL
158.05445255487376,5.8580614510353275,62.939466636531975,37.78242922463678,NORMAL
169.1782684068815,5.796513046197175,63.77057615914849,6.480446073107881,LOW_FLOW
176.69884210778687,7.089826220068203,71.37320578097699,38.41645809921714,NORMAL
161.53258412174793,5.6042719498771705,72.30406780381603,44.792265683941835,NORMAL
166.09419293853358,6.977669330363734,56.538791992357886,40.499179842830124,NORMAL
168.87185835161222,6.093803133317537,59.20449206911715,37.82000413575999,NORMAL
160.3939318044943,5.75581711382994,58.16813976007513,41.765893318402554,NORMAL
165.28461181587699,5.804286192537731,63.82690980739551,42.316199750086746,NORMAL
163.87209682044465,5.838904664821854,67.15862093067052,45.42653336988658,NORMAL
166.38070334177695,5.867875908694938,54.47797148866648,37.69483843055349,NORMAL
174.5788381532935,11.965644659876212,66.59351054943821,43.716039813401856,HIGH_PRESSURE
166.933156173414,5.928100237327571,60.383268037701825,35.93689767924252,NORMAL
171.55011160277954,5.617255104415043,62.66271769753965,37.67284472640287,NORMAL
172.18844224114093,4.881594797488031,62.67727818999387,35.39052906449175,NORMAL
162.1445266972522,6.072289266301423,63.50418440904067,5.843577448040034,LOW_FLOW
170.94083967388232,5.9703529432900195,64.95242407258264,42.74719865807438,NORMAL
174.50107514176898,6.242676524120596,60.39258614159472,41.21292919046062,NORMAL
150.7699297128829,5.347454710358917,9.553814720961377,35.498804369666075,LOW_LEVEL
178.8188017133135,5.463527923922188,68.3110356961015,37.47173691032111,NORMAL
164.89267370460152,6.114605578540613,63.66578363950863,37.2707869345426,NORMAL
168.6353627057149,6.635782986487127,62.925930893169856,37.09371190493667,NORMAL
166.64328421569007,5.816402165288758,58.90590451752559,41.325881592383496,NORMAL
182.9106533313154,5.197843702161933,65.89826575853596,37.466017157359985,NORMAL
156.33834542170547,5.8629580515247985,63.62977640508705,37.75398205811593,NORMAL
233.51970599311474,7.629349172279494,57.714846986942305,46.0374881335825,HIGH_TEMPERATURE
164.94306515897188,5.247714408815763,79.14609581104251,39.41121190458369,NORMAL
176.59475840989043,4.580071406817919,69.48413786949641,38.897923148609955,NORMAL
150.1781771064778,6.066921965525765,59.49470534376892,40.28589240705111,NORMAL
163.60990088510272,5.604962616653289,61.52109805197602,35.64407091394996,NORMAL
159.09951493769856,11.971006877967614,53.34351634889581,35.82548872870256,HIGH_PRESSURE
165.4475148010592,6.123738774758133,61.648894533630276,42.178580399633546,NORMAL
174.51027291483098,5.766277831941976,61.841026635364535,42.839814887866545,NORMAL
173.28979551564143,10.5,64.649674251032,37.06386555557638,HIGH_PRESSURE
157.24481137809104,5.067461600696292,68.7392259745218,33.67289476941412,NORMAL
157.68338977338118,6.403336282540445,55.80932765772362,35.94632570626973,NORMAL
172.81010875665064,6.217144165358308,72.65138111030416,5.824046359929282,LOW_FLOW
160.02531207516475,5.704138650644968,64.52192976724787,40.21039014810911,NORMAL
176.5265007840341,5.710878072489882,63.31286973863899,36.918619729559204,NORMAL
181.1768716068278,6.537139639887273,64.83279943565228,39.09682839030078,NORMAL
157.7561675571195,5.284538927816312,62.177556382630215,38.881410682278535,NORMAL
166.95973014508587,10.598579962408525,72.29707076194678,42.09410731336647,HIGH_PRESSURE
165.7922785680576,6.3645046290912175,63.31559538302421,42.640212221842354,NORMAL
162.40988484164285,5.667391798903886,11.727405441332115,41.2588841911996,LOW_LEVEL
166.7846379410022,6.469430017354495,66.38275428721266,38.44375801972744,NORMAL
169.7270565879331,6.215667574159856,64.0028499334018,39.78312825670958,NORMAL
159.90858842735946,7.018165792700318,66.17071304340588,7.001826230112836,LOW_FLOW
170.46902983583777,4.923516583755999,73.91383372520183,36.33583182618464,NORMAL
176.7836285775166,5.751886402816602,62.871757500350704,33.69312057649843,NORMAL
141.35504940523944,6.765010132664899,64.36245770475921,36.81764507060248,NORMAL
173.8797571448456,4.774849174607751,59.34716771621826,38.662385298643926,NORMAL
163.5838913113885,6.293524495968116,55.052807876380356,38.02649379550363,NORMAL
171.56422780333935,5.073602201265757,63.64970163223483,38.50944472623829,NORMAL
150.14950746308435,6.87878539734065,63.91191450095275,43.54538979665439,NORMAL
140.0,8.0,65.36898406923714,40.69050943956765,NORMAL
175.06645594161043,11.543407690639865,72.02698083978578,33.10949537275395,HIGH_PRESSURE
164.7413030504383,4.485146189968851,62.22394951499208,37.968728610265316,NORMAL
154.5857621006919,6.114490607976688,56.666640320923044,40.160229698238595,NORMAL
166.8084767128162,5.599250576813157,61.94622046770594,37.9178523532687,NORMAL
160.81825043064256,5.5472687584643,74.19687783113615,39.11468126508149,NORMAL
163.7639545660008,6.618931417098951,67.3008351034774,36.375091563536635,NORMAL
162.8328509834325,5.845667792189577,71.52703098397133,41.77876583729716,NORMAL
163.99964467312094,5.571882934134617,63.23092076260166,39.014231568412086,NORMAL
169.88593724636956,4.856796444926966,60.75614954726011,38.745528330521324,NORMAL
179.2265672537586,5.709155135032563,65.59019416828536,39.95319836821181,NORMAL
165.0425828836136,5.662771746844789,75.59214255596989,38.69719688724263,NORMAL
154.1472011924871,7.492123714591009,66.50706104068058,37.22676079121634,NORMAL
169.3733362609319,7.109220132862471,67.86270530559202,37.73373406656165,NORMAL
171.39130342072818,6.509310835210578,65.70518392786776,40.77438141009292,NORMAL
160.6816935758963,4.09379198098746,61.954158942291386,40.03674037288588,NORMAL
159.44588990201544,5.692142905357415,70.22703807662234,44.87217268945053,NORMAL
168.17593043599072,6.119438958533357,58.323662636610074,37.47907440448189,NORMAL
163.0590476207978,5.313565432462805,67.89279129392091,35.76239208898282,NORMAL
160.2565930374368,6.8308120029011725,72.07295083909557,35.48023562752691,NORMAL
165.08268450545884,6.659786085815699,58.32948845759953,35.169347541127024,NORMAL
170.63718265776518,6.084497247924574,60.81420518433862,41.327562727205105,NORMAL
164.81851779739483,5.706150935738229,66.86909279381923,38.44512043531851,NORMAL
167.42773520653336,4.966676258681693,60.685996964118004,37.83891665839169,NORMAL
184.95141604582392,5.697572322342453,67.75970508878686,40.95694037983277,NORMAL
156.43274403324384,7.650459806362304,61.7484855084136,35.82314453674797,NORMAL
179.91546368480624,11.650629094072672,68.21813134580441,41.060570418402335,HIGH_PRESSURE
163.08423147906942,7.319889832494877,67.1214746228118,36.70560001140976,NORMAL
159.49302174215393,6.997878960659713,66.49019857433458,35.47232285241346,NORMAL
161.63077613874276,6.103799224754111,58.35242168424257,43.12404088176862,NORMAL
168.4317231290176,6.8957816109698165,64.35553545878618,36.979647922059776,NORMAL
169.36871384665142,4.952444940544271,70.48863905523483,39.126476145295676,NORMAL
154.4477585306519,6.163017244961358,76.05939820138323,41.54131213369203,NORMAL
156.71936635806495,5.106144717677026,69.24567116729358,3.8807185967184985,LOW_FLOW
174.54983016385808,5.550119502967295,10.804707306463548,41.91339614317896,LOW_LEVEL
163.64925931837627,6.423324932757859,70.096079159878,38.21306209500928,NORMAL
169.3874233666384,5.912967025405769,59.15468559992774,36.12395175031787,NORMAL
163.77981974038113,5.648860010539668,55.5277692604143,40.78317385999741,NORMAL
176.1814756273564,12.387388640032622,63.81719003225903,39.61703464822106,HIGH_PRESSURE
177.53153299903386,12.415116136458108,61.87749737795412,39.36030087001859,HIGH_PRESSURE
178.0192107157175,5.549260051345354,72.57411640780495,34.85029438342719,NORMAL
168.54036499363244,4.0,65.38023558777354,39.58753342226956,NORMAL
159.80752197566977,5.460393679533236,64.68044988679424,37.06855135342124,NORMAL
160.1462092510425,6.421864033218551,66.65323837949833,7.115639695567545,LOW_FLOW
221.63897956078145,6.860233669540211,66.47839922343665,37.87865720200536,HIGH_TEMPERATURE
179.24830767393837,5.70898989996058,76.10901952321389,37.89806128518597,NORMAL
162.3786152451043,6.376200839097354,66.52762704105386,36.25423516414293,NORMAL
171.46838199681613,7.42714158217252,64.07272757463848,39.30117375669923,NORMAL
157.43794758501298,6.110812475963368,63.66752643890209,36.538571070308315,NORMAL
179.3538542346287,5.280591128011365,71.65521983394167,40.93446454950359,NORMAL
221.20035360757186,9.648545780039456,70.17578191038227,36.263843150273296,HIGH_TEMPERATURE
168.72397419333024,5.954709942915334,68.37992407176976,31.641821168500726,NORMAL
168.79474326427717,11.62548242263548,64.88234688231395,38.513424548147384,HIGH_PRESSURE
146.91668194129718,5.297417417456825,64.16212581127893,39.4022632020603,NORMAL
168.9383752955043,5.214886291842814,63.8517987810108,39.64373324448736,NORMAL
176.68943093376262,6.136697468942793,62.82425959373535,34.43331363926443,NORMAL
163.17787563534927,5.218724405120964,65.45650111329286,41.048178594054654,NORMAL
165.54063255591115,6.713654942140927,67.60056116211398,37.6058176832706,NORMAL
191.691972667786,10.95992157501127,69.87058957423694,34.90652001156094,HIGH_PRESSURE
161.5492844940839,7.382423759750151,56.44893921839155,35.58295568522741,NORMAL
166.55025477664304,6.20487749235416,14.50188158334171,39.64147998313419,LOW_LEVEL
169.64498095557587,5.808626846875023,70.6935040154197,43.790677234873435,NORMAL
165.55326580013153,4.572027529773604,7.78667207147816,37.55166983849947,LOW_LEVEL
170.34660814486398,6.052486852592885,65.34927745056076,37.59465197622395,NORMAL
173.65135438098727,4.7820391234231066,13.221352163578915,36.99262865029587,LOW_LEVEL
185.0,6.328208721779319,66.24059779589149,35.047276425559744,NORMAL
173.22442852319347,6.0530098506478875,64.4830230241309,41.33012747755008,NORMAL
164.92852905686422,5.958572898962848,59.753697077356065,40.13649458221716,NORMAL
157.66360842831392,5.001307588500366,54.25895659831182,39.14314426219849,NORMAL
176.69439334037844,5.805217973142694,57.59790414930638,35.44140006093007,NORMAL
148.41613251206968,5.901947191142527,67.32832351139177,39.31245409800613,NORMAL
163.49446514359136,6.402267488336939,66.55389978414956,37.89673366686205,NORMAL
165.6920443353717,7.265809366145605,63.48741193092886,36.9264608924269,NORMAL
154.75144634523335,6.322802473951885,61.61973598597883,37.67213626971175,NORMAL
163.95089975837325,5.860231140579001,64.90620020288185,38.74501560129731,NORMAL
153.69186141077878,6.50403318734812,69.94180837626762,35.39686547928865,NORMAL
157.3714334824478,4.981361806382912,51.91625197522118,44.92596355018036,NORMAL
167.12422919293178,5.754904258217757,71.1205544595978,34.47283997475693,NORMAL
178.95147620934233,6.344351140949416,63.70243387758952,35.85055582963838,NORMAL
169.18275008599224,5.31623405484752,63.78116438302078,32.30289972068549,NORMAL
168.8192845874887,6.902041477173089,64.38357840886607,36.792178571741815,NORMAL
170.802592505173,6.379709636501947,63.768417863466894,42.15393536925827,NORMAL
167.79020715237036,5.3907570876397966,60.91890386689728,43.06046346368498,NORMAL
223.5555107730696,8.727745906955978,58.05482435437903,37.967485979335116,HIGH_TEMPERATURE
158.3357062176319,6.5800979842902825,63.094277564694124,39.32311730994062,NORMAL
172.11301854021605,6.33538695257416,64.97139909914021,36.82545038197848,NORMAL
168.17189453928734,7.1296255937673,64.35894931748487,39.53090432952166,NORMAL
148.1424612213625,5.608534496623505,74.21124878237248,35.08490700543122,NORMAL
166.3640654881572,6.380735041813989,62.58168218931051,37.218779279376555,NORMAL
182.36658401924979,5.499857614310576,63.17259408890237,11.722694211054618,LOW_FLOW
171.59002505500945,5.032066875735022,68.36586836078179,32.171068095414554,NORMAL
153.69787292886107,5.8127412346593195,68.94778127098456,40.07099301501385,NORMAL
157.78311089455158,6.045197582071173,68.46635922296093,36.131670330134604,NORMAL
181.76799000180353,5.9665980872806985,67.00076481943354,41.20711877488684,NORMAL
174.83500574120083,6.769137335654081,62.01793295794534,38.65511939826093,NORMAL
185.0,5.654386314940522,70.70209522384962,8.199378554127948,LOW_FLOW
164.68947764901088,5.639585825073265,5.4166198611951915,42.711118971903566,LOW_LEVEL
223.0338655313967,8.406508313175653,65.51577268278912,32.82141673662812,HIGH_TEMPERATURE
218.34864279941573,8.920515361088581,63.97748721788729,39.484337210614946,HIGH_TEMPERATURE
185.0,5.223811033098912,68.60951391935588,32.296374124921186,NORMAL
174.03192880769615,6.732081414232488,66.30726327540226,42.17976921239599,NORMAL
170.1170112759832,6.225253958333946,60.22535773721479,41.78884995731209,NORMAL
161.07889321408496,4.686158816715486,61.453559045910026,36.976623518568914,NORMAL
165.8037476847724,6.37369548511468,9.521627269260117,39.94587500042266,LOW_LEVEL
147.96641688639986,5.608558268391996,61.89589226568455,36.56840339068185,NORMAL
158.06382460913764,6.7436882698172145,11.357758677889612,37.79555938690398,LOW_LEVEL
167.9392285402306,7.776205999516842,59.71556509499254,7.986846066394912,LOW_FLOW
168.1084134502337,6.6545141335128095,69.91826797605445,39.84318686751824,NORMAL
166.17857864389177,6.02745954943323,56.023634383240875,36.75856462228251,NORMAL
167.15790947222467,5.683386546013076,8.286161326642407,35.52485342557546,LOW_LEVEL
159.09954508745645,5.2836821034638755,63.21060944377896,37.97257170477955,NORMAL
166.61844953464956,6.003726104638975,72.9635686689139,36.82659424769103,NORMAL
155.7045247489593,5.616565460157188,69.36667656356146,42.70683047704812,NORMAL
172.70126057989472,5.438992854171363,70.37061755117053,35.226782609414656,NORMAL
165.20210264878713,5.992478800713914,67.11095825072157,39.75975234792754,NORMAL
155.01897760684966,6.520731311600141,58.42049108187995,40.56246999609914,NORMAL
162.20481504893402,6.780529798699365,63.48807515623483,7.775129317639478,LOW_FLOW
163.5638462937392,6.357979297322061,78.47875891399457,37.878105230124554,NORMAL
180.36491268630743,11.167594097727852,56.23086577705675,41.994424848513965,HIGH_PRESSURE
158.876037591662,5.647654979806994,52.70073210002898,33.20228966965249,NORMAL
154.77649940544305,7.441836129537818,70.407369621778,40.503257726825446,NORMAL
163.95979150801207,6.3263575858560355,66.59415442185437,37.40804435086757,NORMAL
174.9356799745105,5.969140404024542,72.56241723332201,40.14038828292563,NORMAL
150.92072902434845,6.512372936869544,73.76542423858214,36.99288458390146,NORMAL
155.15791881921137,5.437759073473534,59.88487984253744,42.98963033866585,NORMAL
174.62160645228917,5.864750885469265,70.99336098531683,43.44846323411284,NORMAL
169.88162376844946,6.490482508731199,10.055545064117268,38.40128565867498,LOW_LEVEL
174.51750028566744,5.733666442190485,64.85262818036846,7.656854050795738,LOW_FLOW
178.04118100064784,11.872373141869236,72.78377093334045,38.51381828463705,HIGH_PRESSURE
152.31517300319797,5.690895305256403,72.99620579538936,37.99964885262294,NORMAL
157.11873574151338,7.129972266062428,57.33662771576443,39.53951836935471,NORMAL
168.64238750733261,6.98252488453007,68.40127002151368,40.25585471211298,NORMAL
170.9546687099974,4.592034097243074,64.3944202645531,35.850392063511386,NORMAL
165.1602983269305,5.012572929502351,68.62538891574438,31.24776321445554,NORMAL
178.03185806856055,11.482038377202255,69.44840510609376,37.33504278331383,HIGH_PRESSURE
158.9447210178795,5.2844296661001815,65.93587200307607,36.9542015347748,NORMAL
156.19891557020554,7.710870211628459,61.34809936634369,35.18692778219937,NORMAL
160.52342171160407,6.119779728971889,71.34416497550288,35.264962137959394,NORMAL
172.45258410299397,4.677421688488256,62.642544892491216,34.99589672497226,NORMAL
151.32091980604568,5.150074948214156,59.68008648936553,6.639136275862307,LOW_FLOW
223.7292460096371,7.888627829209489,55.82247323928945,41.56061876378229,HIGH_TEMPERATURE
166.48410645267793,6.645719013265345,67.06663311742749,38.664965278728175,NORMAL
213.40809373169276,7.960230564611536,65.6119934586075,38.071863509607304,HIGH_TEMPERATURE
170.90012454773668,5.905130527544446,56.402319545671084,42.781046988422425,NORMAL
149.91541676445223,7.566564044490908,69.66369054237313,40.62486276894274,NORMAL
174.29970403745597,6.302732433827891,63.201253909062,38.18640374012457,NORMAL
219.06849765759867,8.212285204638807,69.82312032107514,47.982416859289835,HIGH_TEMPERATURE
164.9384976315373,5.773390696978483,12.14917274657191,40.23143252074976,LOW_LEVEL
152.40912855571293,6.1398772876561125,58.59726711206314,37.051665696461924,NORMAL
159.74903285161514,5.441165654882822,65.91524800408567,37.704766749823136,NORMAL
167.97889733930498,5.674979223813921,10.868846552371528,41.875823409867714,LOW_LEVEL
151.3328008563732,4.9313829866446985,65.95012466340802,37.85296395120673,NORMAL
214.30398678810036,8.400291366283037,66.84767816710179,38.965442640402784,HIGH_TEMPERATURE
171.01437172668363,6.75014228792235,65.90064721902905,39.02770955511263,NORMAL
151.60253644236514,6.032638789955812,68.80136211331713,39.84635374387245,NORMAL
164.42070128935566,5.291895939307863,57.83031312982523,40.49252561629805,NORMAL
164.71340202667236,4.0,66.56470668244981,37.6924968929041,NORMAL
159.3754473528176,6.290966178953182,73.76354221208307,41.02514970680531,NORMAL
223.49131957164002,7.8001501371889574,61.768803043058256,39.72141561468686,HIGH_TEMPERATURE
161.5309801187665,6.09375432063106,67.64871412029912,42.65469070126903,NORMAL
162.7752296560967,7.346331475444521,78.14618558945614,34.633741658307216,NORMAL
180.72901977100472,6.851080551822962,69.38353288687932,35.99362639955856,NORMAL
171.90473962888726,6.8474773362744905,62.877798663261636,38.81815783581149,NORMAL
179.93660188092812,12.343742208357993,70.50196094976823,40.06693149183729,HIGH_PRESSURE
173.09139869261386,11.017409486589438,67.45207017590066,36.354065086372785,HIGH_PRESSURE
166.29895888252807,6.550700498258144,7.662572990142115,41.01152585123448,LOW_LEVEL
161.5263965339289,6.027882237756194,60.33697309868621,39.03995260051665,NORMAL
165.4132137155785,5.81180362005943,66.73239716817615,44.28588853379208,NORMAL
162.94145691787463,5.79977377643402,68.3797598047452,41.62418450026417,NORMAL
174.77382932974075,7.642013127272705,57.88033865694971,41.27365633154414,NORMAL
165.35557383087277,4.612299167431526,11.865937480481897,34.6698162135422,LOW_LEVEL
159.80701502689394,5.471372489259014,66.2237940479006,38.695009917591285,NORMAL
169.61031353374568,5.089240895075883,69.92261486497443,35.90532128172242,NORMAL
156.9688949119092,5.182174659598979,61.596655613750784,41.50759108499917,NORMAL
178.85849284327955,6.499148497296111,67.41703657986629,35.960670858812705,NORMAL
165.24505194075533,5.615401086157221,64.16806867701936,36.12823312765128,NORMAL
156.84332393466045,7.458518770869769,65.9285401877382,35.567348842648514,NORMAL
140.9130047819579,5.487069424139487,64.14110998485064,4.187137489259759,LOW_FLOW
173.2704755311918,5.786156378638072,69.55935364421795,42.87700823529143,NORMAL
172.4843770037212,6.246693565307028,62.50485372494571,39.57583161949367,NORMAL
164.61025278455907,5.835534507357802,60.98952338468697,36.24637660150694,NORMAL
166.89558889236758,6.238435419943847,64.78009635114525,35.741749729274495,NORMAL
175.30755399454603,5.985653106479019,73.3247142558634,36.07722377146209,NORMAL
168.6817491154805,6.781642859313124,67.29216084492766,39.7110169887933,NORMAL
160.321006920536,6.3225194070829245,68.3430497474123,36.571379904276945,NORMAL
168.00584238089886,5.67578225683253,65.48879440662152,38.64236203600438,NORMAL
156.57681191436842,7.262751338277007,68.97358516153322,39.164682178217525,NORMAL
170.29102551913365,6.8906955121988345,61.31357925229593,42.485884007567066,NORMAL
167.25670312667904,6.222931388942075,70.38877389778371,38.579979919282884,NORMAL
158.54974543452252,5.535923767121172,59.463912497538,33.05783956075707,NORMAL
169.58689976138356,7.009771275808266,57.27100202000321,35.95015372201286,NORMAL
157.66333958231755,5.977161084243765,65.0915333646569,38.43151218245469,NORMAL
181.07004308948112,4.984874440852816,60.538885223389975,42.55480732111339,NORMAL
164.25361080277207,6.335812760865759,60.88847659771779,43.39493426879155,NORMAL
158.86226345175487,6.518199033557041,58.53564885494625,43.53970776890423,NORMAL
158.87715587903756,6.753321558699209,62.81486620569943,39.157945082262344,NORMAL
164.0317726737602,5.58823226064023,73.90979790665375,39.29016542201857,NORMAL
190.9581560730425,10.886478949221244,62.12026155329403,36.79057909326322,HIGH_PRESSURE
154.9868222871509,6.2655512437669785,74.48947116196305,37.829932557707686,NORMAL
157.5578825018396,5.836000008370845,60.84872938626363,33.38739244847552,NORMAL
154.38885825808347,6.518156144523981,56.82583150186217,37.35185513467407,NORMAL
155.37842731279176,6.434876127626539,62.68617307666634,39.659495442787716,NORMAL
164.17931243033135,6.645755767648646,71.95616418199367,38.92041480531245,NORMAL
172.96431462530145,5.478361770424977,62.16491522459219,44.517040557390835,NORMAL
163.64359427439643,7.042746663553436,64.82030199019351,38.18252315151029,NORMAL
182.87274464638185,6.5857292218546215,64.51269577015864,37.360710515377754,NORMAL
174.97072648398134,10.844029120079119,66.46232725340393,41.27716570247239,HIGH_PRESSURE
164.1268387875093,6.006252311177489,63.942812023609505,35.92230046016201,NORMAL
155.90957709685975,5.817687601360626,66.6258037652075,43.166005287036725,NORMAL
185.0,5.513612560648158,64.82357765765957,5.524929445582337,LOW_FLOW
186.57977893618516,10.6514264694967,64.69501944613184,35.776717131225304,HIGH_PRESSURE
171.5342069376063,5.6279801683852435,63.13664418606809,39.13511551429927,NORMAL
175.4480139336546,5.531668413078324,62.50107329378198,40.84483812265611,NORMAL
168.0659597582802,6.1486271373317605,63.73378971025393,8.066480278482246,LOW_FLOW
154.18563259149352,6.475848935308779,57.71708942496407,34.97625402573573,NORMAL
168.96822478093424,6.259217555630394,10.11370886259146,38.10767659776157,LOW_LEVEL
174.5291436247109,5.691937692589008,50.39502342651533,39.81023191121928,NORMAL
176.37301582465767,6.241382196633933,67.95928659864977,43.087061027224614,NORMAL
168.22870456224882,6.391263101057378,60.450892873802225,39.805969416994884,NORMAL
179.53221596912084,6.672719373633934,67.19870697801589,33.19090018027862,NORMAL
164.17209385547233,7.239558405209294,63.048213983953715,41.620355321702945,NORMAL
148.69111594742074,5.217884496172953,69.33969929012632,35.19136043282222,NORMAL
171.97625438768364,5.772678959868431,64.13194805304217,9.946593791108409,LOW_FLOW
175.51846297204725,5.7802402816765035,67.31941649851197,41.55932291635941,NORMAL
164.68720863026758,7.166626235820446,69.04772757775062,37.19066010578381,NORMAL
165.45037281827814,6.147140133028168,63.89309025385046,8.93255910238235,LOW_FLOW
170.2047423025976,5.2131016372849475,65.46830423822428,38.400540141173636,NORMAL
168.00195847649408,5.45203210906068,59.1711241823196,9.714494424551258,LOW_FLOW
173.6320771138889,6.2180005616600456,60.34611727484618,39.945613204162946,NORMAL
225.67106288925052,8.16021952005759,69.37006376507767,41.08760563858342,HIGH_TEMPERATURE
168.99542312231918,10.695086449546347,64.36565611923987,30.956066185013402,HIGH_PRESSURE
159.2275357316572,6.610748951500137,62.5104745868255,34.48516365699833,NORMAL
182.58147315996916,6.567364138517093,8.216690899206101,39.338234304666194,LOW_LEVEL
174.12650231489104,7.064667613373745,65.25911663800183,42.63516211403121,NORMAL
219.93190142326583,7.119037409739071,70.32379591987001,41.48627736449335,HIGH_TEMPERATURE
166.61486850255795,6.766302055223393,65.57937974683946,7.7608831981794655,LOW_FLOW
177.71623516979912,11.23641341835781,61.2396106514719,38.69498872907773,HIGH_PRESSURE
166.90188481865823,5.835523804551507,59.609997396094215,41.758930684652626,NORMAL
176.81914907336028,5.0204159972023055,58.06946361489524,39.742634942793636,NORMAL
160.6497375651782,6.17793347359036,73.589017533986,40.717446155850105,NORMAL
163.209129464956,6.647951234975865,74.86830447091428,33.0827993663133,NORMAL
170.8407364337747,6.21993992477817,72.3482185416176,8.033622669727272,LOW_FLOW
165.10589338241337,6.43012890711311,59.143529275049836,37.76999358313716,NORMAL
159.98143259266496,6.908112632336351,66.2791009502962,35.38636985649985,NORMAL
161.94609684801335,5.8454268501147695,65.65707999097857,36.32774475805118,NORMAL
165.5040189466776,6.015736207307615,69.19396849183914,41.06518721949789,NORMAL
164.91000654249763,6.40972958719651,7.095316748196242,39.24801514296126,LOW_LEVEL
178.2711773408905,7.361830719105195,62.80428202729101,40.37811539521702,NORMAL
158.33304955240476,5.887213537780541,62.46761442557424,42.29438795286575,NORMAL
156.3412611455465,5.58304087025684,15.244526685987383,42.08667274320353,LOW_LEVEL
169.4522675420101,5.889385139877211,67.72636582743607,37.920068939620386,NORMAL
169.1300618712939,6.439002413148297,60.998712013567214,7.55249792318776,LOW_FLOW
162.16242157632257,5.856508824480612,60.35804671605471,40.323800345994876,NORMAL
160.16773706046655,5.774783409371497,18.0,39.26426036612149,LOW_LEVEL
152.34266387098467,5.081292803459633,62.87428932008114,37.52768938401728,NORMAL
169.4339073234946,7.4692259217008665,62.967024122379186,4.187937605671527,LOW_FLOW
173.4785199684967,4.97778740684859,17.105686236403468,39.56232431565533,LOW_LEVEL
160.7193027729863,4.364281036549828,60.63621270776517,36.91701478470417,NORMAL
172.9973921589759,6.802721223814788,69.50638369779837,36.67658224508731,NORMAL
228.77871593005585,7.724001847465956,65.8383752496701,37.24566779617136,HIGH_TEMPERATURE
157.45856068374928,7.126415478179308,64.71316690176394,37.435221290003916,NORMAL
183.99188116910221,10.5,62.93070725164784,39.44128781009801,HIGH_PRESSURE
234.21057839822484,8.131205248438544,57.377095308021204,33.24902683688815,HIGH_TEMPERATURE
164.04822795100984,6.691692067658669,10.745286198344036,35.55740267824582,LOW_LEVEL
179.78260010364835,6.275391063626366,53.395156333648664,35.37925705901246,NORMAL
163.2277110741536,6.116714618743352,67.73927088903498,41.58243167761878,NORMAL
167.53717234942607,5.4349006575260175,54.23666740728108,4.959722934938574,LOW_FLOW
173.85206398691636,6.556801828920278,66.70171282958032,11.239759573750122,LOW_FLOW
172.77637173873202,11.032319609872959,75.23494441144834,38.93112754710782,HIGH_PRESSURE
168.3937805601858,12.367605034075634,64.35007467118731,36.30034497731867,HIGH_PRESSURE
167.88268951548315,10.5,63.561435208648724,42.04031200719199,HIGH_PRESSURE
166.45051374289136,5.965709458357334,66.32668082677577,37.46225407143145,NORMAL
150.51505056015685,5.994142660596777,73.77836965116158,35.21676439355217,NORMAL
180.90062826266566,11.827119560383233,73.56302696397012,39.724277946621946,HIGH_PRESSURE
164.55918320766168,5.9788705999979035,64.16895043209465,38.00721765518087,NORMAL
173.7237759291085,4.824403385507502,61.87195340719153,43.25070104840666,NORMAL
165.5639698321693,6.593944294353621,63.7030574276563,41.437286865172666,NORMAL
171.62390541437648,5.981499031681512,59.97556545840079,38.399019745964296,NORMAL
172.42036621850835,5.646167512602449,70.10843893467745,38.44354566485582,NORMAL
172.36920597115835,5.20641582011724,68.48796525944127,36.48528631114463,NORMAL
163.15152256080407,6.3955896283561815,56.520387465598525,38.096112530935685,NORMAL
168.71236806146527,5.247801429531924,11.802348343635632,36.69782385257122,LOW_LEVEL
152.05418184385286,7.137490233724145,58.320238495614404,37.829419558715244,NORMAL
232.3568882082985,7.29297656926454,66.74485429769034,38.36921743772941,HIGH_TEMPERATURE
166.29396346373284,6.226539188859156,69.46848866604205,5.701533284036433,LOW_FLOW
170.60578525487668,6.122228293250844,69.10968899122834,42.803650711103636,NORMAL
166.65650928561652,11.997053622797218,51.49418043257243,38.048648668686354,HIGH_PRESSURE
159.55944676777273,5.27566384161459,64.05866312017022,39.94771746671148,NORMAL
160.1567037944472,6.169614945916315,68.10624405101947,5.877017524602621,LOW_FLOW
162.74388414451832,6.320764834100103,67.72539327240703,37.58199654446078,NORMAL
161.5167402164483,5.304420556110134,62.30230178311871,35.62577550211236,NORMAL
173.89456208101683,11.173644943095454,69.79259366455146,39.314749976221535,HIGH_PRESSURE
159.44765340913887,5.973357913590593,66.65716052018274,37.02334052850792,NORMAL
184.4700553706178,11.812346759375314,59.59514885034489,38.26535224538814,HIGH_PRESSURE
165.2490788235598,5.479151550957061,62.542256595400325,42.664464403726804,NORMAL
161.77469858455962,5.225959393349285,60.9425875650999,36.49267489412635,NORMAL
165.74429448488777,5.092925908887272,7.851753334857528,36.677465220393934,LOW_LEVEL
152.42367795477406,7.4158125832654305,71.52455508922165,41.455710317792914,NORMAL
171.04201420780882,5.007319686493986,68.8062437317343,38.84174683518992,NORMAL
227.34688755221768,8.64409881712828,57.47663724106236,37.64134826729938,HIGH_TEMPERATURE
168.84822931810925,6.311075382504369,62.2737426566622,38.34943654167863,NORMAL
170.16013351452048,4.735864701574825,68.06321917678706,34.27440538810573,NORMAL
171.88373362515807,6.962318950713039,67.15003472246971,6.9132972985576195,LOW_FLOW
168.71431101957333,6.797927001538951,8.565584445709995,39.75314550229983,LOW_LEVEL
164.4980265282506,5.0506696698484195,70.03684876446808,38.37973783152839,NORMAL
164.54847122490315,6.417851694976167,64.61673540076598,38.8567881119984,NORMAL
157.10416195363143,7.4155365398479,70.8184717831301,36.12257170587921,NORMAL
172.39927862687557,6.242617133524704,63.71959523182233,5.241306161683607,LOW_FLOW
172.9082549028117,5.903852909156334,65.23359622392103,37.36883034832765,NORMAL
152.34724480436847,6.352945262974121,73.85283804518491,34.558822889382625,NORMAL
166.19873363384832,6.27267480866923,17.431814829432383,36.99992467929954,LOW_LEVEL
172.41484730861234,6.9504442852128,75.18148001130422,35.59025074686555,NORMAL
185.83234309839432,10.5,60.00286801207891,39.62396288406938,HIGH_PRESSURE
146.24561684969058,6.356755534244396,63.496371839081235,33.65978386101999,NORMAL
145.49330068976303,7.078987026658871,62.028213608162574,42.09796350640473,NORMAL
169.36889464713957,5.443426288264178,63.49584189336079,39.660791439737906,NORMAL
178.36896982850598,4.835621811359729,66.88227579605093,38.624995100548276,NORMAL
156.93685640301163,7.713461927515035,58.434876691228745,34.27122192977529,NORMAL
158.4030194303631,5.698866999921662,63.34399361301867,41.544203907556216,NORMAL
161.73461459208838,5.6981885286361305,68.0725099026435,41.74203463135701,NORMAL
171.83391888461466,6.142917507216766,60.71118614435791,44.647852817830085,NORMAL
159.8058966431189,5.940433520702559,62.357388717975795,39.28595364704982,NORMAL
188.67337197927316,12.431327740726537,63.23253094968359,37.833836251867346,HIGH_PRESSURE
165.35373602320146,6.116168720431436,66.08175161489689,35.483256607952555,NORMAL
223.25969209188844,6.767871271791777,69.69683884399373,42.903891936053405,HIGH_TEMPERATURE
174.08219785322552,7.410784454647941,58.51686964607523,36.24086870531239,NORMAL
168.89577984628465,6.913312189875064,56.20964669998193,39.167259473703815,NORMAL
165.44914672195333,7.2561941198674385,70.47292157908693,43.410997422429794,NORMAL
179.47131633666217,5.65950433876054,57.893111283625025,37.761289611896636,NORMAL
172.75843589913396,6.679113031384186,71.70091283445608,38.59878020828057,NORMAL
226.83180924119398,8.904975338024194,61.603963253043794,40.083190919792884,HIGH_TEMPERATURE
169.7091212138992,5.7521518334413795,63.68536378072194,38.842931620491285,NORMAL
170.40825686346312,6.575993541828046,14.458531367156528,41.497364267931,LOW_LEVEL
167.44464153521983,5.5940659208816506,63.48459782238423,42.481967043070036,NORMAL
161.06372154553551,6.110450279370967,18.0,43.93645035962369,LOW_LEVEL
162.53061555562869,6.548631837178459,67.93753295119613,37.14555789592715,NORMAL
171.8849401786957,5.810296650578125,60.065590193949845,34.20729743600708,NORMAL
170.45914007850234,7.042805576547261,64.4208604981655,39.67356595816322,NORMAL
166.95821027038926,4.902044513373683,68.45518701389163,42.25590593619186,NORMAL
158.55425466709767,5.1126763118899055,56.4233738677061,37.68505536747222,NORMAL
166.27276993751204,5.815636327186418,62.28554570074478,44.168609419326536,NORMAL
177.29572523134115,6.261408247250898,68.36833468894368,44.053614144447934,NORMAL
215.92719137389557,7.906103375393729,73.05365547301801,35.07010740273943,HIGH_TEMPERATURE
174.88018368482255,6.137109866302873,72.14593141042424,5.053348255013457,LOW_FLOW
155.3168101777377,5.485146004649875,64.5148487882239,36.5209565128484,NORMAL
216.4470364960744,7.202003240603244,71.78929155937831,36.95398931584965,HIGH_TEMPERATURE
227.65372865489053,7.554921214925404,65.54316990648574,37.38964029619068,HIGH_TEMPERATURE
160.08818558885682,6.022101885596968,72.73509953527747,42.01453750057517,NORMAL
140.0,6.138591049924621,8.610656942756618,34.169182348032294,LOW_LEVEL
170.8149829095714,6.126703875711593,61.31222427389595,36.23816330511244,NORMAL
169.57676578878787,6.316415145048959,67.40235880262884,39.87993306066932,NORMAL
222.74064877474106,7.958905768798608,67.58437473409981,36.59108790705401,HIGH_TEMPERATURE
151.19716590393838,6.989467046260684,63.5354680714226,41.70041556764411,NORMAL
168.00855677056617,5.24214379311407,60.78226966380247,32.4283444771163,NORMAL
175.08749858850388,5.779659635057406,60.62750023745609,37.283043238460316,NORMAL
163.58512645141764,6.517262132886413,65.21788664915306,36.775259274531905,NORMAL
159.6729783110365,5.37657419209469,65.30118086467506,40.22082292247465,NORMAL
161.7051674659847,11.513689622757637,61.39198339569184,37.9783943472956,HIGH_PRESSURE
164.62730183728527,7.412466560124124,55.64922691729122,41.28553233923115,NORMAL
174.67411654740303,5.0600722355022425,67.49741263644499,37.11916283960735,NORMAL
164.24644339719333,4.876406758979108,57.7374414149654,39.12372464769083,NORMAL
151.81778287116424,7.2632915373791604,69.67857322856997,38.577120874211,NORMAL
152.7113203276422,4.795430789059063,56.98822366529418,39.93337576319986,NORMAL
166.87520714158956,4.644799209641109,53.63908099782074,43.034986551385856,NORMAL
162.96313464187176,6.050801156413713,60.42412654813341,37.829665168583766,NORMAL
227.86113130806888,8.687989158438029,57.7861488356914,35.439685482519444,HIGH_TEMPERATURE
172.75527832598564,5.718298385468834,67.9852452828101,39.7764052436694,NORMAL
161.83926353072752,5.04774157117214,13.815575174822671,43.092840996414175,LOW_LEVEL
234.80817742439095,8.362273160713853,66.80326736777627,36.683028890406455,HIGH_TEMPERATURE
164.84193712131318,6.240905151334301,63.50716393839465,36.05276206236706,NORMAL
160.55100592847677,6.185840966721433,65.95509126556044,8.096270254508905,LOW_FLOW
173.1961014034135,5.264176836913037,63.24005943746472,40.829690816181134,NORMAL
167.90763470271258,6.718497976383053,65.56536180918242,40.2974524887845,NORMAL
162.83682446323647,5.8058174906706865,70.99325794925944,41.863225348670134,NORMAL
175.45599642723212,6.202641085787876,64.57191780542765,31.18586873479854,NORMAL
152.41977399998046,6.307280848292729,68.22606086551788,41.631051297478834,NORMAL
164.53271004913054,5.274104266738897,61.58367045904738,41.67671456814541,NORMAL
161.89332877493882,5.906376524768926,73.39304622194108,34.39022423380669,NORMAL
149.01257114159574,4.830573821791031,64.56663978590682,5.410439574669553,LOW_FLOW
162.81036803345785,5.951401543226781,63.97703512681692,33.906740228343935,NORMAL
165.34104819550197,5.057429550806101,69.24354836970147,46.391048030485216,NORMAL
176.96565376944022,6.000332490456566,67.5034412574161,39.81620309920011,NORMAL
163.37163528420874,5.083029263531629,9.926004225997353,40.00281902761303,LOW_LEVEL
169.64959049595402,5.90931595355097,55.15005728051192,35.922740236460626,NORMAL
174.06944383005361,5.080460323697086,67.59901876777816,37.517582421993026,NORMAL
171.7193808410624,6.454914581444797,70.04742526740459,41.70048064473797,NORMAL
162.00168677825394,6.708999345703986,67.65960275559767,37.44875013838828,NORMAL
182.5712025395974,11.81262823222068,69.25179446007107,39.72687082521193,HIGH_PRESSURE
161.18237724835296,7.677858123573645,10.167883161046067,38.538779702233356,LOW_LEVEL
171.05694694939555,5.714880257887004,66.10004152865042,39.08829447811972,NORMAL
164.19474544547353,6.033800909821221,13.836637306356533,37.961712774473604,LOW_LEVEL
237.85121609529224,7.968539319854688,66.21344254256309,44.43662787921911,HIGH_TEMPERATURE
157.9874814065344,6.13559662629461,71.5191338692817,35.9421655590581,NORMAL
176.00251073191018,12.07276878013745,75.34599064778496,38.828272893349116,HIGH_PRESSURE
159.4923830591663,7.891377553991719,65.50135349519627,36.9052051565393,NORMAL
169.42461429620195,6.6552791874507955,69.49546753311276,36.42439024521408,NORMAL
152.96584735795057,6.180877928724372,13.452413931282834,42.459599297767795,LOW_LEVEL
164.78435330851835,5.659056573518238,67.27227494249534,39.42720649906078,NORMAL
149.1570252141121,6.26552466472945,16.288648898055833,36.31563768078312,LOW_LEVEL
167.04457712095478,6.301208776253557,13.084747321138844,37.84632156335986,LOW_LEVEL
163.8701852728457,7.545881189077895,68.72519293888244,7.680536950784107,LOW_FLOW
159.64003922497423,4.296074491114045,64.51599367594929,36.27463799534402,NORMAL
172.39555309909778,11.424103868716594,64.10521378717023,38.034371724496886,HIGH_PRESSURE
154.8195868629913,5.162852280322453,10.9879471372913,42.52886334626852,LOW_LEVEL
167.7344338007974,4.850308761969196,69.21234621760857,7.675853901790027,LOW_FLOW
168.119679553582,6.556393743440746,71.86272142048622,40.290288822729806,NORMAL
171.20601840359927,6.2943374089152,56.2789993630799,36.06405859117077,NORMAL
173.82165291239122,10.731227604836842,58.09335272059156,39.563211243743716,HIGH_PRESSURE
147.28878798787247,5.856226689663755,65.03138020748239,8.790015266200468,LOW_FLOW
166.53550454536273,7.107161092716107,68.54898572048997,10.198873809027011,LOW_FLOW
174.2715966590152,6.365629279998218,78.05538114204631,37.93112685965406,NORMAL
154.22557960976349,5.460910342151519,67.64592495723485,39.060497865337354,NORMAL
158.23118291058137,6.230996747799272,64.05841128206747,38.726267265639024,NORMAL
161.90482759479,6.772565409528334,67.63461509268751,38.08857676094612,NORMAL
158.07725734318532,8.0,62.25397684287317,34.51100427887472,NORMAL
176.14506590099614,12.318330145620447,66.35329116926114,36.23462834617669,HIGH_PRESSURE
171.9311792028608,5.817345763623277,66.04037738237147,40.94496690385647,NORMAL
163.60929839924307,6.550426567804106,67.62487114057095,34.56949577812671,NORMAL
180.3835695525326,5.02218896350205,60.07011158290376,36.83609578292676,NORMAL
179.82140237690265,12.327714938660467,61.263081994750664,37.89728954827065,HIGH_PRESSURE
171.58976741635033,5.7164263797885875,61.45718642291366,39.467284097689415,NORMAL
155.5100412526127,5.417498441211706,59.38946331367608,5.481396793270692,LOW_FLOW
173.68229603556728,5.82184926261537,67.11752882963923,36.39511113518753,NORMAL
168.26014897633934,7.021150514822277,69.13185467740259,7.329083588347927,LOW_FLOW
161.12008220590621,6.416770797785162,59.83865357673086,34.55553553145873,NORMAL
170.3606339376175,5.297564413347142,62.68219680072161,39.22187053952054,NORMAL
167.3008854654512,6.386875188325244,6.952825100136829,37.93660766596621,LOW_LEVEL
168.87562751398738,5.9617695834049576,67.90163722972508,39.51228051975394,NORMAL
160.15640409702428,6.3698639664056715,72.14215573369916,41.87360783194833,NORMAL
168.96896566471028,5.661738504424178,60.88582771238142,33.20867864174463,NORMAL
168.1123007234701,6.527178610614443,69.10285799007451,40.84812149059407,NORMAL
172.96392226356255,5.900262302929376,60.81233962780255,37.12607634035997,NORMAL
175.62783048633383,5.850402836236887,62.69964972686399,40.69516992242711,NORMAL
162.18293159609416,4.163083255749008,62.3037125918959,37.80290783407867,NORMAL
160.7142810178448,6.168644498719307,64.08824571237679,31.650457242611854,NORMAL
163.07650242343726,5.509141805157995,60.71216285305946,40.288196219548524,NORMAL
164.07040572512196,6.056684655544992,50.844897003296374,39.785390488696436,NORMAL
160.34622920638202,5.819175749910218,63.43376107339102,39.171579496901046,NORMAL
221.56095742028126,8.238046504846325,68.19803257517736,33.12373125166601,HIGH_TEMPERATURE
173.08576832772525,10.571933537885117,61.48249218774441,36.008995497699054,HIGH_PRESSURE
221.9523401759409,8.242086885171926,64.01232430424771,35.5022545100127,HIGH_TEMPERATURE
150.35275339321976,6.71316787024472,61.6450019301182,38.97597077690634,NORMAL
165.28806435200053,6.720942518949539,65.40993096757198,6.012619920894394,LOW_FLOW
160.31265431638732,5.615358975707325,63.85017833798303,36.648009669729944,NORMAL
168.21399135455798,5.2766737859430455,61.91353024293901,38.712580240494056,NORMAL
162.83460995725045,7.269978418343928,66.63145412276911,42.29116916416294,NORMAL
161.15266667060686,5.634917016188018,57.93363207717748,39.381653283902935,NORMAL
164.21243198153695,6.34373822336615,63.78693810092976,41.735014861395086,NORMAL
174.25073037519218,5.421239273588296,70.28664521492931,39.733553669984424,NORMAL
168.63868984267842,10.5,58.293805046825625,36.346976241839975,HIGH_PRESSURE
157.00012175351682,5.54697501437035,66.55356600871455,44.491950697233115,NORMAL
169.4419205942354,6.30407476860936,64.09437275373905,37.295229662354004,NORMAL
185.0,5.769122975135319,68.71185884022242,4.374107659830918,LOW_FLOW
169.78677637659905,5.608044943946914,61.8846546502156,38.574502895612376,NORMAL
170.47077715067329,12.200066841166942,60.325868931677775,41.17562572539125,HIGH_PRESSURE
164.1043453261468,6.788505807603012,59.5832302094868,37.74449243672743,NORMAL
177.98378758903505,5.713443149226915,57.0025389970455,42.217074868418834,NORMAL
176.69957942215632,10.674520924620186,64.81438725547133,38.272334779677244,HIGH_PRESSURE
215.38977190169024,9.707777655895908,63.33476103649874,41.41921113524939,HIGH_TEMPERATURE
156.1436345436521,6.988825530445363,61.168494398903576,38.68337390036663,NORMAL
154.73892279791582,5.726460340506675,68.39498262871216,37.56805415053352,NORMAL
166.37568265949648,7.224827743612407,65.81295490457529,40.62372808904117,NORMAL
149.73087624825936,6.71725271849858,61.11520311818749,5.895199564494099,LOW_FLOW
159.66599319834515,6.379438255384088,70.0951966264014,44.428361318605816,NORMAL
162.95868659982835,6.316210541936461,60.7888329359864,36.923293185137126,NORMAL
169.44729625039554,7.786143291303086,62.030224261260564,39.808093999626806,NORMAL
238.02636309561439,7.205949334381155,62.40310882574676,35.38924535564787,HIGH_TEMPERATURE
236.9345346106451,8.377771090266709,57.99031976260437,39.81723113731907,HIGH_TEMPERATURE
165.41306792049141,4.859960618570798,60.99841135649545,8.56096850250552,LOW_FLOW
177.08982746621376,6.271338040060323,69.15564217624366,41.66832046244694,NORMAL
168.50124538827444,6.535362990208613,64.14329233507502,37.03273982518903,NORMAL
157.90874123967805,7.4838990095568985,66.27274252407013,12.0,LOW_FLOW
177.26738011639407,11.345733780985697,67.3543486493612,35.55091242533793,HIGH_PRESSURE
170.528500526935,6.146777844016263,60.961400118253586,38.22560919485126,NORMAL
166.78497614724932,5.860084289031184,70.15082754242697,38.83045686107669,NORMAL
169.64621676263837,6.991861091053453,61.06100555686663,40.311231052247656,NORMAL
150.11045052395556,6.150019440145055,54.349258209244375,34.462272742112695,NORMAL
164.2973145711704,6.596041688839708,67.77869150799702,39.2616412135941,NORMAL
156.82175774682136,6.330715710048711,66.86531547687564,40.7784467703382,NORMAL
156.15331854278307,6.458748571014302,64.51155359563654,37.84639129637613,NORMAL
156.25683807121,6.018755410183607,63.665178924582555,45.14212858206128,NORMAL
157.14472123239358,5.036232299341672,65.0475486688156,36.03107794161404,NORMAL
166.6107588257194,5.543953442236507,57.79334432747064,44.83131083723491,NORMAL
169.64822241301155,5.696139117211524,57.3634972978658,9.609012006787204,LOW_FLOW
160.9020581674277,6.876430494589064,67.75491142972835,32.009923865676804,NORMAL
164.34729784251903,6.701422395317174,62.06873571362111,38.81766774397916,NORMAL
164.54811649511268,6.404342603840633,62.45051796383168,5.205931888718973,LOW_FLOW
171.12274028909027,5.771920947789686,68.41518541560893,39.10029038903097,NORMAL
163.8477787195626,6.023272561441263,58.72027072282367,35.692479578225075,NORMAL
163.70623197567002,6.335732826552857,65.84617657995672,35.087958978944506,NORMAL
158.71362984493783,5.887565201915462,67.35575406665045,35.99451955432059,NORMAL
184.91750595606734,11.988552894579515,66.40835435014779,36.94803655329116,HIGH_PRESSURE
172.43480643901594,5.17627096679777,69.70723221523455,12.0,LOW_FLOW
180.22325969819335,5.999290737224369,57.10493351214878,37.15411519086577,NORMAL
169.12766781414274,6.363418606898509,66.16071894321793,35.024525428900084,NORMAL
181.94934412565374,11.439321404155937,68.91330438590106,40.55844239496459,HIGH_PRESSURE
173.35593515240456,6.669094007829244,70.27217903802664,36.912106868390765,NORMAL
164.59322706312574,4.5656712088668625,69.30449198148355,36.621178233588736,NORMAL
213.7278873115459,7.749595349714887,74.36729534190468,36.32757860315441,HIGH_TEMPERATURE
177.81423113056732,5.504541495781898,76.24656349135428,39.29082610529215,NORMAL
180.08951326844866,5.822716873238833,60.38499479773788,37.499898818608415,NORMAL
165.32944016279342,6.518956571651633,65.67764731601498,39.20163144847084,NORMAL
162.40812179602855,5.329825091747925,70.39211263211294,33.49195714412961,NORMAL
147.02185155727315,6.794172714088053,59.0126370118481,36.407978229766684,NORMAL
172.96750947857805,7.028699487033057,59.334298524280776,36.726749171908466,NORMAL
159.76169843656487,6.508477559239271,64.66314476384825,33.147153953492555,NORMAL
151.50825479012718,6.092798796926957,66.22311320557141,35.72922244881075,NORMAL
155.62422725679363,5.958101921612904,60.40883268797289,36.691214758557784,NORMAL
184.47224439743272,12.499814956205432,64.18733478321798,33.926495567583196,HIGH_PRESSURE
163.7906529544756,6.863254115857506,57.6459309357784,41.71889743445075,NORMAL
159.29562334646948,5.725083695239303,67.13177587059646,40.63794495018697,NORMAL
159.94547448733775,5.998361028269129,64.51786235043859,38.81522942405271,NORMAL
171.68646317051468,5.770300017497338,63.75128774794762,34.97492188597238,NORMAL
164.09567703302892,5.860289155185313,69.80209073055312,33.409901812317095,NORMAL
180.55678233808183,5.665428761202704,53.16039390569401,42.931335283434485,NORMAL
163.390481892042,5.779135999127296,69.02433174270536,37.8635993324315,NORMAL
161.30298339862043,6.030931484471711,64.66184730361992,35.35811250574423,NORMAL
170.2545482137611,6.282950595213281,72.79263874767574,39.806466314270246,NORMAL
168.77000366276715,6.070234002885981,62.41291021740256,36.57083773270858,NORMAL
167.05326984569808,6.867411998894304,64.92183942718347,38.553559222082185,NORMAL
143.89017395871852,6.708804906029605,69.5376141696886,3.851228384748621,LOW_FLOW
178.08222342369817,4.702279166746267,61.81711566779862,7.3577469286452155,LOW_FLOW
165.60319791350506,6.203051592380212,62.49940278399763,7.007868336455383,LOW_FLOW
151.28411283603103,5.069383729736314,64.81002198456167,36.630936505074914,NORMAL
226.30389980437437,7.383954632294697,79.90673990460675,40.18406106336644,HIGH_TEMPERATURE
165.14029521338446,7.012420428553744,62.75937125147644,38.29274672278541,NORMAL
169.40953382961357,4.016028652156748,61.29200996736801,43.1742451132242,NORMAL
151.2700105801236,5.58728295691098,62.91689816737943,41.64844682294005,NORMAL
160.2505920448312,10.5,62.86574996763828,38.3498555069116,HIGH_PRESSURE
166.86302416109734,6.60764654919582,63.87974646882757,35.63480982145644,NORMAL
149.913907115431,6.095602162243989,74.4109014683651,41.50636804492611,NORMAL
230.02771905755398,8.361202816101104,70.6047352207848,40.592329258738566,HIGH_TEMPERATURE
164.6543213848319,5.512871478994971,63.70241571418469,40.530232561557796,NORMAL
173.36512096167414,6.317142774126012,67.14359836453073,34.05559501082845,NORMAL
164.13910711556647,4.631431791447956,7.587977560735822,42.107059235283565,LOW_LEVEL
176.41587813781175,5.122319320282962,57.47053928175047,38.348792412113184,NORMAL
168.35597817847773,6.640012888360701,61.91071943769044,35.06366972694174,NORMAL
177.74329671298247,5.386716817810603,61.85312733861376,42.82997118180817,NORMAL
163.3674513244892,5.719301064838331,62.18839464005654,39.03571873910742,NORMAL
175.14098848643124,7.497777220840399,62.04620121677018,39.085969038595515,NORMAL
175.06223160695555,5.2103977540895325,72.1303906110634,32.51236691685808,NORMAL
164.90376064080843,5.869692334782104,63.30848391280014,40.36077855669315,NORMAL
169.84420164179448,6.774577523014712,62.78764734899998,39.681098596447804,NORMAL
160.0484275792691,5.8992195235452085,65.69217259674933,36.76866982699714,NORMAL
164.6772609077279,5.938621954279465,69.11337030520993,37.262936216773724,NORMAL
154.6372705242717,6.020825521261203,61.94204081597789,42.06202720580678,NORMAL
155.17600095342002,6.593884514273986,64.75688757373364,38.25716682572386,NORMAL
176.40263154776244,6.000733030257776,63.392197166843935,41.16408688191664,NORMAL
164.84078663274732,6.64827542531398,64.16819012574062,35.68784356095814,NORMAL
162.04827148071777,6.140000177390326,70.38487191212504,5.929515161546122,LOW_FLOW
164.77533539916774,7.034485410005791,66.82364568646352,30.52246214947902,NORMAL
173.9814260365099,6.494928507567829,61.211097163425194,38.38263802875048,NORMAL
174.0638628234601,5.309932138915197,62.98182344195362,4.580337209504977,LOW_FLOW
165.91667549619103,5.76094032993302,66.85111093094582,35.254841732939596,NORMAL
170.93025413588018,6.162356256040011,57.47225014974947,36.790290388496594,NORMAL
155.62394245924148,6.368590075345502,61.22485231227583,34.389465097379,NORMAL
166.31512562381843,4.8849171841039,65.32036919460187,37.273685507771965,NORMAL
166.81730238709972,4.988293536238209,50.0,34.75274993456966,NORMAL
157.27989820176393,6.019382034753251,61.706499169121315,33.39952415564441,NORMAL
163.11336510260116,5.81494401454062,61.38289864165372,30.760963618363164,NORMAL
163.89562339774773,5.710407913985424,56.871536967435986,40.148163355098745,NORMAL
160.38641208858,5.765742999622876,65.79528749027045,37.4160836234029,NORMAL
163.71765645741584,6.344404321651845,62.07963430456869,35.5739140537837,NORMAL
152.87446462789222,6.1256936616410345,63.707997722659385,37.22698248590284,NORMAL
156.15212040528624,5.613247650190077,61.90239678156451,41.74037082717645,NORMAL
177.20120717880752,6.869157391935461,62.933572720306515,5.335607212720283,LOW_FLOW
234.3257620622218,7.882083540543327,66.41897605910985,39.63563535013402,HIGH_TEMPERATURE
161.14214017037662,5.311493652151232,71.11832410175988,39.88417352822668,NORMAL
167.44262629878955,4.703638953451522,61.7362634445948,43.416113200701695,NORMAL
231.99392210263434,6.828326793252205,64.60779052817136,38.111249958134586,HIGH_TEMPERATURE
177.7237257612618,5.353056965812818,65.18073643512326,7.530904629235026,LOW_FLOW
149.52375411429506,6.153257192950145,71.42611808460897,41.800227474612086,NORMAL
167.32985133477905,6.226431858444637,61.19320683371312,35.539117093024196,NORMAL
178.9439094776248,11.090963888288334,63.729772902980436,34.939335924611,HIGH_PRESSURE
169.9290773440179,6.429509861207963,74.62606538879628,41.31488382469498,NORMAL
172.1153076521962,5.092444168552703,65.39496483804201,39.14009422158288,NORMAL
156.84191851694828,6.40842768864227,64.14514355483533,41.89009529633359,NORMAL
189.4932574922876,11.45646199177447,59.12682761543313,36.80939871581895,HIGH_PRESSURE
166.28640916683278,4.71782474219244,16.26558987249899,38.92314484466618,LOW_LEVEL
163.2628510953895,5.865623980276259,54.551582945390315,42.01856625484304,NORMAL
169.444656709201,6.402047998295465,73.72672509401234,37.99809950937271,NORMAL
166.0093215714478,6.009381300752627,62.78527259845077,32.553712911956744,NORMAL
166.94618964544551,5.5576329959477615,13.852726974186007,43.576836769501725,LOW_LEVEL
152.0795928753217,5.550301324204095,64.75242894133798,35.303400726611216,NORMAL
160.38402902897974,5.785192181207791,57.28126239776852,38.18885880564806,NORMAL
170.88586688224132,6.661466067618449,60.07829116893114,34.765776593355945,NORMAL
161.46948404883454,4.806940623587164,71.01954631028315,34.65676579432245,NORMAL
154.05332561959105,7.2495894613761225,68.7281960185033,40.85081116500872,NORMAL
173.62274684596144,5.542008419810968,55.666018661188666,37.01277569241044,NORMAL
169.11713459087443,5.544157737282507,10.823800418477656,36.88023878367921,LOW_LEVEL
156.67564848673973,4.944763160154858,70.22485649473352,36.27569234425133,NORMAL
165.3175482127805,6.54455395401928,68.32608872042465,36.97097414295116,NORMAL
165.1546193893391,5.604939849322041,74.47977649924154,40.19920062335543,NORMAL
166.21232636612214,5.692193898961732,62.24904712402761,40.5995651625259,NORMAL
173.21738366861052,6.217508851353814,16.355001127572244,35.36112713786279,LOW_LEVEL
143.4479790584601,6.7183093965405485,68.96613240777948,36.81852074376528,NORMAL
159.16732929805113,5.561743675499326,66.33395922897334,38.45604153534776,NORMAL
167.0023813813187,6.091836842540377,59.67176632771756,33.596519493046245,NORMAL
165.687947845981,6.403819717419055,65.64233097895386,41.1158138285813,NORMAL
225.2318708522906,7.642899589326232,69.62844216230124,36.296173144438065,HIGH_TEMPERATURE
166.97682051864336,5.624039716267059,63.72892891371092,34.304157933471444,NORMAL
223.4074267072552,9.064685382583853,73.05400947903303,36.316604426225325,HIGH_TEMPERATURE
181.7333527151639,5.892418352037748,69.45460855276181,35.01491461671329,NORMAL
169.5747751404086,5.526410051588493,63.64078841815997,7.538094209037258,LOW_FLOW
158.0302714237935,6.967764449685758,61.75861312961448,37.295611289385526,NORMAL
165.26357778624748,5.33892970024833,13.384413793543786,34.88047436437143,LOW_LEVEL
161.36113143632278,6.712651689094122,14.227786794065004,41.11576768113385,LOW_LEVEL
169.3858416132596,5.8266098053422954,63.419985790704416,8.907800746522334,LOW_FLOW
164.3022156049369,5.842124575432837,11.752923740278632,42.783459721432685,LOW_LEVEL
168.13608749892606,6.757695016131864,66.4132939511495,37.653758825866554,NORMAL
176.4878249984142,6.863689722605804,78.00987039079219,43.54118069902284,NORMAL
227.01813315728026,7.132097413512985,62.14508187951245,40.65013607600229,HIGH_TEMPERATURE
156.20273323324528,5.449017655355026,64.38426797453188,42.01874876994059,NORMAL
154.15348823098756,5.816427199024138,68.11542866757925,39.49293523410861,NORMAL
215.4256541057891,7.401549082215371,67.08624941916193,43.024064712413576,HIGH_TEMPERATURE
167.185632182817,6.306924537343662,70.28526969986119,38.004439973560544,NORMAL
155.78676141350414,6.020484395052948,64.42030669681175,6.685467382700318,LOW_FLOW
169.70988498304916,5.916398252471278,64.4635845516298,36.63400296468536,NORMAL
166.96898918298007,11.804829893644369,60.75587806718974,38.76578813168818,HIGH_PRESSURE
229.82657104439429,7.482376169586435,62.30607990116181,36.07549806341422,HIGH_TEMPERATURE
183.99685240021145,5.673976394116246,64.98160772968878,38.2069582109495,NORMAL
173.60578373995352,5.568354002052874,65.31360958031193,42.933100105298976,NORMAL
167.50811077960157,6.289435680839005,59.97160791425575,42.65803979371151,NORMAL
145.6871371917517,5.603101164841131,60.875941852346735,38.33538775638936,NORMAL
175.7004051655217,11.915119607199586,65.10635684050061,41.53279349047675,HIGH_PRESSURE
166.5630473275104,6.288316082273711,66.81654439834328,36.15988044989462,NORMAL
155.2697658962842,5.409784603089992,11.598841561797629,41.97432446733161,LOW_LEVEL
154.4360881267437,6.025510608078417,63.41764478675058,32.825548286477584,NORMAL
162.73325461034,6.184725434608084,70.7367121137068,37.98678185226512,NORMAL
144.98640124672278,6.628036092623143,61.61189142305016,41.55370262267376,NORMAL
177.68803064767894,5.951995771658921,65.88495702533993,35.94803208663915,NORMAL
174.46257759444222,10.760733464022545,63.261324186036326,30.696580751391394,HIGH_PRESSURE
167.21131491403003,6.077969542931756,62.17834362477218,36.64762005684042,NORMAL
154.31423592556345,5.596804268436359,70.01255361022375,37.67088430491343,NORMAL
157.7355005413668,5.23205447279201,62.739244421324216,37.70846319179888,NORMAL
166.95283511182683,5.811678661017538,59.70298361504002,38.286343059828695,NORMAL
162.82660493050167,5.850028819640363,64.83993472418301,38.952027395733126,NORMAL
152.56231941536117,6.5191129998897805,57.38490333765843,39.317889278928035,NORMAL
163.47942661679403,6.466946795367465,58.02615469844999,31.673737352118735,NORMAL
160.04285613588792,5.206151952403671,65.72466126038353,37.42433725768275,NORMAL
171.5188714346884,11.270916640092521,65.64103168045628,34.59435759931867,HIGH_PRESSURE
153.56401409309225,6.451307327844946,62.41751791045586,41.88546730948077,NORMAL
166.38718801397138,12.008035972345507,67.02540835552428,43.463149984543044,HIGH_PRESSURE
165.03306306123892,5.556457540538398,63.79301269766659,39.43148637919201,NORMAL
164.60352929958734,6.036088194327472,64.33127958846933,41.75392398746615,NORMAL
171.9644448753578,4.513287556078151,68.21287424969726,31.36167976731762,NORMAL
172.90842593972252,6.054572978222028,56.08442156553225,35.745089606521674,NORMAL
165.8908034351849,5.29729619146774,66.24435538383229,41.70907075423191,NORMAL
186.7746781880042,11.696959762143036,55.903700593112724,29.908273824684482,HIGH_PRESSURE
166.72558971108762,5.814688706774477,71.7295562436607,35.42024580166529,NORMAL
171.5101095197297,5.421123909517141,62.31768427940632,36.339200050251904,NORMAL
181.90459519751204,11.458925831171499,68.22666024428341,38.23910011632433,HIGH_PRESSURE
170.5683114381257,12.025002539916407,73.38977704961862,33.95721094412116,HIGH_PRESSURE
171.54645800685304,6.5282772707606895,67.28658740558082,5.269884265385014,LOW_FLOW
166.4299277062906,5.461608847579302,67.51322174376507,35.109148805746756,NORMAL
161.0811823312868,6.984988568001889,67.74986978313588,40.095981486957186,NORMAL
152.99663678223592,4.5694393396788096,63.970853227596116,39.42954398968154,NORMAL
170.34734148228807,5.428433314292248,65.26046725617562,40.68080255044704,NORMAL
169.47632296492932,5.536003444504306,67.32892461859012,37.100140601051045,NORMAL
169.2660161697101,6.863357285056381,67.35943575255902,45.067069516226326,NORMAL
180.11503636813882,5.932436837833605,58.94449704870034,37.878195694332625,NORMAL
158.1145356546838,6.865300780910254,62.531935079444615,33.70086203820848,NORMAL
158.1810204958842,6.84771016597723,62.14509319838578,6.055506716225895,LOW_FLOW
163.57142425684918,5.848787431283464,61.32872171611772,36.27332598515138,NORMAL
169.15179036662084,7.34637297784924,59.84804563813992,8.316038688727755,LOW_FLOW
153.34275344115466,6.766607856918818,59.09604983589997,38.83912222515489,NORMAL
181.97339988052752,6.61348351731601,63.86093393143376,38.283670730042935,NORMAL
161.30686237663244,7.685128005032355,63.25315447240145,40.55863993856058,NORMAL
148.342070050961,5.072952877066474,69.65997696669244,35.025126365714094,NORMAL
170.91460820539922,5.954047418598297,56.81124983409231,32.947665473047984,NORMAL
155.5204498686638,4.517929681515631,69.4728549505738,39.03343243017516,NORMAL
170.9713457570637,5.589545234956596,69.16773059032585,36.125836998159514,NORMAL
172.5421264098022,6.19964414845603,61.0373566335349,36.33859221001693,NORMAL
161.35577723997255,6.026406027677567,80.0,38.20815111841335,NORMAL
178.6468214443565,5.826670876812901,78.8323304220948,38.288927244821885,NORMAL
159.4638804061423,6.076089230010548,66.42204842491319,37.65367904035876,NORMAL
167.97860448048243,5.914778880022361,70.38576705216124,40.165891611240255,NORMAL
150.85902309648495,7.020089604294992,60.40459719178073,40.525034408308194,NORMAL
168.64809745687302,6.897004568219659,65.10653278905286,44.462953220621834,NORMAL
179.6096747752544,5.091495920305488,71.7956646757648,40.16212919001016,NORMAL
167.93242620453313,5.6630541593980634,72.75528887375641,7.902859826007309,LOW_FLOW
226.950499992533,6.342386222009228,72.33484248988567,43.60966541853908,HIGH_TEMPERATURE
147.75193595152496,5.361377312812465,60.54292266212611,41.061166193845935,NORMAL
173.16765883754235,4.727706793263729,69.39840786499494,5.812215498975254,LOW_FLOW
157.61467900777444,6.670959001340238,67.5959229059306,42.477483392042615,NORMAL
182.2655876478033,6.172614326856304,68.00163829657757,7.784177769428369,LOW_FLOW
164.34139457445812,5.069567607739952,64.11172635240192,35.478016903137096,NORMAL
151.68514885335838,6.806553297656869,73.23105100229186,42.31890059158075,NORMAL
160.72879809301156,5.587510398655203,60.96869742861856,37.480501393002676,NORMAL
171.6099074979547,5.634786321149269,9.97434985094679,38.10715427582946,LOW_LEVEL
159.97987119507528,5.503770702394058,69.82028065178028,9.27955221792714,LOW_FLOW
154.8472830811215,4.4652221111569075,61.66206649576912,38.00018661383109,NORMAL
162.13114117169096,6.092220702236318,64.34494782723306,38.71413870413474,NORMAL
157.12004057820445,5.547088364633978,71.94672560402527,39.21402006477266,NORMAL
170.15318669721586,6.086263261106082,61.29578146785575,35.47121359595679,NORMAL
177.0360537487138,6.18733225632178,69.4760291444312,35.574375434184,NORMAL
158.07900295823913,5.851818435364501,62.599286927315376,8.924304379087452,LOW_FLOW
153.90846197383846,6.268218315859335,70.97346232528515,34.71453176026151,NORMAL
159.63080963895462,7.646515453414619,70.46329377819006,40.42753307767681,NORMAL
169.93451359751825,5.964610074901753,72.50251556808946,37.36591102741067,NORMAL
169.9455257173224,5.274291207268921,55.8898407486454,41.23128669009926,NORMAL
171.03889513979234,7.15082542075542,62.90513841791135,37.47959990774686,NORMAL
148.56190953859766,5.862360140825685,68.97858112692927,36.179910892790666,NORMAL
177.07190579049418,6.4603859676233295,14.448003235060602,37.55149947399496,LOW_LEVEL
157.703597935769,5.540681831709296,67.9194830789383,6.240589775170427,LOW_FLOW
162.43807406158854,5.181950772504922,72.81929656925634,38.94238736639759,NORMAL
236.46499153231784,6.915667976036036,67.5218891766796,36.979891922019945,HIGH_TEMPERATURE
156.3795093690614,6.743773461416942,69.96229138003245,33.873077941091005,NORMAL
172.79801452069265,6.135976507207641,66.6022288239242,39.77662332074823,NORMAL
155.7993160467811,6.607585954043782,64.41536979110671,38.32344417875862,NORMAL
168.06701690545975,6.1126594956312355,69.78195133170985,34.14036289122998,NORMAL
171.3112630670659,6.453502572240555,68.72300688106438,34.1755079175921,NORMAL
173.61982834175745,7.1340742976210505,67.0963733170013,43.294486353810804,NORMAL
163.00102192731552,6.213238493635469,72.29119499988828,39.74544445663651,NORMAL
177.399124529033,6.384433345963123,65.46682930654896,38.58798533980082,NORMAL
162.55453996378432,5.41164139772328,6.30814186208068,34.906577360269004,LOW_LEVEL
182.12965594036945,11.205736922078625,61.2389863615276,46.328358972608406,HIGH_PRESSURE
152.4789728439968,7.179418115807777,67.37020833723192,33.30107109189548,NORMAL
159.2052598447344,5.240100835559148,63.968137858354844,39.20037149697573,NORMAL
160.7122649160189,5.770749253221668,13.904969298481124,33.07066071302479,LOW_LEVEL
168.7846975842198,5.639780812501096,58.10595633609886,32.380087108077916,NORMAL
155.91665871678927,5.148666455964504,69.83315728733866,6.366778178747108,LOW_FLOW
166.05499050496923,6.582282016467466,62.22843644393416,43.33718062356915,NORMAL
168.2316321658849,6.385184149658093,65.88143879449905,38.796317842312575,NORMAL
166.27438227063712,5.5368947809035065,64.37145270140638,33.505849569457894,NORMAL
155.204247746236,5.998899596871563,58.996125670384664,42.86916271605066,NORMAL
168.5691280339814,6.092140518000423,70.78640653746781,34.979516072029085,NORMAL
179.36770476423297,12.156503877766395,68.86443330144257,39.32611081510472,HIGH_PRESSURE
142.06356036973804,5.37367220884233,67.51704027908228,37.77738742851184,NORMAL
167.3345021394105,6.400856196293285,64.43898957216639,38.22185391103665,NORMAL
170.99547119782193,6.649058539982153,70.9670066322129,35.0264225780255,NORMAL
157.63356971598307,5.298751711560686,61.92589336259469,3.778321150349104,LOW_FLOW
172.09115167654363,4.961503319763878,76.370925151592,41.065940582983494,NORMAL
156.33040938113552,5.02411890937261,62.2221640178674,32.429705482244756,NORMAL
163.02540963590732,6.816582694023046,59.03189719535434,41.27046690466106,NORMAL
161.98241529242298,6.650215498688216,63.637568676252364,7.92622550852915,LOW_FLOW
168.13196829878487,5.517929571774156,62.095603424549886,35.6848699970045,NORMAL
168.93162071951673,6.500466323727998,64.82133465859654,40.72236134960602,NORMAL
163.95684608864374,6.535060607440057,59.052241079334934,41.30976963463315,NORMAL
168.47812859573295,6.341013272477969,64.17659988777329,40.22204310198606,NORMAL
162.13975913156372,4.492179125052406,66.29314828448834,33.9788516369548,NORMAL
169.6306972200191,7.568176081312054,58.06439849341002,7.365200319257324,LOW_FLOW
161.65385287708952,6.03597066930533,60.19360788847669,37.89209133904245,NORMAL
156.64844742825088,6.819347965398729,62.53705021355711,35.556065417485854,NORMAL
151.15462715594225,5.407822580741862,61.87244129131893,40.48980894817181,NORMAL
171.73701567310107,5.966625622870289,68.16569199091423,39.89396086632181,NORMAL
164.2302921365744,4.749206644589956,64.7053768866887,35.28446585499503,NORMAL
175.27827043286217,5.335057820644592,66.98547678555094,6.1773561951179925,LOW_FLOW
171.40771916191898,6.14798863937426,9.588155071370961,40.26320039650041,LOW_LEVEL
219.03812280221229,7.548027562198338,64.26389111062008,38.95557972467588,HIGH_TEMPERATURE
155.9982119169613,6.479456603991413,64.65756232686603,37.20438917740983,NORMAL
161.57337742269513,5.701588888390339,71.24282890378703,39.97319516645801,NORMAL
163.43576911407646,5.483010244806928,66.61294619174926,6.322284719802356,LOW_FLOW
170.22595906624983,7.2684237237551494,71.10509630189969,41.72627843644321,NORMAL
168.22487951881067,5.906812317340833,12.243108176257312,36.247562582168634,LOW_LEVEL
176.1930910535687,6.57261942760664,62.09794319068429,34.17494690133769,NORMAL
171.07250601889703,11.21930241650774,55.664434025144715,35.9603386155427,HIGH_PRESSURE
232.6312663785566,6.996909763608142,56.65688748917392,42.052719304211195,HIGH_TEMPERATURE
160.24680035442566,6.0074026438703525,64.24841275286803,39.00638787928892,NORMAL
173.76851386445745,4.329770969345152,67.45329797706995,30.238591307312475,NORMAL
167.2339324314685,7.140438610366224,66.89404802678973,39.02995062224608,NORMAL
165.37210536171793,6.935469316202345,67.06944494807149,35.62979674754611,NORMAL
162.36757062361428,6.5330264906322935,53.08933913999639,38.428655600907355,NORMAL
168.5243814907545,6.173366884942261,58.42181095301936,6.863491382823767,LOW_FLOW
177.9129113841959,5.882803111225342,59.68052550113562,39.72995263244479,NORMAL
162.79886199018654,5.80906656663027,60.848870601794694,41.08349476529689,NORMAL
162.21981270245183,4.98713813500208,69.7379478370727,41.04448848677904,NORMAL
158.74066932830843,7.540772197128216,69.9688355252814,35.87572534897629,NORMAL
187.93798244254398,10.5,60.704745058282484,42.583965170485676,HIGH_PRESSURE
160.38682166213044,6.625672847490309,63.97446997400004,42.43867893691479,NORMAL
182.71322092633528,6.3294547102728504,58.01306701468263,35.70088213768488,NORMAL
158.89554232244186,6.086316583109721,73.9174243509343,30.903397341817218,NORMAL
169.21358433683662,6.056647663276514,67.68403814631125,37.37706122051127,NORMAL
160.3068775814545,6.101178201343295,11.796457691149007,35.957340712978535,LOW_LEVEL
168.31693028021363,5.20321521100735,64.49693118667436,39.790540478358736,NORMAL
238.7207654123214,9.050151273147705,63.68567392758989,36.90805422403213,HIGH_TEMPERATURE
175.01380006852156,5.734184836505257,65.03293078049776,34.30691499018116,NORMAL
234.72292776255216,8.426657562332743,67.35647272672294,38.41508947408631,HIGH_TEMPERATURE
164.20947568085182,6.018154195195924,67.12793503638567,6.340507161045911,LOW_FLOW
173.65363908153032,10.501009747148956,65.5005125199218,41.969356406751345,HIGH_PRESSURE
164.55637300153668,5.707952531548977,65.74679113849339,39.30165068015137,NORMAL
165.2978226913726,4.5407759731421535,63.58697574261149,41.13264041964326,NORMAL
179.02118043640752,4.988864461192977,75.86353311809961,38.183759750768836,NORMAL
165.0585204526208,12.1184959784738,60.441066311612374,35.027283476138564,HIGH_PRESSURE
159.5151440611339,5.625829394755693,58.93191816280379,37.72113095849574,NORMAL
168.92613367195054,6.464250808179547,63.83462420440487,41.58545691413504,NORMAL
172.88909053568614,5.787951944266051,65.08673009016778,35.29035604547611,NORMAL
170.7527443687067,5.135028493429528,69.62115742975294,35.3730133007424,NORMAL
218.15410058367135,9.742278282138088,69.87444678522228,39.54071054845046,HIGH_TEMPERATURE
167.6147477631042,6.248234812542516,60.48207584754919,33.83334208741239,NORMAL
168.2450532394178,6.389729710799259,11.842135474581127,35.89597663716688,LOW_LEVEL
171.92653602543857,7.389468509648648,73.19032760246077,39.8019472568856,NORMAL
168.07814835363993,5.21884629898604,56.96399684150351,43.285329141710676,NORMAL
163.68124494736188,7.427974912050372,59.97128382052513,39.716861550949695,NORMAL
170.47230330493906,6.763401511161693,62.834668970365115,41.12932676864767,NORMAL
166.77586222141016,5.936992818753467,63.136071443934064,35.745346614460765,NORMAL
160.76405832748958,6.4098403625722575,61.42513335015228,38.50844773049889,NORMAL
156.67101491240967,6.577867785165353,66.6611266450791,35.1776165531073,NORMAL
168.19185520561877,5.6651638280560475,56.14208820525714,34.33613625106893,NORMAL
164.79905064951998,5.804270833508233,69.72319158184894,4.375974849962651,LOW_FLOW
155.0100591143383,6.528688410299278,58.59909747124789,39.571413338411034,NORMAL
159.98939170726194,7.196690045661411,12.62401953622254,34.28670409700531,LOW_LEVEL
184.34244428893157,6.578286480556935,70.50397588150607,41.48845619635621,NORMAL
171.22144147749322,11.748155635240758,69.09637407664685,34.76597685810928,HIGH_PRESSURE
171.74539448018135,6.974975294521879,59.33175074239687,39.65577388026941,NORMAL
155.52252285070142,6.172326197627805,75.902647805216,39.55278648084554,NORMAL
221.37761732760185,8.780353245389298,63.69539229389878,37.32290663100047,HIGH_TEMPERATURE
219.27938568331882,8.640465510088056,71.91905874427805,38.73993720448515,HIGH_TEMPERATURE
225.74395807742957,8.768128087139708,65.16572860086688,39.41349830870775,HIGH_TEMPERATURE
159.70459247146678,5.552996666736084,63.90350019874654,31.41476066428015,NORMAL
177.0098869106177,4.974146040674769,67.83987229412165,38.991507304316436,NORMAL
165.837520239105,5.18195557980744,67.12442597950741,43.73941961640681,NORMAL
156.8985291888947,5.305914781197714,67.49500448648472,42.82461778233704,NORMAL
178.55012992609994,5.3325867569577134,69.08801703010873,44.16467876333938,NORMAL
172.07654514081068,10.884435626555197,61.21139433736218,37.204003650300464,HIGH_PRESSURE
155.80672567569093,5.19651114029473,67.4870974737827,34.018616571495755,NORMAL
163.64525994382907,5.259866309566335,61.19094308720174,38.81948702162073,NORMAL
158.98271305545984,7.368840580774652,72.71893365591775,37.20671839530762,NORMAL
167.0768907832257,5.909328729843826,72.86592703379637,40.655720142673246,NORMAL
173.56996608198347,5.950495238014324,8.240960648895054,43.51747724881332,LOW_LEVEL
171.2804873459999,5.959141528312139,73.74276938564854,39.28116662973574,NORMAL
165.71607199811052,5.531571911872976,66.63469206298139,40.746043393254794,NORMAL
167.3057525047226,4.250048493142323,58.53180438680055,37.226850315837034,NORMAL
174.69399125756925,5.7575972517709895,66.15626277552946,37.70631420098617,NORMAL
177.134341257114,6.502843572931586,70.76146245874955,36.29827966757496,NORMAL
167.61928876158032,6.322848483093043,62.930297326116516,37.900859921124905,NORMAL
171.87236846542189,7.141731880735566,62.64035782104123,37.3959090933361,NORMAL
173.94059357546524,6.565395321891004,62.65773132123804,34.6276991561701,NORMAL
157.50655674264377,5.312472966561333,74.00163256030844,9.82266918741792,LOW_FLOW
167.186570052295,6.070547210265162,76.14229750352939,42.739003480679635,NORMAL
151.00764565645895,4.940418683702174,56.56113949980551,5.44053681788942,LOW_FLOW
184.44980669109722,10.5,56.14307794067657,37.60806421561138,HIGH_PRESSURE
160.13401642240706,6.643863038134395,55.41721060649115,34.996572726587445,NORMAL
151.35478227187588,5.933151348683249,65.11465175283806,40.35587435822564,NORMAL
166.3840571172178,5.51075856381533,76.20762444568167,39.527688614948666,NORMAL
167.2050942586326,6.2120065601510746,74.20382901117398,39.738949495308205,NORMAL
218.4519544187785,8.928525862329014,66.93620963339019,37.514308492230754,HIGH_TEMPERATURE
162.80919595563012,4.942144119452867,64.12448139302175,38.16882894204565,NORMAL
156.7418986353773,6.345605900122174,62.23275743274418,38.81629865607102,NORMAL
156.536989883753,6.779065160784584,66.2276919238661,40.25816661046135,NORMAL
180.63754012328997,5.6460711081710215,75.89944654140983,37.67660259393907,NORMAL
157.96392297072845,5.457953669378272,68.79970707690424,31.85757352185706,NORMAL
184.07088830385499,6.667956558803376,75.06489539566229,32.46231761578293,NORMAL
162.20981855038957,4.905913403852642,70.22554709382158,39.60549936350402,NORMAL
165.5433053533547,5.543663638386126,66.5393291736549,37.83404430189426,NORMAL
166.80886408035497,6.501525643017286,63.35508854123999,37.57253585226213,NORMAL
234.64790007125694,9.500830020659704,64.31563153929011,37.48539251307015,HIGH_TEMPERATURE
164.50787456316291,5.893826363834699,62.729843922374876,38.81050116507106,NORMAL
167.94408029195614,5.146193663330086,60.694124426704114,40.1525914912276,NORMAL
173.47802888654587,4.2245441463591975,62.34363409023759,40.0112538583158,NORMAL
166.24343462134772,4.945018250055859,67.65332462763735,37.973126310808745,NORMAL
158.19215678373916,6.183756579041328,7.638951813097311,37.612815123117876,LOW_LEVEL
178.75036002439887,7.172279266718976,63.161383562622,37.2001465355889,NORMAL
169.43837217380252,5.1906921163205215,63.90419880111125,33.458476876049545,NORMAL
168.97074427472586,6.69318654839346,59.11464247174879,42.64895815915688,NORMAL
164.2063061181916,5.772322260490076,62.41306271158314,36.68142410654866,NORMAL
168.48366668765934,7.629463735498614,63.718531954653876,40.04779891303968,NORMAL
174.63606041284925,4.832587323091911,59.37317304115461,36.59420865810358,NORMAL
226.31880672222604,9.409958638356727,65.27162536164028,34.76499667667356,HIGH_TEMPERATURE
158.04762201708175,4.635139177042878,67.67243977413791,37.121544932688664,NORMAL
169.60277865446056,6.182885071270435,57.14168044113456,36.76877916975388,NORMAL
160.82703730113474,5.433696132561853,59.85849193646635,39.5595715205016,NORMAL
168.1144431288353,6.544553214877309,70.68830975801679,40.710242891097224,NORMAL
166.04611350329236,6.1422165337187264,63.83258161063669,36.988203617927624,NORMAL
226.5319183549457,7.930081846163596,60.66091841880954,36.26100091534016,HIGH_TEMPERATURE
168.9461423507128,6.8341700049372465,61.54959116699613,38.10935533069811,NORMAL
153.99165334741483,6.263992739017719,60.149759991889894,41.314551665546674,NORMAL
170.50208905279896,5.743847791066997,62.69204500427032,39.94386544799191,NORMAL
169.5642962891079,5.078350999939393,60.020540370627515,39.211963169820216,NORMAL
225.9941711076143,6.581656675634063,71.75159031793771,42.61187701092539,HIGH_TEMPERATURE
170.9691296361255,10.5,65.9187869089535,40.20972025857939,HIGH_PRESSURE
177.01281498104953,5.958389224531578,62.18579463606071,42.148130757984845,NORMAL
157.4429765344672,7.1318364391278095,67.56620745634065,38.6726943230952,NORMAL
242.02460909760944,8.268738777792402,68.68730765674653,40.418219595941636,HIGH_TEMPERATURE
170.65460288686367,5.603689104288287,77.81209051112492,8.546089624581985,LOW_FLOW
164.02555820757334,5.566604129767073,66.49732761927,36.29890663377292,NORMAL
147.11971601681068,4.815989131608703,62.08118987389588,37.27990970234228,NORMAL
163.68049779683025,6.515239293616863,63.261390524118774,35.581935361274816,NORMAL
165.5593566479586,6.501641746531209,64.17438718330355,41.27595980448977,NORMAL
175.37645757192928,6.689011858834293,70.01103707218932,38.79385702018548,NORMAL
171.03084055946945,5.244296295763924,51.78948770722233,37.08480782613517,NORMAL
157.29992394075347,5.9485589089191215,62.54558967075352,3.1720993311923467,LOW_FLOW
177.7236183833282,5.824496761094407,63.87457165322892,37.87274936059846,NORMAL
166.92337083302473,6.749918991060825,57.15466628080807,36.04187400359416,NORMAL
163.1269957017367,6.75033206932786,68.94647188972019,39.95036829128686,NORMAL
157.84523163137976,4.61493403317745,63.833338294122015,40.52609885412262,NORMAL
158.09323788208494,5.699496040616723,70.13864887573554,31.611743280084738,NORMAL
180.9738471335343,5.593077062624356,65.59813507936407,35.744472580069164,NORMAL
167.62396386971287,6.278129815784005,63.794822787260074,41.51671140459133,NORMAL
159.1711161179238,6.43970449443047,70.73859520052589,36.73550054011237,NORMAL
170.07128302186993,6.424713224188208,68.35749764250124,37.784527689759685,NORMAL
152.1819236715286,5.531988499786757,74.77245455980724,39.01339062391097,NORMAL
171.06463989552074,5.917535738721354,61.357772939293156,31.563444584413833,NORMAL
168.15849016916872,5.172771414456765,70.13300664751137,41.84249826953961,NORMAL
149.88117872775905,5.7285498868210345,58.599749127241225,34.772445534006366,NORMAL
170.08296914289022,6.396486074178233,65.57773086205053,38.022011227493365,NORMAL
219.34326226441198,8.678607860100344,71.97509269819189,38.660117141860205,HIGH_TEMPERATURE
169.25101920628276,11.468275776374705,61.62176500724534,35.93118972174715,HIGH_PRESSURE
159.97273777042508,6.735638890551598,60.50971060929741,37.67743135739116,NORMAL
173.025646956942,5.619128472870192,63.3407279446292,43.97969890851403,NORMAL
159.20340937449674,6.535000334659009,67.71046472172776,34.44596059942538,NORMAL
235.3605858990781,7.586817432359335,58.95532978960173,35.67061576491733,HIGH_TEMPERATURE
227.22740056280296,6.710632060459481,74.72569623368688,32.69544050176131,HIGH_TEMPERATURE
163.36744387961252,6.016854184538738,64.42738806705444,35.39151932387057,NORMAL
153.24464900382677,5.372042372467649,69.97130283966862,4.197498152067627,LOW_FLOW
161.43434594534818,4.252380143455865,13.49589970934858,43.13254424110184,LOW_LEVEL
175.31943758894593,6.119440615269215,59.35703227645357,35.60060279580959,NORMAL
158.09451470124577,6.080884666215125,62.160259265011234,38.02441104232346,NORMAL
169.796676158323,6.004494166967047,67.68638005978076,36.28403754719002,NORMAL
170.74180487000052,6.706679507708581,62.13333074516416,42.0684871516581,NORMAL
165.64307717628606,5.425812477731032,15.627637373821203,38.182005442378255,LOW_LEVEL
177.63059918224363,7.825013143040685,12.855152459422714,40.69972504743211,LOW_LEVEL
175.6418871928844,6.735562915652132,66.74163075439739,7.728632567170599,LOW_FLOW
225.37026847248114,8.028197683045617,68.08693887278987,37.953882496813456,HIGH_TEMPERATURE
155.89338618431245,6.081068878045465,61.81009626984371,40.31633413632205,NORMAL
172.21362054509268,5.6919485483856755,16.932561836971313,34.60605512293154,LOW_LEVEL
179.0763781555944,6.5103120770037775,57.68870545949387,36.668845383413235,NORMAL
168.4147238401714,6.516510813442464,64.1296251731267,37.671927485696514,NORMAL
166.12935215066113,4.936420453209223,57.076384908935395,40.225798779470736,NORMAL
162.4471540755762,6.53698738241229,54.01430684382077,35.963711381121186,NORMAL
158.07335107445405,6.051007766479944,60.952027085222106,34.87267003981783,NORMAL
161.58197882930773,6.2907931812054425,73.64936947288311,37.93999553795986,NORMAL
172.9656110871994,7.5908612936253315,63.09230341774939,35.23438983690974,NORMAL
159.04013649019487,5.840319372799052,63.27766411462592,38.97618635325597,NORMAL
164.56236450520584,6.634520684568654,61.87327103614239,40.53378715890528,NORMAL
189.1888871732342,11.383003535506115,61.35877783254118,36.52678936273692,HIGH_PRESSURE
166.99029847840868,7.238358328039084,52.31466242127159,39.31734407805858,NORMAL
162.5606226324867,5.686150477949164,63.0691591398377,40.31947678176059,NORMAL
179.9597505186292,5.448247054314742,68.46665649620809,10.451344109120507,LOW_FLOW
153.34411663374985,6.02475943004321,65.42404186424905,37.30668220591693,NORMAL
171.06682426115253,6.498701082945125,65.92826767722634,42.1376637572714,NORMAL
175.8735006019235,5.941972083562913,69.00034326473357,42.19391072475212,NORMAL
164.21541145173995,5.740001710613752,64.75917408854814,38.917711943845006,NORMAL
160.31349114531292,6.062248809306629,72.31158566643579,37.01390957808676,NORMAL
178.6507053704771,7.284205362097995,15.370557842132845,39.9107094723724,LOW_LEVEL
170.99595471836832,11.996456692906284,66.01422849189743,33.76942290845234,HIGH_PRESSURE
165.34098018462964,7.180520331607748,66.35031905791313,41.024308580792436,NORMAL
167.49127477960542,5.853565235925779,62.11415493088433,35.411146949228595,NORMAL
182.0492840813052,11.685737029477277,65.68107269933907,32.19746427682633,HIGH_PRESSURE
158.985953217492,7.137148492169729,63.131937789932635,41.86301850627738,NORMAL
162.60277548755707,5.760235405910429,64.96865513204071,32.60032321540715,NORMAL
159.86765823373722,6.861180920515787,70.99678402640858,33.50129538196383,NORMAL
167.09136330183975,5.804050521658001,65.69736167925019,39.20558679715191,NORMAL
175.8634840168193,4.836978559801712,68.86013728914035,7.108866507023982,LOW_FLOW
163.62840134809767,5.5434879739341385,62.7088608062916,42.42541132052711,NORMAL
164.6916939052527,6.008641820198298,63.41237503066723,37.284022157057755,NORMAL
182.6851270191459,7.05607943546278,65.80566675892437,37.45454537612999,NORMAL
167.59738587142098,12.330087849137332,62.64938921189566,38.66063916243628,HIGH_PRESSURE
172.95964478053332,6.419362262315676,63.087583008660886,36.73668383862823,NORMAL
175.57708715262783,6.146803239987126,70.11494095538667,39.77669759653137,NORMAL
167.92967678227149,4.174844129652062,72.10618882960766,36.15205164446848,NORMAL
178.65702872329598,10.673153804879474,65.45522851664987,41.25825152575772,HIGH_PRESSURE
230.19464889823624,8.992709182920288,66.39079571927755,39.176648050811394,HIGH_TEMPERATURE
167.89537483143076,6.509450305217133,56.37326762870488,33.77321472539616,NORMAL
166.94862769358576,11.888914774621979,63.25864735768343,37.727593688695386,HIGH_PRESSURE
153.72144456841752,6.505163371866643,65.91364542772153,35.82457592346757,NORMAL
160.32776533422393,6.461104200911963,53.423601615551306,38.61804874682646,NORMAL
164.98465279992757,5.192152591622054,67.31482999773066,32.09795033910715,NORMAL
165.72594051001738,6.185796831947725,72.06737008597676,38.405274242872935,NORMAL
158.07441455294588,4.822050181192434,67.01082767226308,31.059434028320673,NORMAL
170.6811082572494,6.649001430741221,72.44209001764591,6.17906171246482,LOW_FLOW
171.17769181882005,6.270072927510385,59.889865681760156,38.49049083825334,NORMAL
153.98147475583707,5.932532730509059,71.48923220768276,37.272468240384676,NORMAL
167.14219357994008,6.162716011653933,65.18554068014033,35.07358979989533,NORMAL
157.5921437939332,6.584987128642658,12.967506081500858,43.87741181981794,LOW_LEVEL
155.9441084793843,5.7850495588032445,63.55795774520082,38.40726761403195,NORMAL
177.53607009315763,11.895490387089124,70.3360763758408,36.020752517272584,HIGH_PRESSURE
165.60570630365467,6.120421795746328,65.82358634985016,33.700726979589014,NORMAL
158.18272955227525,5.290088215501852,69.99964735659344,40.09779351787557,NORMAL
164.08177640798462,5.033830149682186,67.6715706413599,38.04933195048408,NORMAL
162.88465029820236,5.073016710122502,61.721542055014645,38.01559941514214,NORMAL
165.4928827695158,6.1285877843320495,54.24218382613216,35.68767117903524,NORMAL
161.18303278385534,5.742339023499404,64.19002572006079,40.646941385089086,NORMAL
166.37769720681044,5.728262909951901,66.09798127876485,3.6340594923793383,LOW_FLOW
167.40571633454184,6.450509765603189,68.55217589492298,37.643813927950404,NORMAL
174.92477236954457,4.986124638805613,62.66154786713511,36.469354089916095,NORMAL
165.2204057935159,5.478357842251319,14.988000780589685,38.575250163284274,LOW_LEVEL
175.6011738309987,7.960060155140028,64.51096872022923,41.26012286619648,NORMAL
228.57381371659116,7.6670525972528445,53.494670171516375,37.37750185346949,HIGH_TEMPERATURE
162.39563990784376,6.56029285054065,75.39007521816505,39.15068582275347,NORMAL
153.16791130195915,6.369089943901066,9.836442183168968,40.86485410552757,LOW_LEVEL
179.21746272206178,5.575275810146705,66.47379431027652,39.58394510447304,NORMAL
221.93914217082406,7.158218072500668,68.77493182144816,40.69400110076445,HIGH_TEMPERATURE
162.5641775380278,4.667968906534681,53.783773669488696,36.64413708222202,NORMAL
239.6377407316504,7.518187421206793,60.417291929578,38.77464551146996,HIGH_TEMPERATURE
169.73489539076567,4.122203633416527,61.06148321526866,8.107786027473136,LOW_FLOW
170.19740026393652,5.383168988276867,68.57806305130035,8.328291137314922,LOW_FLOW
168.75781871788038,6.945942962126741,71.94273150828552,37.080379939417654,NORMAL
161.07630271445032,6.024940799443397,63.98011550993755,39.64960995347269,NORMAL
222.42074609982546,8.015568555529958,60.60791926743785,40.16891092570821,HIGH_TEMPERATURE
166.7962993996545,10.5,57.95562432399218,36.45437525080442,HIGH_PRESSURE
175.0412673336378,5.971091879261606,59.755510468510764,38.47287597792094,NORMAL
177.15619743447348,6.007974268750334,73.82120538450583,41.197031363496734,NORMAL
166.0227232253383,4.84393180333245,72.33666906038741,39.222791166264905,NORMAL
164.28215384070705,5.251992549122342,66.00077877544263,33.943477743866396,NORMAL
171.7836699477096,6.6736489979340545,58.70483729673388,35.95986851547533,NORMAL
146.9262889793791,5.791085752156925,56.47778441803669,33.966528915420426,NORMAL
168.10162513009612,6.162082777694824,69.81570486587526,36.455863932250345,NORMAL
147.5570703300945,6.251877966400823,64.51427202498394,42.20236776593391,NORMAL
166.43113369364144,5.15235751536025,67.91917154064333,42.59748191437704,NORMAL
156.89430918582082,6.758017526676019,11.11385275352458,39.14221820643878,LOW_LEVEL
217.41228398018103,6.747796096205961,70.93982287740583,42.87176451083673,HIGH_TEMPERATURE
182.48624050854505,11.805098851470039,57.148099807885465,36.02434091695618,HIGH_PRESSURE
171.78812884310804,5.536145314958155,74.77449795823814,39.36159966301951,NORMAL
163.42801263681514,5.184037062066001,58.266943135690695,32.5867927316604,NORMAL
171.80922122218962,6.705789703913876,56.53239022532141,8.982656436866922,LOW_FLOW
179.28496598897044,6.11806736634329,63.956008967885396,41.123468120090244,NORMAL
169.27148112446932,5.755067973050778,8.164732765254998,36.58027063655441,LOW_LEVEL
157.28209245590926,5.250100376293808,61.628490529533615,39.049059158348726,NORMAL
159.84506303829582,7.149993718197228,60.68093390409835,35.91802654653688,NORMAL
159.70204144540327,7.1552584174733305,62.24889124281605,39.16362239349124,NORMAL
167.50589221899773,6.370590950259426,67.85603635075225,40.717327726165756,NORMAL
163.99676447012376,6.960539860780734,16.177746332689637,41.84675678604426,LOW_LEVEL
153.85062012507063,6.294140354804278,64.991276712899,45.97256006153112,NORMAL
163.4739163173236,4.782708940960062,67.54627681899471,40.61357274234361,NORMAL
173.7038333653197,6.628204645427385,66.24279401190464,4.615232587416656,LOW_FLOW
169.34286579582076,6.695851219004127,75.52794018420752,33.791948198313314,NORMAL
169.20961614499117,6.59542951269839,56.29728617988601,39.14603762211377,NORMAL
148.04866654134491,6.902172492164508,58.19236909560905,7.378435158754201,LOW_FLOW
184.56104116047135,7.392551691007128,70.62062242477057,37.972104197324555,NORMAL
163.14299447603713,5.666314616524894,75.52316299306487,38.50882388278989,NORMAL
158.68010916905916,6.850305032148446,64.90299607150088,43.78192980699774,NORMAL
220.2436691404977,7.238532989292721,73.3891344569396,34.238690349972025,HIGH_TEMPERATURE
151.30768499853423,5.321239670642643,65.27832701754734,36.76030905081726,NORMAL
178.56230888319183,11.724378191075685,62.98392421830178,32.73425489209883,HIGH_PRESSURE
163.56047929693355,6.023527200838104,60.25506080903337,38.835921568124554,NORMAL
175.580034652185,6.587796955591977,58.28299959057575,37.912228016111214,NORMAL
153.18285627910058,6.116266402882147,67.75587190797064,41.09768650798035,NORMAL
157.84634118416417,5.900754597659722,56.71121579788049,37.570027703453505,NORMAL
159.20311158785822,6.678928385558788,70.79084982439987,33.191881022359084,NORMAL
176.1164820686405,5.673318016591461,57.634497136821736,41.84875620262059,NORMAL
173.7662865249839,6.632314511249025,60.105236686500426,8.466379744751107,LOW_FLOW
154.7451900181707,5.991070764663125,65.47626198723731,43.57453285081463,NORMAL
170.59669737299708,6.558585033216385,65.41550280577742,5.982446960933176,LOW_FLOW
179.75293130715414,6.302859306805784,53.23623846859212,41.29274736426315,NORMAL
165.51954470040593,6.166848565295,69.7633779253014,38.414293059936185,NORMAL
181.25120131822803,5.425863887393389,67.07274178487515,37.57174030905748,NORMAL
166.4125868676297,6.947684882755175,60.286653239269604,37.282130084370785,NORMAL
151.05770248530305,6.558595992714973,16.39741688961045,33.460849024437934,LOW_LEVEL
170.43130850457516,5.997900249570622,61.22498488650098,38.47733466965892,NORMAL
157.80244170809797,6.434838291617032,65.70814386905951,36.66951094368119,NORMAL
165.21268273060878,5.880277514867588,62.244590960895096,40.76238943277983,NORMAL
149.70118981242626,5.247786360194219,9.216469603375085,40.45789854116794,LOW_LEVEL
167.85702941017058,6.1427996227775,69.67783012828063,40.287051982855914,NORMAL
165.01389700712545,4.876494843102657,67.67398734422856,6.570784025581875,LOW_FLOW
180.02703305594503,7.019682195641384,66.90635998966877,37.31573029004447,NORMAL
142.84135270659232,4.744235923996719,9.493290034411796,39.16977528180597,LOW_LEVEL
173.83952391166181,6.874336517590317,65.2849562583125,33.772856806716206,NORMAL
152.02437879409018,6.602281435479302,64.61168730227564,5.1900761613754565,LOW_FLOW
167.81405126719363,4.597641609419863,67.20870107290453,39.255310783727396,NORMAL
156.22129860362367,6.215187536545817,67.92789384886449,38.16935203954683,NORMAL
161.0542252359527,5.692805462037368,73.47099487290399,39.486183845103625,NORMAL
226.4555820507483,10.039025029284472,58.31509724792765,39.55260243595708,HIGH_TEMPERATURE
212.7961588325884,7.292926542586375,59.46516850149712,35.444508976410866,HIGH_TEMPERATURE
177.83383283748012,5.693543151139694,56.24458333727638,39.20598464055174,NORMAL
168.51709284813595,5.123703451474062,56.798189797201104,39.5956643576054,NORMAL
161.05278927693857,7.214516099841713,73.10382334387512,41.4115501817179,NORMAL
168.00049721513872,5.625870564801179,59.21740599750209,34.849875675666404,NORMAL
181.2586961976827,6.8598038098531875,57.6273093463642,39.61131648938873,NORMAL
171.3092093816693,12.004720557878127,62.43253912792467,37.32612950796556,HIGH_PRESSURE
163.86877863339697,5.493894720093758,63.5942043629702,41.37766466123676,NORMAL
166.3675069690264,6.320530651355536,66.95237321656107,43.91551377525098,NORMAL
163.57517226544294,6.881844499832501,63.86987492460387,38.84945166995206,NORMAL
163.91456772746974,5.880685676743893,6.7985366070612745,42.207586558313196,LOW_LEVEL
155.82534334266046,5.684299139387244,59.10051317618624,38.81486876263669,NORMAL
157.9325987512989,5.868604357025742,65.97853063761359,42.66797734163128,NORMAL
174.93157037386413,6.596531562977551,63.24717540848324,9.485559930073336,LOW_FLOW
159.44427806459717,6.093389157099576,66.22405331560701,39.96632454940907,NORMAL
154.10359335317878,6.140035370344755,69.50990647587957,30.1348965022286,NORMAL
177.36717183822918,5.505655584756845,69.18300600223293,40.512158265262435,NORMAL
162.3270124743935,5.064857883425996,64.18331698899068,39.27928446237799,NORMAL
156.39003839744984,6.956675425102798,54.959260970998926,41.680515341328174,NORMAL
171.5935969583669,5.399553998605707,56.85358598542905,34.88069555278553,NORMAL
165.82756083723982,5.838007223246252,54.48493738560217,8.048603701023724,LOW_FLOW
163.32774195178064,5.5900019297075705,70.16196445755345,40.92135646231294,NORMAL
172.03163222160714,6.519979137968887,60.901934200701426,35.54377119043737,NORMAL
147.45965207354072,6.1539141541163564,63.21097604941744,37.852253157165904,NORMAL
162.98465822359069,6.699949352677879,67.28108632060376,7.301912566247853,LOW_FLOW
157.53105855992098,6.025591765080612,66.47281421913905,35.54419888579479,NORMAL
164.98464117458923,4.986149513420734,65.49490611301366,39.82993833911915,NORMAL
162.59388332122612,5.493665738327437,62.586340113797085,35.33365810672228,NORMAL
159.96524412532398,6.586497344207696,58.66270379080742,35.962722714526414,NORMAL
171.68301595121784,4.305175499827567,64.56539031486429,34.99330059194827,NORMAL
227.0983028949673,9.325093577135316,57.676591932896805,36.185244200774456,HIGH_TEMPERATURE
170.10027048718158,6.2792857443174634,67.70232092014031,38.81703417427411,NORMAL
185.0,4.322284961386932,78.44056116431462,36.97139687989496,NORMAL
174.46450481609287,12.357949773778232,70.17207818296924,42.479015260874476,HIGH_PRESSURE
231.10961739738963,7.708233264814088,63.659911250371735,35.74572851856515,HIGH_TEMPERATURE
149.6672202598543,5.9632879634531495,60.518867259150205,41.734122997498204,NORMAL
173.95600544642332,5.182573657681107,60.769894358538195,36.609735653752104,NORMAL
158.80182403537313,7.00187260550301,64.46031101703296,38.56439200156492,NORMAL
165.81848267047087,5.316233165469413,61.93801706208243,32.27858351696382,NORMAL
165.23231657204232,5.713254919759015,65.99884667327896,38.35274303286946,NORMAL
163.1802589791413,6.003843285275448,63.18492497815933,37.77665150782041,NORMAL
150.9481862340295,6.170842158187237,68.67981601861389,40.785728349689286,NORMAL
224.76852589691893,6.6909037245093295,70.52666271922996,35.59146022713817,HIGH_TEMPERATURE
237.2206334068405,8.05972285990292,63.52117559735045,39.32435295165381,HIGH_TEMPERATURE
165.36322498281726,5.92036462719214,12.568728203767428,39.09460828282226,LOW_LEVEL
175.08890401845863,5.788650497714854,17.828995553970888,35.539471935762975,LOW_LEVEL
165.6289413562543,6.55723543224043,62.97343528604816,39.29230123784068,NORMAL
162.53991953340582,5.823806039150214,68.79196262231744,4.8425190040532495,LOW_FLOW
160.35231849174812,6.8333672934689496,64.57205096694598,38.800491809869214,NORMAL
171.43262270050664,12.149615792612218,60.814322037329404,34.691752424268856,HIGH_PRESSURE
164.8608087203222,13.312762436891258,68.24687429694184,38.21677265457944,HIGH_PRESSURE
171.09719393566948,4.338356762525202,69.21025334447424,36.243492190701836,NORMAL
159.30076101318272,5.272507059537905,57.394368603074845,39.1005611568312,NORMAL
181.18203850299201,6.064763981675738,15.790625965054929,37.23028439936004,LOW_LEVEL
155.9840967183931,7.197995959252744,59.26478047900635,38.709125961067386,NORMAL
155.195153889862,5.330452930496547,61.134027711806176,37.86308927398573,NORMAL
149.50426453835667,6.795808043415394,59.304378903808,41.544445681775755,NORMAL
182.4893765344911,10.5,68.72452149811586,33.417819313600944,HIGH_PRESSURE
190.6887663076721,12.11663515451345,68.83946155740684,42.99248474868918,HIGH_PRESSURE
157.6363539500056,7.085749983258986,62.718910739433944,40.218142652117045,NORMAL
162.49476848873374,5.8995216873365885,74.6504726674671,37.405146235834756,NORMAL
177.53741973097522,13.248842293274892,64.15295530471826,32.05833178668076,HIGH_PRESSURE
160.38188003988475,7.028561249348708,12.253502633625555,38.48698207443065,LOW_LEVEL
172.0052442548264,6.614219075507549,67.30891729851439,37.58857149231277,NORMAL
164.59530078853257,7.226385373264075,64.45949955740055,35.65836688882611,NORMAL
150.78881362926165,6.665815619545249,67.06920467070917,39.40182880551544,NORMAL
170.18091181775648,6.085667626523371,64.91763315976247,41.44141394473644,NORMAL
171.12764362180985,5.116897456321541,67.47636999792748,34.68776269397915,NORMAL
168.27948467984453,5.956731466367866,62.566864314273744,36.424145951565684,NORMAL
155.464949512465,5.428331466464095,68.5133409247254,41.443320201792254,NORMAL
161.29955426940336,6.389591389665326,63.98054520566693,43.267862195025764,NORMAL
174.66600233998915,12.601526522245154,60.05295373989638,40.327044923046344,HIGH_PRESSURE
164.5942275749872,5.714483850734909,10.010083508665364,40.472936864981,LOW_LEVEL
162.61353117466362,6.138717137761989,13.963883572990266,36.96851048745681,LOW_LEVEL
173.41483888422016,6.442336766590547,63.88845917469963,44.2063155653602,NORMAL
172.02760241045817,5.166599364720683,59.17021536821007,42.321185160799764,NORMAL
164.3151416180708,5.791416882033423,62.75739303571394,37.50387637807005,NORMAL
167.46416272197592,12.354834868225801,54.97461181894083,38.01516479363199,HIGH_PRESSURE
167.43773663803546,5.819433534731255,65.88138517864093,40.78555955240781,NORMAL
174.81552701148752,5.870087925257165,64.90022177733924,42.2888860819497,NORMAL
217.78063014980853,8.800880073476732,67.49174934243864,38.088968122125074,HIGH_TEMPERATURE
167.6803389402993,7.080840633600367,59.736579139417344,33.607522701381704,NORMAL
161.99030316973227,6.564967980958474,68.54076279061987,36.897761332693484,NORMAL
185.06777251211233,10.5,67.43571637912962,36.08423959048656,HIGH_PRESSURE
159.32082498262787,6.002159607861005,6.202437580580807,33.691307996365985,LOW_LEVEL
169.3401235482844,5.97654104653778,69.38290791366374,37.94328038937909,NORMAL
179.73720526854612,6.4712131235290276,55.81633115589327,37.12973226019549,NORMAL
162.2517142493944,5.690041874927865,64.07857091373687,38.295933744434,NORMAL
171.08106468300684,6.306213904403073,67.29729257983469,37.53433763731937,NORMAL
163.36661380474777,13.293761670877144,63.23405556435144,42.043541123646925,HIGH_PRESSURE
177.9278593932964,5.63897739076308,71.98710076081284,38.38925483539095,NORMAL
161.7125821533301,5.957780022820373,70.3503680518523,42.21849816527695,NORMAL
165.44751615980283,10.5,70.12474349532488,33.30435059760733,HIGH_PRESSURE
225.35810736747038,9.788387385223151,64.85554297172689,38.59943262475148,HIGH_TEMPERATURE
167.19043076258816,6.034983182294617,66.61729247554686,37.70361621593126,NORMAL
159.39167340809757,5.992779738503894,60.09225800777722,35.61282139187347,NORMAL
221.9641934510786,8.726867960841554,54.16316877292812,32.729198914012414,HIGH_TEMPERATURE
165.11923004242945,11.361540113334579,66.5344411034653,39.50966961327927,HIGH_PRESSURE
161.78405935896637,6.190786836080027,60.42776216705721,34.19606161553211,NORMAL
167.7320694842944,7.041243404545747,60.06540396127451,39.708834222874145,NORMAL
171.94541423781334,6.522986266760843,65.32806138608593,37.177663414296134,NORMAL
164.6823497412242,5.665955359738595,64.90180518752479,40.6613792164267,NORMAL
174.8819791064822,5.336626098010337,63.89387174674461,44.86861173453965,NORMAL
179.57644177074275,6.733785063473567,63.860292622632414,37.41665824598196,NORMAL
141.79134054144942,6.75104314626715,68.2019295029335,5.768045811772053,LOW_FLOW
167.01959451673915,6.631193556925649,67.75786981438364,35.98972792212487,NORMAL
163.8787534528512,12.261325252579892,61.130442002407875,39.83180664055186,HIGH_PRESSURE
175.32214072995367,10.5,57.24723339332235,37.91985041300513,HIGH_PRESSURE
163.71836208099984,6.367805803904177,10.658987037251935,34.0930388605868,LOW_LEVEL
152.23234272315025,6.105810062175326,64.06044932724339,38.92411382419895,NORMAL
158.3169576892157,5.2086402024463725,66.6898209683619,41.849477319062785,NORMAL
170.97817640914764,5.834376132886169,67.3701716528716,38.74411460570398,NORMAL
160.3796889011548,6.939527606341253,59.33938285535239,36.31046851303759,NORMAL
228.19151147018522,8.03702357440591,71.66514511895606,37.34729726045877,HIGH_TEMPERATURE
158.16132066453773,6.425557673617607,57.6548502138099,41.15803148266115,NORMAL
165.18158675062045,12.236985541951096,74.67473059504778,42.99059596065113,HIGH_PRESSURE
164.30324663157992,5.8789468210120495,63.36924890974692,41.26650183334504,NORMAL
153.65852663872343,6.691836418848064,69.66087188620442,39.25167336325859,NORMAL
159.29156814903715,6.146066129274788,63.49239199561353,36.43669647859146,NORMAL
166.80447871608143,6.792435957047475,62.643528104848,46.40205334202986,NORMAL
172.7397301834001,7.79515932280493,68.51070926152079,36.76040614107321,NORMAL
171.4224765167439,12.342198598302906,67.94242976725116,39.025378889989206,HIGH_PRESSURE
165.9694235943957,7.129408672157751,75.18009106085576,40.13962869042675,NORMAL
173.9037271332821,5.804982959035657,61.813655437457236,37.995786176953054,NORMAL
171.8576828284529,5.642361136763327,70.11793323312503,34.95027349401522,NORMAL
164.77806059476484,10.701333356005,67.7776935102874,35.67589162346483,HIGH_PRESSURE
156.05355346234765,4.13662426398987,57.780919088847895,35.23524912898912,NORMAL
159.79266709808346,6.456625111393591,60.56638294867653,7.016376155900146,LOW_FLOW
169.48263342585807,5.595996975711602,62.87060633183552,37.53348959222057,NORMAL
164.0863208657773,5.534963274298903,63.78542144187447,34.882864386712846,NORMAL
234.34608667380922,7.351052326603092,66.28261960328798,37.12473228393967,HIGH_TEMPERATURE
164.21266073073775,6.447413866122872,68.69139378048283,36.01676740454172,NORMAL
158.2974139297788,6.785697086509876,59.25429106232787,40.45021152245097,NORMAL
154.26259866903274,5.798770207560914,68.60221989796479,33.10006140118378,NORMAL
172.23956237477285,11.411863830985185,67.43705504512117,36.92273779070782,HIGH_PRESSURE
153.06315331621607,5.5847904448633425,59.73272711095122,40.04517868069001,NORMAL
164.24027751525864,5.034013533867413,67.95185772027736,39.996407531753015,NORMAL
150.72134288853118,7.137473147371345,8.411920788363927,36.032622093688204,LOW_LEVEL
159.18105807472693,5.622718544204634,64.17888098032483,38.766561978228516,NORMAL
175.2475536702434,7.875143182476247,62.02386164832765,34.34886889991017,NORMAL
235.57034024438025,8.665692229907458,73.81601542496372,36.11541102632902,HIGH_TEMPERATURE
160.06965529446313,6.707366814228699,69.27058667267609,44.22810030189078,NORMAL
165.02800339488223,7.371417013149375,63.994953374382405,5.3840179338588765,LOW_FLOW
165.58925275993755,6.142466087943558,60.15732538473997,34.954138812386915,NORMAL
156.0437129978358,5.065180204748089,59.351399828424746,38.31511122808352,NORMAL
161.22512281822864,5.22149296574669,68.30339105769116,39.3348264261971,NORMAL
154.57878306532427,5.580561585476954,63.96988157692028,39.16203102876,NORMAL
159.52355180656158,6.523559560175317,67.93980473206555,37.45513931419807,NORMAL
164.7336420838645,5.491928313686743,62.68530066420403,38.284714238519875,NORMAL
170.77761367173167,6.245411520804223,68.65108380980617,40.08655204240763,NORMAL
166.12645042692264,7.654522385138318,62.542207895475315,6.46119543175513,LOW_FLOW
162.35495974562133,5.182594376426663,10.057753049647506,39.81558113665604,LOW_LEVEL
161.82013332056454,7.142889709826557,72.93094753892582,43.16913629291262,NORMAL
176.8991863174869,5.808469461706763,69.40080192033771,40.45020174619538,NORMAL
167.7834758174617,6.097460945161721,64.88654235030634,36.90607581260347,NORMAL
215.2423121767276,7.520854999173263,62.21556199518497,42.180832051977276,HIGH_TEMPERATURE
179.09761159032143,5.710679811720939,10.713117936986382,37.790041639750456,LOW_LEVEL
171.55558058094317,6.298145608590277,63.98613214617668,32.86837676957433,NORMAL
157.90028940206273,5.060351963773659,56.15101744939438,37.741317238669346,NORMAL
153.98890000737643,4.983982672938709,64.53055747055745,39.82396633451483,NORMAL
156.11255123827425,4.894196911963903,69.82670646157031,38.86208311411234,NORMAL
176.69155433793762,6.399140632738464,67.24882579683899,42.69669446027436,NORMAL
166.68233032868918,4.981110155081537,65.2923971152915,34.52073135436671,NORMAL
223.9061406683,8.892005365830375,56.66313135778337,31.975029014757887,HIGH_TEMPERATURE
162.97986132557628,5.407959043691874,64.21624355258379,42.963572112937484,NORMAL
165.54137006450168,6.246025403107386,67.64755879543351,37.53322072254286,NORMAL
170.96399125219986,5.816379832093303,68.47571213758982,41.2943824022103,NORMAL
175.8737648023649,6.409597620222754,68.44205526944393,30.42377815843285,NORMAL
176.2812959624155,5.319227016731711,75.6203879308947,45.457916343776155,NORMAL
155.7212857138643,6.010291277695606,60.50394876327087,38.182812709612605,NORMAL
179.12589182793042,6.11371841129525,69.36578455616139,7.679212136695462,LOW_FLOW
165.26156180202616,5.790578564567287,59.456253667986985,40.65330891665375,NORMAL
153.98651081954952,6.008350673237596,64.5855523182099,41.19613931022793,NORMAL
164.05089339112095,4.781442498057609,67.09395743363244,30.85373173323211,NORMAL
152.30005741014958,6.3025285372621696,61.89362993113724,37.37129491077999,NORMAL
164.62048602019146,6.24820992915372,7.753180456314103,37.028891700253254,LOW_LEVEL
149.20932904112829,5.676604898352017,63.061828149117936,30.940619897914722,NORMAL
171.0653137378254,7.80181653769136,64.2061175309664,30.47805496651508,NORMAL
158.34790070059245,5.7553277689878595,59.98535272606741,3.992104011660167,LOW_FLOW
157.07114947530118,6.75987529322684,64.0168615081372,38.91197002177952,NORMAL
159.01048901304034,5.795029150709581,61.946609312272834,39.164829917922496,NORMAL
159.06430800374648,6.0551957530262035,61.244494124899596,4.453513552705907,LOW_FLOW
175.29272105029787,5.986206600908218,63.557476532463696,38.58054056909355,NORMAL
169.0096666169137,5.121676765180079,64.64892017363285,34.033495346831046,NORMAL
162.9075047914688,6.034150973524241,67.27775173702389,36.89449266991336,NORMAL
174.7001506946528,6.005169481891228,67.51344567028639,38.904898198888034,NORMAL
152.59184470121556,6.064585920100225,62.49047252049283,39.36348854872195,NORMAL
169.95922634060236,12.090310391638692,63.11086968694667,40.83484331445748,HIGH_PRESSURE
157.0572255373285,5.882955214116098,66.37991103707499,36.86563738060304,NORMAL
158.8531547236167,5.954117420751927,70.33741608132306,41.7528953512554,NORMAL
165.03446113874529,6.479148882008051,58.68302468366508,40.465368271799264,NORMAL
171.84445222537755,5.583238396778711,70.75743027915033,6.07302991694416,LOW_FLOW
164.30636239326302,5.82043210986018,63.84210360530972,39.42522721240607,NORMAL
177.13152080471522,5.994276935153674,61.371238192089855,39.98677962731121,NORMAL
220.5260879006462,9.010818593837813,63.279323181898704,35.771038141373026,HIGH_TEMPERATURE
165.57626858586062,6.08486838127393,72.96059823994398,33.716638496060625,NORMAL
153.18233629231176,6.089157113253761,69.56013166631925,36.653120327597364,NORMAL
154.53866481292047,5.14511897801874,66.33959562175075,40.34157945473752,NORMAL
173.7325521352647,7.106916046220234,65.2637976863171,6.75073143614553,LOW_FLOW
162.02865811134345,6.294615313770659,66.27802292525746,35.25791193095951,NORMAL
171.13853792368982,5.619584770887603,64.38881949346204,36.72911750422355,NORMAL
222.41361839520894,8.572017906933239,59.51704171667719,39.65361563472023,HIGH_TEMPERATURE
173.83743372322024,5.723501910091278,71.00759838617391,36.518931286404325,NORMAL
171.74686974351832,5.417986030090971,11.597306803459864,33.518413219921726,LOW_LEVEL
159.85002059786999,6.319464729765617,70.01555867168824,37.312713603602106,NORMAL
171.92980160686824,5.470079303904673,62.88803445396134,37.56401912043668,NORMAL
168.5716881699615,4.609940706502321,67.28852018696386,34.78551815671205,NORMAL
154.94543126537368,5.611611396348977,68.21721227795673,6.33808650058987,LOW_FLOW
168.69908527080256,5.901326696956638,74.35451397723611,31.06302352107564,NORMAL
177.26195834208727,4.7811647473356995,60.43511816431325,4.964132823975106,LOW_FLOW
161.02620237765035,5.664068314627527,50.0,33.557652616182395,NORMAL
168.81888545818634,7.053329693971051,58.467535315507014,5.51315887548375,LOW_FLOW
165.9214470652223,4.234979210582488,66.93939728446618,41.33089012286391,NORMAL
157.27719044152988,5.607753955304459,70.66313661846505,40.44965038458565,NORMAL
155.4997873921026,5.448565871889208,55.45431341858659,36.296094628045786,NORMAL
165.97646851564468,5.294192652966289,7.359855110318337,36.99715347961481,LOW_LEVEL
151.4642988066419,6.265213838414121,66.201944112523,40.70655178386627,NORMAL
151.73331547534204,6.5210861135884,62.07294889090238,33.51204508768329,NORMAL
160.01967877867557,5.23371252907839,65.86248049516166,38.72013489809231,NORMAL
168.45694736974423,7.2569411979586365,14.414575908317017,40.88406784750188,LOW_LEVEL
168.63172463446958,5.618800487673561,64.07260012047873,34.6662372389037,NORMAL
161.85557649931175,6.389324429011708,70.56607791916873,39.440744582250765,NORMAL
165.56036857506783,10.5,72.52382450998805,40.87951401620272,HIGH_PRESSURE
164.58925713324024,6.18367190557151,66.423380326492,40.5445212516329,NORMAL
167.93066346920034,5.988954755738927,65.08052536568633,35.60635316432471,NORMAL
168.09399852731767,6.8267501677468045,10.929576477830837,38.916603375778486,LOW_LEVEL
181.20650018589197,7.077868226688453,13.786629922254754,39.5589175458402,LOW_LEVEL
219.9173829397487,7.077110620846627,63.13083982920095,38.29134243866463,HIGH_TEMPERATURE
161.73333469738665,5.039240047977922,72.15807326137295,36.56879340627827,NORMAL
171.05522378381562,4.937362060429889,68.91558607266768,7.037020571786529,LOW_FLOW
154.7676420932531,6.353163620044009,14.220013366540337,31.277399057967003,LOW_LEVEL
158.38635962466483,6.4612374091366105,64.8621134319834,38.373860259927056,NORMAL
167.9095852027437,6.682477491103895,66.65509862401751,33.07400562068916,NORMAL
173.1980538700062,5.2767031408642735,67.93836610301176,35.570608992508035,NORMAL
161.91328980310703,6.164579589863233,61.252229319051814,42.04287650394126,NORMAL
165.3724597866229,5.237519315903189,64.54152408858589,42.158929835545386,NORMAL
160.82211894631766,11.720434692149162,59.53662091141051,41.10361526288435,HIGH_PRESSURE
163.86368313413647,5.665662287651799,70.31905838312754,38.238110498052336,NORMAL
174.89640433473974,5.390420914947125,58.503441770024615,40.89616199217888,NORMAL
165.36846510861693,5.573309503415455,69.27275979166538,40.11698766419221,NORMAL
163.62512960810403,5.268002951470146,60.30545629808352,42.46435080970801,NORMAL
161.91988358892146,6.666158013681309,80.0,5.177684088270149,LOW_FLOW
161.30118565868347,6.62363687045062,60.060497731650955,37.18820086527901,NORMAL
164.75333988732652,5.929643814230061,63.81257878767582,35.2170841605008,NORMAL
215.094943577651,8.235589504645281,71.38956331038186,37.85619489211821,HIGH_TEMPERATURE
161.35615000916147,6.330190465543842,65.49504811351171,37.38810737902258,NORMAL
154.47956312769935,6.398558360719465,70.92901021424663,42.782589088279444,NORMAL
177.76719317019337,11.331759684170445,67.78384514140454,36.787981945818764,HIGH_PRESSURE
225.7811927034356,6.0,67.41300451466047,43.69194701549622,HIGH_TEMPERATURE
161.1500710090767,5.732137817395059,66.1983712179815,38.054451583836396,NORMAL
170.82971387259477,5.97898358653407,67.2720665295928,38.199322414141996,NORMAL
167.91620030394242,5.721543215922099,65.73499704231293,38.00516840144556,NORMAL
220.36862893964863,7.491522556903668,65.10075032095709,36.83668125375191,HIGH_TEMPERATURE
177.23450783173837,5.449439420200644,67.0157730057779,39.55886279280593,NORMAL
172.82874290931971,6.5096479678022074,67.1626527488446,35.517257258934016,NORMAL
195.0,11.083983530147325,64.11256230846718,41.91073461080871,HIGH_PRESSURE
161.8976963556057,6.324006775578433,63.421134124188036,35.39971925192895,NORMAL
156.73330003208775,7.30903395591935,57.07432546038853,38.21072978212554,NORMAL
152.0178613578678,5.9724521577828655,67.24629687013012,37.70227276781908,NORMAL
166.72963741058152,6.210685492106712,60.675730099310115,36.853463850846396,NORMAL
172.3946483457746,10.632365883691225,66.73340042217768,37.914225656302186,HIGH_PRESSURE
166.43717344624042,4.553698636485196,68.44403942274735,36.76753653197076,NORMAL
151.62690774846283,7.340527079872949,56.825062942296086,10.241561092565679,LOW_FLOW
234.87713495772363,9.713930591376782,65.13598677138157,41.01383260417865,HIGH_TEMPERATURE
182.92181593649323,11.777665458798404,71.67325635839002,39.1945141659743,HIGH_PRESSURE
160.6546333515511,5.969941241930279,73.4788596531372,36.67558285024165,NORMAL
166.83369099292054,6.8229797822617115,66.89250662642682,37.3564685700496,NORMAL
164.96114098714693,6.528469221424418,4.064485814973655,33.651580851832534,LOW_LEVEL
175.86078762618374,11.434989539694698,52.50442080224906,35.826852257702235,HIGH_PRESSURE
165.3536990248336,6.375194963447657,62.998566849092434,40.9854720600964,NORMAL
153.01051459641565,5.863447914863296,10.809581958400138,35.77979019495057,LOW_LEVEL
167.20378088774228,6.8863461446661995,64.64167972381588,41.94932783013194,NORMAL
169.60437207999917,5.280393491472444,60.34884964352711,41.50546679248541,NORMAL
166.02897273993014,4.732688006949181,64.63902231701647,42.833581806308665,NORMAL
169.9043536781663,5.628200454149688,64.3682719856772,38.60308068864838,NORMAL
171.05911029309792,11.238767845207233,68.06404090412963,36.82014628618083,HIGH_PRESSURE
160.78794642787108,6.451314004056332,70.47454182292415,38.19121951918428,NORMAL
161.0570484174048,5.755192290481059,60.01846804362017,40.84261831150296,NORMAL
150.13405870309973,5.1993989554179985,55.05550025352407,32.06882474224213,NORMAL
165.74143556823202,6.45551759936006,65.42883221973919,34.60398313176127,NORMAL
168.55050167506485,5.018532802770064,65.13940520750006,37.707333615342286,NORMAL
152.57994021359957,7.7458159714673345,66.53524829182494,37.14468859194123,NORMAL
179.59903214245693,5.773462331406057,63.47111510714961,33.98849666002289,NORMAL
155.74028294213264,6.686163638105865,58.1203242466965,36.76047265058089,NORMAL
229.38043103195363,8.982869519201275,66.04404394795066,39.685323141485156,HIGH_TEMPERATURE
155.87852218281057,7.098984737275075,66.66049739069994,39.64134480588415,NORMAL
173.16951595040922,6.470732625278364,9.543645069447729,34.575873273551366,LOW_LEVEL
154.42170883279852,5.686315434641119,64.45314746199455,37.12829459185412,NORMAL
162.09556922747942,6.069797263426864,73.96195939201947,40.61952928404981,NORMAL
164.29108843797465,5.1307835314940435,68.16976466604764,33.76857117811714,NORMAL
167.9364282134471,6.497216406376604,63.784297732061525,43.97849613273954,NORMAL
179.3567963897732,11.592794146649936,64.63613333057019,39.752411303165644,HIGH_PRESSURE
167.34461322613532,6.7296492460076935,63.958705834461085,38.78349830863709,NORMAL
222.1582037528175,7.710084621045998,61.47948856233648,41.50713489436634,HIGH_TEMPERATURE
174.5936665760352,10.984168720679293,64.41654970031671,34.16399246622452,HIGH_PRESSURE
160.7032240834711,5.635064917458598,56.14631985511779,40.73946657312813,NORMAL
153.15570789947986,5.97191315953767,70.14059547988055,39.14330028382958,NORMAL
165.40195518566597,6.580086401328684,9.598532223427929,37.977848026124924,LOW_LEVEL
169.95284014771883,5.414589006030855,64.51540715185368,33.817974665330084,NORMAL
171.6850836551304,6.359614367507798,13.324687213184223,35.697340836711085,LOW_LEVEL
169.4428818280686,5.796675778101685,66.90034447539603,40.40321447620196,NORMAL
159.78963098911885,6.3764517168111645,72.81329143213652,39.330686580820206,NORMAL
169.87112413261625,5.4523717784580015,64.7531669578259,32.05816052228309,NORMAL
159.92149468822834,6.413737432949732,67.85076349974857,37.386442216797704,NORMAL
169.6094714297493,12.031846901037447,73.9318884250282,38.845591515379816,HIGH_PRESSURE
167.78562412755855,6.040011885201279,62.68986753430756,35.72875691813297,NORMAL
170.99812442926498,5.1812349227345385,55.90554302304574,36.63722973105572,NORMAL
162.31248619967883,5.0013146050915545,61.46181284450351,37.300617446410804,NORMAL
175.9108978385113,5.654883021232307,67.5082164951363,41.16924836600857,NORMAL
161.46021645719992,7.174193552009987,69.35501588290619,41.29256451693472,NORMAL
157.0836950397451,4.0,69.16037594145865,38.035071219994606,NORMAL
224.1518547094482,8.09942181723322,69.72846804529995,40.61721255973484,HIGH_TEMPERATURE
157.8200562331627,6.522673412736252,65.89153801579275,33.06600190103293,NORMAL
233.792968292407,7.5668683939666135,62.26272363497471,36.74889506532071,HIGH_TEMPERATURE
166.41809093559084,6.479468189658506,69.57355856909132,39.07397977126994,NORMAL
154.11186457674023,5.917005092919996,75.66455530642665,43.9127993911155,NORMAL
172.39790136565358,13.21723583385886,69.8189940127973,38.84287419844851,HIGH_PRESSURE
162.29653168065187,6.651828390387428,61.116402104202535,5.7208572626749685,LOW_FLOW
169.86761389143743,5.622042574985082,63.556291250403056,40.53026461478072,NORMAL
166.3241236961341,4.701252544013428,66.10059173088683,40.51396498483451,NORMAL
172.30535909845807,5.750118321816061,8.692102144463584,36.6788460218142,LOW_LEVEL
164.20909507230172,6.245653153518289,63.99915815467898,36.16209376067652,NORMAL
164.2896284183,5.904468401685152,75.66152277135693,39.54093486743711,NORMAL
166.97346519688594,5.496417326219118,66.7448827833453,37.42136612032972,NORMAL
176.4737694370487,7.105742221366026,13.689193041576795,40.91479940785869,LOW_LEVEL
166.04846260836916,7.007352558440354,61.40119667524673,44.500542366511745,NORMAL
152.26389598206836,5.547824407674358,72.313211713882,38.62237622111033,NORMAL
165.54480770750175,6.9445941518885785,72.25643352235176,39.23600965878516,NORMAL
179.92952103370177,12.2394434134593,64.96359227430722,37.36666485574247,HIGH_PRESSURE
168.0803035012488,6.503035137773737,60.24037792003088,36.11670403126277,NORMAL
219.0848715591868,7.951643362792118,68.60996674342908,36.482841069779056,HIGH_TEMPERATURE
164.79309721636915,6.629461750267777,71.68163072739063,33.91764771394194,NORMAL
168.81282373859185,6.066158045357301,59.38867956392984,37.93526775015419,NORMAL
163.11000293901049,6.383240783675739,66.22229799633983,42.56536691970713,NORMAL
165.9913214454886,6.546141273415697,8.48120614833528,41.438173738700534,LOW_LEVEL
168.0630858910804,6.734232600620108,55.31307442548523,41.27376253378995,NORMAL
164.59620741774862,5.0281309893071,57.874447046000235,39.22764022766048,NORMAL
168.74842222804963,6.265537416398968,60.101056640010654,37.15632430348404,NORMAL
162.47401629919028,6.442119441603911,12.539433593072378,41.1211186428857,LOW_LEVEL
161.41148633577316,5.969584555843752,73.6230055324665,41.977543049265236,NORMAL
167.64415622870075,5.967966554539802,62.26769692735688,40.02882928236527,NORMAL
155.4047853934077,5.997764001976255,66.49883860216976,38.02802572747912,NORMAL
163.18836332364688,5.035005099478524,69.20708191067183,42.56979538851008,NORMAL
169.78118336104913,5.712573445422803,69.33471725945937,8.073956236438836,LOW_FLOW
169.2339305675784,5.777119808814496,8.389896792103857,34.014397836309136,LOW_LEVEL
227.41775794154913,6.9231657660500305,65.83839017737488,40.259136461183985,HIGH_TEMPERATURE
161.3894794121587,10.935834171753365,63.87094149224825,38.27462197394095,HIGH_PRESSURE
175.1163184747043,6.449197454309697,59.37141729400888,37.36829311018117,NORMAL
157.77994794845367,7.286421941550729,65.4639493132052,36.24829977953299,NORMAL
169.19605900228868,6.409379345941729,72.03719556958613,38.05124000060954,NORMAL
166.4537529683239,7.194291281684641,60.549928107522696,7.13461707300197,LOW_FLOW
157.26007938099812,4.828156275716903,60.9494220172908,37.36071984475081,NORMAL
153.9751892677278,5.24885147105638,62.17720581784002,33.984664166751,NORMAL
177.8752773422909,6.339820009168122,12.228401720336894,38.92453889059603,LOW_LEVEL
163.42491441036873,5.241272597276045,66.72768312497873,38.29245593896914,NORMAL
179.14343930863907,5.387059887252282,70.17095047883386,40.688985646228836,NORMAL
172.42193919640965,6.1892064626954815,56.41851046729444,35.12610733242899,NORMAL
173.38107901684117,7.071010258787639,9.644419751231686,41.82212798512751,LOW_LEVEL
162.78639927931428,5.5200053652489185,62.71377397429454,36.522069935651906,NORMAL
178.14128234748986,5.9371812028894695,65.28950954913469,38.866629150077266,NORMAL
225.81403101221093,6.8409361818284395,69.65974095136255,40.06048716874709,HIGH_TEMPERATURE
165.04813344348858,6.370254882870529,66.99937842366786,45.634300318256294,NORMAL
169.35101603289743,4.224498996536396,60.42820721910379,43.2373125670954,NORMAL
156.59664045321162,5.329128627511012,67.72845171560506,42.03998981291329,NORMAL
178.24124754429963,4.472611419557198,13.435805210244771,37.33793486800932,LOW_LEVEL
154.20106070163428,5.2042250042406,62.68545135385703,39.85912150641312,NORMAL
155.63878864445115,5.854502108766112,10.344872109414888,38.990888548498766,LOW_LEVEL
176.2762907225686,12.428447462445163,67.55097102649601,36.161312686489566,HIGH_PRESSURE
169.5704396274899,4.9637198632692305,15.663140406453852,40.0324172013917,LOW_LEVEL
165.1442001264951,5.28531379936488,69.11658975887507,4.442022378406783,LOW_FLOW
151.09828323890295,5.772388417897372,66.1017691640348,31.633438356465522,NORMAL
162.81305850336543,5.646156203290876,66.62956102216866,6.309335408994457,LOW_FLOW
160.1362079466756,4.498713655431034,58.779533401337986,7.879572040291804,LOW_FLOW
217.12795909021028,7.786416255092555,64.89894957079468,40.82932730993455,HIGH_TEMPERATURE
182.14757459821584,5.917683861303927,63.9305965110896,38.44793555642571,NORMAL
176.53762602010949,5.965152135786028,14.173339829369622,37.264288993762946,LOW_LEVEL
174.51095102733902,4.283153967514009,13.417932271705634,34.185968859205744,LOW_LEVEL
170.05585187009117,6.397817916276115,74.19074257383035,37.02388245750458,NORMAL
171.15388966429703,5.296113641373555,64.0533186871099,37.35766693286826,NORMAL
158.30029276731847,6.548195574690715,59.898880466147034,41.330023502326895,NORMAL
170.48578249235402,5.655575036513742,67.01065586905405,4.96010470910932,LOW_FLOW
238.9118150103519,8.72489827083704,69.63515331068776,36.6057598109958,HIGH_TEMPERATURE
171.1575724660873,5.834165914264742,15.992149339859717,35.76646676379945,LOW_LEVEL
153.35693690071415,5.912976116704181,63.650643547967086,6.335817649460202,LOW_FLOW
153.87590053095525,5.993875422270385,61.28677330240355,34.71556883517213,NORMAL
219.53410664565604,7.136371584055571,66.86012120601184,41.114022728165715,HIGH_TEMPERATURE
168.2780097569863,6.640554967061954,69.4870859746566,39.9863239895484,NORMAL
179.89854049115905,5.8227399081677875,65.46598789857941,32.60076700470381,NORMAL
168.7723081803611,5.310743190505336,67.14293082855791,39.43796110863586,NORMAL
173.39162293089154,7.526963055714975,62.95391146437875,34.42946098175067,NORMAL
157.76728667080735,4.765584576045763,62.120544914850335,44.31103966619236,NORMAL
156.7806026010584,6.222820434483307,12.244437900979298,43.103252918654555,LOW_LEVEL
173.9804789611948,6.530847963481081,72.78490667745349,38.87374137609705,NORMAL
151.27393372497346,7.433184594701957,65.32623563989927,44.6543210230233,NORMAL
233.25231002789639,8.684698496863211,58.9906206103795,39.633983195700466,HIGH_TEMPERATURE
161.43144497232933,6.128902881038101,71.19861482177588,43.784007659178556,NORMAL
189.37456054008518,10.917894284577633,69.13753166482533,37.87040375480472,HIGH_PRESSURE
170.34558274846106,5.599795222176016,61.43323776149251,42.24070140662642,NORMAL
156.22571537236288,8.0,65.1526915229092,39.6904228489174,NORMAL
168.02376798395758,5.572574822590259,69.97587041600165,40.48070869661722,NORMAL
166.40873943354913,6.5284920675794496,60.61337902432879,7.627779280403001,LOW_FLOW
162.1359255528718,5.935706347342445,52.701455758061584,40.40106941168603,NORMAL
160.4284062464261,5.156943136026169,60.06852422713782,30.571365200835857,NORMAL
145.9755682979936,5.086536022774454,65.05104643281378,38.30410017412672,NORMAL
144.48204526543546,6.366015766842323,70.52011942890839,40.09987655520653,NORMAL
165.561084146929,6.81333459413261,64.540603636536,40.23616295925539,NORMAL
158.75653236284438,6.441297701586116,57.03841269725094,37.91417589423869,NORMAL
158.03701060567136,6.446006690717341,62.2057917239432,36.61849244732082,NORMAL
159.9684371605378,5.873930489314529,62.67889980388996,37.052174992514594,NORMAL
168.9621835685488,5.574155979977281,61.215438878477535,41.14724610850479,NORMAL
182.26927208563868,6.8022746473362234,69.22237351481881,39.5181770614791,NORMAL
165.7635123079019,5.9778906755508086,56.768828460825986,38.78890142830149,NORMAL
165.94931335779197,5.141446084884215,67.37292126469761,33.80527157370197,NORMAL
165.10700650172691,4.729666775927362,65.92326103815431,39.37500390092244,NORMAL
155.8992480370985,5.385909291201603,69.5858544261583,39.442340549327945,NORMAL
170.7467830951533,5.33692506983949,64.70694016155166,37.74513979787626,NORMAL
176.98699552237386,6.959747173538063,62.68966227140683,41.75857570747374,NORMAL
153.61012451680753,5.521847074953692,71.69867522449302,36.69966662614077,NORMAL
160.41064247313264,6.25766069600661,57.25775907137845,33.36880375830153,NORMAL
163.28580045956429,6.431164956003652,60.47599958130637,37.12864877925531,NORMAL
168.46974708019474,7.08593824409994,58.496071211938464,5.858388789112608,LOW_FLOW
181.8644328320579,5.210943640055004,17.671732583353386,36.36939803681421,LOW_LEVEL
161.4002369450828,5.276553127977715,70.51843335475746,37.16118797583121,NORMAL
163.91877114374068,6.289533919832227,71.0027699945365,39.426314034582106,NORMAL
163.92941628387166,4.958770164633469,69.01083815720119,35.731002737919084,NORMAL
159.59002642109107,5.7533888473029124,62.086986165518844,36.688055312667714,NORMAL
170.4078308464554,6.107658376375341,69.08129807293595,35.40394456139873,NORMAL
151.9756622883903,7.052240989821481,61.53459108100424,39.330253156357394,NORMAL
177.54565157651066,5.773040925052365,53.17559095284439,45.29886885403978,NORMAL
167.90407398171612,6.380792730025833,66.8856172063511,37.45295360673114,NORMAL
164.54573444485845,6.565241063816064,60.15732299754013,37.47547848812497,NORMAL
172.8366827292478,5.210252506005975,61.85392376177923,37.690631823057785,NORMAL
160.663353622444,5.6000577594925,71.65490722023843,39.851861967488205,NORMAL
161.95969550246244,6.113903114522962,70.61299092377286,38.35615926659914,NORMAL
162.47005926125135,6.297279117244028,57.12038320906541,39.42608775099261,NORMAL
180.32347753258287,4.906387559153088,55.649495149878604,35.55076376879536,NORMAL
219.92977331015504,8.776803602987277,59.82624848869694,34.755657923963625,HIGH_TEMPERATURE
181.85507786622517,6.344814086151411,59.70256035821032,41.63477263638253,NORMAL
166.36141554553546,6.173289889282156,65.9704581475159,40.22025156074741,NORMAL
166.01493581036675,5.288268297613031,60.599060254318914,34.86502711800496,NORMAL
176.53843832948996,6.493203491940286,69.89758800443597,36.71788240456395,NORMAL
151.47576125815624,4.794544217954793,60.54132968075233,5.6052066486264085,LOW_FLOW
168.64018976278015,6.503492665844225,60.196279434212244,37.20531183829016,NORMAL
169.36258609573648,6.235695034229414,59.37022447157914,41.96697102402848,NORMAL
152.49035905165482,6.225873505575878,59.95684108712914,28.0,NORMAL
170.01261111832804,5.807239369169987,64.6624447950747,44.553367682377264,NORMAL
178.3138660119811,6.625543481226608,56.82926876246114,35.43233023282319,NORMAL
159.30584279236362,6.87259648657857,9.794569941253664,36.07915212074703,LOW_LEVEL
172.11186544323718,6.770600581366902,64.44250917678029,32.17063789161085,NORMAL
164.36216348914553,4.923789935611351,67.50270964689919,39.54910232076553,NORMAL
152.43935511249026,7.4460220825424255,72.22800974269677,7.817677235881572,LOW_FLOW
172.14284653058365,5.741550695971832,59.42960702399973,40.89176732763692,NORMAL
164.13170693851873,4.915107948407525,61.06452069525353,40.63929418438207,NORMAL
165.06804501378522,5.097465361818634,63.13427863526879,32.381557891636184,NORMAL
163.82169349172355,5.991662404379927,71.28986719358976,30.31777413048927,NORMAL
224.42813730680717,7.520718516287587,61.69740745909193,35.092316860703995,HIGH_TEMPERATURE
226.7378542810501,6.0,61.763841998039375,34.27167834164008,HIGH_TEMPERATURE
171.6173823969698,7.293466798014723,59.84335322956926,39.9720944786259,NORMAL
157.96207063834484,6.59440688381172,67.21526220200697,2.689290641943151,LOW_FLOW
168.57329212223124,7.242988622656,61.719754047997995,30.55409845200124,NORMAL
160.76582154640084,5.850488779481732,64.54855012325012,35.251662619026156,NORMAL
156.72553558660482,6.644931138514379,63.73560765274808,34.86327337299396,NORMAL
168.31112228298156,4.587229139940232,57.98505007422644,38.07589365969835,NORMAL
166.76288445481396,10.939674258988704,66.97788633112621,37.06573026750864,HIGH_PRESSURE
162.74376761768045,4.72329040148572,66.45067249211515,36.32182722348373,NORMAL
168.73063017736334,6.285846105609146,70.21358056966343,40.55569780629555,NORMAL
157.02202537918814,7.6182817879499805,63.21402960959641,37.283663653254024,NORMAL
154.4049423353849,6.175849658107334,55.75376759854811,41.9177777258967,NORMAL
151.5012184446932,5.201149328107424,59.52948478575007,35.16190943648048,NORMAL
158.60274062161884,6.4935237981870015,61.106469851472625,40.68908427655215,NORMAL
175.93921222190738,5.680525299122081,57.43430324225123,31.286898943445998,NORMAL
167.805419903473,7.148128050696239,11.344149199019688,34.62569043658596,LOW_LEVEL
175.49620209775932,5.381919665720218,67.87955833956589,36.411465702733906,NORMAL
160.6415323376843,7.091495921106285,17.493762599336186,36.78472192916659,LOW_LEVEL
166.0949865655151,6.0253418474818785,59.754489053594384,34.83758183272826,NORMAL
166.5608317851431,5.267672446188588,66.04784873761558,41.72318577502641,NORMAL
167.09628649659504,4.905329716074653,63.13238025613655,40.44564217096276,NORMAL
183.28540922999943,5.682379993624251,17.810971970064834,31.240832097095872,LOW_LEVEL
230.44321080095895,9.088314337245325,67.98770472873377,36.92499564641723,HIGH_TEMPERATURE
184.77447260844374,6.893881562525114,63.96900488921197,32.85450199151414,NORMAL
174.13012775608297,5.946758878288989,64.31804111392678,36.53712749313093,NORMAL
162.666181011237,10.943832506669347,64.60560519770029,35.581742227948844,HIGH_PRESSURE
156.55004005867843,5.597347511907052,75.77643799144774,37.173442753117506,NORMAL
216.54998670452525,7.398490962721609,60.954849912928736,41.18875814418002,HIGH_TEMPERATURE
165.09140844448527,6.525140787462424,67.00151703249344,40.46040097253383,NORMAL
159.58180652792578,5.86523140133372,65.98489902732622,39.26770644854745,NORMAL
167.05427025211085,5.968000499273321,63.872838253333086,38.96083457209706,NORMAL
149.75456683474897,6.200133814732551,12.956185890202452,38.457415647346586,LOW_LEVEL
168.90306673615652,6.525489987174654,71.91385455708884,41.57914254118687,NORMAL
171.8258613029526,6.021048722879507,62.35561985427052,35.84675157332037,NORMAL
157.015811253649,5.715534549684052,66.18004064210088,40.32839289652577,NORMAL
164.3511427476051,5.8513632563535145,64.29984677023116,37.136593124154935,NORMAL
179.615721261268,5.27802874988695,14.277357184044742,38.08938590673589,LOW_LEVEL
177.35559582494938,7.0427928257190064,60.48467911103188,39.36984904861067,NORMAL
219.46424579281356,8.408135406303783,65.75886155124014,40.62157037154937,HIGH_TEMPERATURE
160.452463330258,6.159165992018893,65.93682120525632,38.150598036279774,NORMAL
166.49974137738022,5.835782443202279,64.9969702511257,37.120196786516395,NORMAL
149.73495669419788,4.707037289855788,62.16450513498605,40.67413631667443,NORMAL
167.17866720902663,5.560701978084914,61.59464827616521,41.60185239892967,NORMAL
168.12424477055615,4.129188692446419,72.64676727053407,38.85793693738816,NORMAL
167.84778258424947,5.189330467642229,12.078105187897185,41.63861227141036,LOW_LEVEL
177.15130386588308,7.23999768418315,12.222849432785711,36.26152033813192,LOW_LEVEL
166.18982540736218,6.526922600048837,66.39732055835171,45.02865067422819,NORMAL
149.8644299735047,5.104426938454953,55.71343368136488,37.36937635604038,NORMAL
158.99998611001192,5.828452699884644,69.53503812164998,39.316943586401074,NORMAL
157.34530629696283,5.423412816400067,63.906168561053065,38.18405485850886,NORMAL
157.01231981224785,6.3946295021519495,14.071125060205723,41.321885879596046,LOW_LEVEL
180.24048171251576,5.592352480376898,62.707246202870465,34.34074174087833,NORMAL
155.74921871787734,6.3432580195813175,68.86205073955057,42.280706215219226,NORMAL
148.5986231917518,4.844175568661129,73.82678078246812,32.2679639082389,NORMAL
169.02438934701493,5.831530804954995,74.68051400151256,37.06882968918126,NORMAL
177.72175044497425,6.106317038302504,59.31606754473148,40.156422713488936,NORMAL
172.72903744803284,6.918168983771784,67.37394909342186,38.498649183614404,NORMAL
173.76913893084273,5.33986836368135,74.69850075513814,39.34955515449649,NORMAL
181.48238536419262,5.832200355028439,60.877669755936274,36.51314806383506,NORMAL
185.0,7.063571372951858,57.71100810961117,34.428971005082495,NORMAL
171.75360952554308,5.684093030346635,62.01356302052467,38.93660136990061,NORMAL
160.03841236356868,5.469413991126066,63.22427152577465,43.96327771176888,NORMAL
154.27715033583036,7.010975277481665,65.28207431012925,37.08571864663703,NORMAL
182.0277578594813,7.131397227494608,64.7334982855755,41.97495306096258,NORMAL
167.4089979428162,5.863498309156736,62.83515297145629,35.4323649416533,NORMAL
174.27523585558433,5.3296372201809765,7.853193789850614,32.23898759513222,LOW_LEVEL
153.81868895243858,6.694987215087406,65.66784457279064,43.29695856750786,NORMAL
149.33126847682377,6.777393918204937,63.202601552421804,36.13554375584568,NORMAL
157.56808666295535,6.137972275609842,66.67488045114438,44.52045901068013,NORMAL
228.63770901970537,7.084525660183544,71.25512498657645,36.28264017108792,HIGH_TEMPERATURE
185.42020473000144,12.16663708434411,65.05416030239624,43.023274827580146,HIGH_PRESSURE
164.51186119177274,6.120755031869552,68.60706186779647,36.798448704960144,NORMAL
156.3231150205101,5.093523115067898,66.95918874965245,41.91786213321287,NORMAL
168.59852261245229,6.161540956468694,63.743725183531595,42.26920797587214,NORMAL
164.4121707072768,5.851012832702031,70.82497636964759,39.72332914059005,NORMAL
169.31471254984694,6.298442738980043,12.304437687511173,37.50973610562223,LOW_LEVEL
227.42064822270572,6.95137530356676,71.93545166978494,40.095569046307595,HIGH_TEMPERATURE
164.72256599985127,7.571898597737433,70.32589180811226,34.97611693380834,NORMAL
224.9685484831202,7.506856389016548,59.988812836024366,40.67914309424827,HIGH_TEMPERATURE
175.89870188981206,11.535894713462495,62.21766339036058,41.12936135155783,HIGH_PRESSURE
165.69208632629835,6.082156025767419,68.8245027763413,44.01141768652754,NORMAL
171.96658216293312,5.083752866202561,61.09927707928006,36.840104796907944,NORMAL
167.01483532236003,5.854524467895737,58.0612321914987,41.010143941118095,NORMAL
166.62710592495955,7.200020275989021,70.1509269930075,37.65967566988852,NORMAL
160.25423852103714,7.024221450145949,62.155437010260364,37.99559931938357,NORMAL
152.0841499672769,5.698777426269446,72.94933085912454,39.29117379902359,NORMAL
151.65572320088722,5.943030356862448,65.49701263990883,40.82510672639913,NORMAL
160.56342075487643,5.25325453370982,70.44832406118468,41.39755712671488,NORMAL
210.0,7.127015699709829,66.05579598613502,43.72353560289343,HIGH_TEMPERATURE
167.65233356106955,6.1566069108283425,59.30111371598946,37.52630294691028,NORMAL
167.13388934381314,6.113684235589909,70.42761634393236,37.47992153867859,NORMAL
171.08496434601486,6.841196600503692,63.37299153096384,4.877633720992645,LOW_FLOW
158.5637869582015,5.968403833641008,65.44451418107717,41.378637159043045,NORMAL
159.30802479289886,5.790879975184498,12.227724466458985,36.79903776567729,LOW_LEVEL
158.46217979493582,7.347335697202905,10.213534539207368,41.88199801816732,LOW_LEVEL
162.38990395981568,6.648463723483273,62.460128813792416,38.28079577251808,NORMAL
162.574387066316,5.641488108947083,62.79516554128349,41.84650364583908,NORMAL
223.647471869498,8.215788179309177,56.653522091697624,37.44000014186698,HIGH_TEMPERATURE
156.3793340191703,5.943379482413408,56.68685721525463,36.701339123088424,NORMAL
171.12905396458962,5.932291698798868,15.590792668638752,37.89662560160667,LOW_LEVEL
224.05455755912212,8.19370402296027,71.41795507232594,42.92929575697946,HIGH_TEMPERATURE
169.24051764481175,4.76584008403625,65.34401812847533,36.895798565708574,NORMAL
154.88366406441668,4.981749288999327,65.14235395554714,37.088293595235946,NORMAL
166.68788805774872,7.66953247878637,62.14712209874629,10.525568654993142,LOW_FLOW
171.3667092417582,5.191778660709775,60.10642815290211,34.93598734413758,NORMAL
225.67960980236495,7.7084262239095205,63.377689354495864,39.60079237715019,HIGH_TEMPERATURE
193.91964486278712,10.769442850891828,66.19437162472423,40.05442256134093,HIGH_PRESSURE
151.1006245675031,5.955703349758248,71.82141476851127,42.277444492042626,NORMAL
166.75667941743956,6.243256516953159,56.94983603029459,42.297610839112174,NORMAL
169.95761572385982,5.884360588608694,70.85904340357514,40.86985393026037,NORMAL
167.34347058797835,5.91488098675742,63.31198124661761,35.46776315787009,NORMAL
157.4185093148866,6.4450692835321375,57.05962669428693,39.11355779185228,NORMAL
162.28593212892787,5.257165467465206,63.365730017005085,34.31541072337089,NORMAL
159.92535205179564,6.330109365492121,63.425919749212625,40.40256029185359,NORMAL
171.7673978879845,11.393415868152193,59.870816191401765,37.6342388487349,HIGH_PRESSURE
175.1830621500373,5.667909783243909,67.60316709127262,41.203984199804374,NORMAL
157.6034017152645,6.223436913295094,10.202037567524485,39.22798181781859,LOW_LEVEL
222.23758707699452,10.07353808867254,67.50922587607553,33.553153392148715,HIGH_TEMPERATURE
173.65881543833387,6.416245357502855,67.28762271640447,37.87213518017823,NORMAL
159.30130348469834,6.987533998018543,57.85921678108025,38.00991330225132,NORMAL
167.93069575147248,7.126743591616366,61.65276611736247,41.73747588205176,NORMAL
230.4659052478515,7.76260741746764,64.91698499034959,38.332268323371004,HIGH_TEMPERATURE
181.52019406160684,7.213466126909477,64.22860361991148,39.48418929341699,NORMAL
161.74445000981953,6.927315875939076,50.61074924329805,41.72367357217895,NORMAL
165.95299143493023,7.105154917894904,57.295838658123785,37.734412994192986,NORMAL
158.3901642690884,6.259691757457687,58.52289199500448,32.735298525483195,NORMAL
159.51317859058685,6.624328302854967,62.90974567971515,33.8322851169437,NORMAL
165.8591725950909,4.99607810023386,59.90835942716489,6.298618904799804,LOW_FLOW
156.4103806982576,5.747994149883062,64.23977459719576,39.058669763100056,NORMAL
195.0,11.780270579258024,61.794456498947895,37.183458418110234,HIGH_PRESSURE
167.43548418251052,7.4364137366343055,66.52857634861418,40.256547695460256,NORMAL
160.52239783080148,6.14057548782317,74.78949628977925,38.10501726845701,NORMAL
162.3005619671506,6.192104898575947,67.6472457812481,41.979538014751604,NORMAL
167.32106661671006,4.92047252613154,72.92202916487031,39.8135618918025,NORMAL
171.61795542969543,5.916091457588553,57.747425015149275,9.391834629452898,LOW_FLOW
167.71846859592344,4.749366825909226,71.90192367030595,41.94516881436988,NORMAL
160.72963248272634,6.500448993870282,65.39793122416366,42.34669557842609,NORMAL
174.5350003597161,10.5,65.92033910384761,43.71816759726597,HIGH_PRESSURE
166.94296696978031,5.516323345616874,11.921438787827206,36.56085681103662,LOW_LEVEL
156.81081790640087,6.419761211954251,62.056170860114136,34.69111850083081,NORMAL
181.39241890293323,11.323419795378921,64.28074283236442,39.64813905846911,HIGH_PRESSURE
223.43929422190936,8.064410766334564,56.4851553960726,40.93420406450082,HIGH_TEMPERATURE
165.7212546213406,6.719647613972226,68.00044777631301,34.3306358004412,NORMAL
154.15206081106885,6.789042278945286,63.32935730023671,8.904903334215911,LOW_FLOW
164.42843677561916,4.851170338842909,67.5803426883735,34.282931656075135,NORMAL
166.95001984321317,5.431319189010424,67.32701413655793,37.67513465261471,NORMAL
161.2900404976197,4.755630957185626,58.8659233595838,37.90205737573891,NORMAL
171.2165836719272,5.938840110654783,63.83445835010792,33.60816603729491,NORMAL
169.32904670574433,6.534333878669143,64.09626595942554,35.24128091035309,NORMAL
164.4416097139029,6.5371370884044016,70.3341146509376,40.886661718405875,NORMAL
184.06761383053168,12.225662898036882,58.688094974857194,35.023361243727564,HIGH_PRESSURE
185.0,6.03424737727611,65.13446030862593,35.40682034103174,NORMAL
151.75923725451852,6.032883337409649,62.11260656885603,39.18218026723111,NORMAL
170.85942247810272,6.1436617641920845,60.145303884618,39.692740699055534,NORMAL
162.30018877498708,7.319156787210463,73.5010454433792,35.843360022125644,NORMAL
160.35478877803533,5.8731461215861644,67.31087811375106,39.989622889479264,NORMAL
162.01272850540894,6.051657887238561,69.60044757165915,36.50362850798479,NORMAL
157.29089244504956,5.722078440294893,65.58218465291766,38.268911224705064,NORMAL
163.52659402787822,5.79958061524923,65.26602716224448,36.270846375794775,NORMAL
152.21201174389373,6.888527722626483,58.66261538446943,40.94308429441878,NORMAL
156.02855163186197,5.135848404145172,65.27404929911651,38.2414268401687,NORMAL
158.85085756030827,6.322210721851326,65.6729586472619,33.904913340830284,NORMAL
174.1216758314939,6.672049674745121,66.92851242984283,44.575123841453156,NORMAL
163.10192224722078,4.728039079615893,64.21772348537377,38.82302697568295,NORMAL
160.53782923208462,6.380665073542534,58.793179082097154,40.66540566772423,NORMAL
167.65596394765547,7.172051468130775,62.256128547202316,37.79137099240076,NORMAL
161.43099513317694,4.810366417249489,60.044628569876714,45.38665623512738,NORMAL
151.62424455084118,5.63110721100192,63.51474460878565,9.623888462078284,LOW_FLOW
168.5119452699064,5.8759077369612,70.63497750965631,37.18537868448326,NORMAL
184.14141378414593,4.6812875266439855,65.62826737020222,33.763700925247896,NORMAL
165.10684473234937,5.686806599067226,66.67737351097148,35.170099289514035,NORMAL
172.99345990591686,12.282960374768972,66.96453885871847,36.82101018487362,HIGH_PRESSURE
181.16511759020665,5.842169575709833,59.37944852173591,36.259985315106476,NORMAL
159.04911258323492,5.124132850083506,68.8536603372646,41.50880043104609,NORMAL
173.5254813977604,6.473285354710052,67.38526834709103,37.09063199190223,NORMAL
229.9688240717449,7.491035167662165,65.27658413012253,38.08259567338472,HIGH_TEMPERATURE
156.64466809353254,5.793433740868399,62.15053279073428,38.99333726735132,NORMAL
170.2372762275823,6.869497033039306,62.430549355295206,38.1397825013181,NORMAL
164.38048905894237,6.556842480743175,63.21201685835114,40.62473018082709,NORMAL
163.27804434739076,4.153205346596224,57.013709886471695,39.9748278158135,NORMAL
223.71230477443996,9.498166789506644,68.45371509935588,34.72600565847036,HIGH_TEMPERATURE
174.04732929919047,11.48057524812944,70.3150026012277,45.489543158062084,HIGH_PRESSURE
173.916739556619,6.907166881798985,68.5836650385271,35.027958943472484,NORMAL
166.39855461616645,6.3922088404920725,68.44359206806205,40.74540771075595,NORMAL
165.48374758493895,6.197280737093029,64.12495317814194,33.63559149920526,NORMAL
170.05900954052638,5.536356547924073,65.77131473570854,36.27787194977204,NORMAL
168.06715091482795,6.096337223645107,60.99303620380422,37.24302783022599,NORMAL
220.72541535105094,6.0,73.78241769444855,39.02340333050589,HIGH_TEMPERATURE
218.75693677948848,8.002574700430221,65.96962728264012,33.89989058738415,HIGH_TEMPERATURE
154.92469546635093,6.245639078867072,63.18602208110834,35.214852288405986,NORMAL
174.78033070939225,5.719559756160992,64.95650814995582,39.546968138320416,NORMAL
172.71640545791468,6.655159848911096,57.274345474441795,38.712841582809354,NORMAL
161.9149601478147,5.234307001091794,61.86441057834144,38.751830828473196,NORMAL
156.75349023783076,6.419183920859249,59.910427271723286,36.97919698729502,NORMAL
171.22815461389615,6.179736438804163,67.45562506614048,3.9566641442193107,LOW_FLOW
150.78905888923023,6.307795171890246,60.46974499866494,35.88401152187751,NORMAL
169.4486021905852,4.7581323119009875,61.883595962026575,40.196220462278035,NORMAL
227.05677120564022,7.499582694097333,74.18575743161023,36.59677349585717,HIGH_TEMPERATURE
170.29558071544415,6.1042709788696445,68.66844865701518,43.23312918027709,NORMAL
163.18063495395475,6.604658610088706,71.00981660576937,35.76058329087914,NORMAL
169.13362254918772,6.971404888769647,60.87862629824574,39.66811232403924,NORMAL
167.51126569166044,6.3906819083647575,67.2949038443332,36.128973351822204,NORMAL
183.84656945278522,7.09913840441277,66.71593563447888,35.38545899109536,NORMAL
165.62285379413842,5.801826979040715,67.67446055901439,41.489165711459286,NORMAL
172.0244686312656,5.952156548146625,59.46110275958011,37.653998353803225,NORMAL
159.50449902667324,5.052711775102631,65.50104018658035,35.895297575691515,NORMAL
172.41950785246544,5.303634933998674,62.056409469235156,37.014294512373134,NORMAL
167.68998597081895,5.71118479506244,73.11856097779143,40.650327203031395,NORMAL
162.32054370181115,7.420052086197214,61.500862876509714,34.21544847317323,NORMAL
165.20616154955994,6.75332251756154,70.56704670933586,38.99835466422987,NORMAL
172.74399043643092,6.65793410609196,70.7420387374367,41.80162245320648,NORMAL
174.965079681375,5.340516824704459,62.49460265196234,39.03761710283886,NORMAL
171.83589121464001,6.863357920778725,12.710802002375313,42.63282063950735,LOW_LEVEL
159.32832783163326,4.805120996650883,66.63844352455911,38.94671659354845,NORMAL
171.50081030202915,5.498646619422114,64.2334814233091,39.52736115839828,NORMAL
155.81677699847992,6.2906679457931345,64.61959351775,35.1085432031972,NORMAL
231.69324475636478,8.291251351570455,60.41584744768988,38.303626663047616,HIGH_TEMPERATURE
171.85111153842058,6.482167700570501,71.0298479416555,6.712612123839026,LOW_FLOW
179.0369504278425,6.8328051181759175,72.7161106124254,8.084668806012107,LOW_FLOW
158.9289071368191,6.160838177044505,12.53414980114106,37.25952428467142,LOW_LEVEL
176.36860750455827,6.011034582826254,64.12161050339317,32.78773620568876,NORMAL
162.85764341059854,6.418453619170709,59.759890593631866,37.81000934481551,NORMAL
170.12583288162335,6.097883866510487,66.63454812807662,41.03763274816113,NORMAL
161.7012723222547,6.092972875184989,12.208758360800138,39.47369022208722,LOW_LEVEL
164.63553498596366,5.0247022462512225,73.39135075746685,45.03007151776131,NORMAL
170.9106246350127,5.385282113737788,17.028823508673213,36.63895311521542,LOW_LEVEL
180.15704262211128,11.270297896067625,58.12317926466376,36.467827876322445,HIGH_PRESSURE
158.40714800588796,6.63331040510948,66.54495279087445,42.57036157188779,NORMAL
174.5730229518961,5.302260473736391,59.819989925432,37.69706384993185,NORMAL
159.99193988251582,6.8653426055934235,61.03614072031441,6.343375119315234,LOW_FLOW
161.16717463270416,4.786254317739236,68.44954825817916,35.019101864044956,NORMAL
157.9370758836192,5.84764706133501,56.25033676398275,37.12499941709892,NORMAL
167.0659694959778,7.030171310469615,65.06714207716026,31.886939701091826,NORMAL
170.4306396668324,6.444472234258859,59.39165303550587,3.6815487106065192,LOW_FLOW
162.0350955716811,7.311892329902739,69.78323694922607,42.65741612796591,NORMAL
166.845378419045,6.879493239700344,65.01578861369252,33.28568835867797,NORMAL
163.67479619452783,5.76828237322216,64.71930927295162,34.31798270658214,NORMAL
165.73741686021467,6.392974710843167,62.526339263387335,46.06881817879239,NORMAL
168.88065413651304,5.7630809776306595,62.94882749230177,38.72309149685168,NORMAL
195.0,12.346389344583605,57.04712387700796,33.14968720637475,HIGH_PRESSURE
168.355719142826,4.208058403588252,63.185813996832564,37.55308707812682,NORMAL
157.89843475428353,6.4482116573660155,71.74726307457676,38.03040299370266,NORMAL
175.68627469056187,5.435752768933905,66.85267934991795,36.13858763505721,NORMAL
174.44618131776022,12.20954982511993,61.46427501806117,37.45222194332601,HIGH_PRESSURE
218.1389434819263,7.815650117788168,63.44008149870848,38.31014961740192,HIGH_TEMPERATURE
166.65316873968155,7.552829904338893,68.71521974011196,3.7212302118303153,LOW_FLOW
189.5947422808005,11.32363502537512,63.2953127540543,34.91489157772101,HIGH_PRESSURE
164.59042310546724,5.805177708201837,58.96236294132816,42.17798194542669,NORMAL
224.16355478505517,8.29008177538092,70.97932105359585,42.11379431913444,HIGH_TEMPERATURE
167.59881326808835,5.115723167531112,64.48548414342015,40.617305534067626,NORMAL
163.60661812956033,4.998822701730343,69.15670685054144,33.89225916833276,NORMAL
228.67326628641695,7.866649180095027,56.8439765263997,37.1162719331547,HIGH_TEMPERATURE
163.55754381720374,5.600592108702445,67.75206594845646,43.11314143990105,NORMAL
171.75508152388255,7.247327358105449,64.91976187958326,37.27535247543293,NORMAL
167.9007439975728,6.4709339377166355,73.90415274380709,36.08085527843878,NORMAL
164.03931803945005,5.01157234098434,57.330189938656886,41.23007219336133,NORMAL
148.9718216634679,5.7783640364567,60.118133049074004,36.040746910130736,NORMAL
166.46343002831165,6.252732994639779,64.54183224021548,37.81238767346384,NORMAL
165.09022157294928,4.90533754985603,62.7389730347117,35.66944367269895,NORMAL
172.162237988074,12.076058538567542,59.394201448330115,39.139390085406816,HIGH_PRESSURE
165.6287896489203,6.044718957852332,60.09618551160853,31.16200482572334,NORMAL
175.9166052417866,6.600936016983449,10.577583158082252,40.588095754766776,LOW_LEVEL
159.77762964923363,5.475887100328937,65.06809709157497,39.60188345544892,NORMAL
156.98124815447358,7.116455776338489,58.18026764168773,39.12867665393314,NORMAL
159.59475990352135,6.5414784150010385,54.3719293786537,6.616491004932149,LOW_FLOW
173.79197634235283,5.163912449446407,74.31758725174477,5.666954678242341,LOW_FLOW
170.65772933919166,6.714019340034266,11.202378759835447,31.84186544243349,LOW_LEVEL
163.81977055807718,5.906319099571476,73.11420623682098,34.50209683736032,NORMAL
163.6433090200217,6.368070639408394,62.31945007337321,43.60368823467221,NORMAL
158.70398413221966,6.7695915086788885,65.78217334176749,32.07230934462518,NORMAL
161.70280497234427,5.4028370019353895,68.41383756153947,36.94710523529307,NORMAL
175.4785771797058,10.690504609092434,67.95308841109187,33.87687811440804,HIGH_PRESSURE
175.2623428488217,6.567990767175803,74.22377213779548,40.24530109651353,NORMAL
185.0,6.114123222337602,10.792251087888241,36.2649962553176,LOW_LEVEL
168.51612915433142,6.186356089244193,65.37601204917364,40.81053956812273,NORMAL
157.1724729596685,6.834996900466896,69.37371521675712,37.76155328639186,NORMAL
172.97243907598724,5.425992158152348,71.22947091135426,34.0928853408032,NORMAL
167.041707334847,5.96195635440615,72.47750580691962,36.96795907663009,NORMAL
166.67280075339983,5.725741033152269,13.507324455620171,42.65718566982178,LOW_LEVEL
154.9515616570557,5.685250536529503,66.85024841632722,35.739575374748085,NORMAL
154.06271253982868,4.915544042670728,62.0280255187064,3.1672335762547417,LOW_FLOW
166.71874380844662,6.21637129043018,8.43018529914177,34.915035348434884,LOW_LEVEL
163.18064469884894,7.394919960584724,64.31673057945429,36.95969412039978,NORMAL
176.8516443812718,7.396322492886379,73.41131624363341,39.89725316639271,NORMAL
171.40942697825383,5.243385575164014,68.2399153184703,39.16910267117161,NORMAL
172.63702234921846,4.019346288425676,70.21955498208241,40.0668035902614,NORMAL
168.7760765470246,6.249579664806815,61.49349887909054,31.723922382514985,NORMAL
163.8736729086689,5.467570932892664,78.09086711790206,36.09415925040458,NORMAL
160.07249568582844,4.536583818181748,13.295055380955008,39.62796674684375,LOW_LEVEL
166.23263993719095,6.319945439923804,56.950744083340304,39.704211989810645,NORMAL
220.68616033256467,7.427935373188801,76.88501352852788,35.1911085002674,HIGH_TEMPERATURE
171.6361523361926,6.021526783974433,65.71266851145731,38.58303039344512,NORMAL
153.1134099063065,5.281392545821315,68.32863311176564,5.841616255531971,LOW_FLOW
166.8905942562256,6.520384788894784,62.266120831230424,37.25146543898573,NORMAL
153.6639286951761,6.7343492928640725,66.35387805132666,38.17314324763843,NORMAL
167.7171341337068,4.738086514961709,62.2218927019488,38.07654719915995,NORMAL
162.39005054700937,6.321583887339459,61.90540426237482,38.92813284349242,NORMAL
166.62220038601893,7.133604610651305,67.90879151510481,38.08000697885567,NORMAL
171.53120958611453,11.238331572764483,67.98481767463048,35.08723610502964,HIGH_PRESSURE
165.11188177492235,5.8076021271786615,68.48289083738163,38.818960743395856,NORMAL
171.32060439577785,5.999033243840161,66.50113827622002,38.25691312296853,NORMAL
170.0047231517387,6.593496138410087,66.96409263107455,33.38460096488904,NORMAL
159.0430131484915,6.298864727552429,69.74778899522416,38.44591515338802,NORMAL
180.96336226171363,10.769456676971817,63.44575547683455,34.94172710474741,HIGH_PRESSURE
165.65457212856074,4.690821703535324,12.299412002114439,36.06645238550896,LOW_LEVEL
166.73293239554312,7.001617836465137,16.098141007146353,34.214696045601436,LOW_LEVEL
174.61457758727607,6.695746502207375,68.81487902469163,6.637221655708053,LOW_FLOW
156.3405824208937,5.490413660245119,63.358379757435664,35.62812004990913,NORMAL
149.12685421496803,6.806807805230974,74.28108283697642,35.10044932594099,NORMAL
150.88307158092584,5.043176503454756,56.36342731148976,37.695971810494875,NORMAL
179.32718856986332,6.909984847014299,64.21498843613958,42.8577846845728,NORMAL
155.8802660701277,6.168916492066865,11.257081509723168,35.34198485906352,LOW_LEVEL
220.6079411823132,7.205476642858743,61.77920032318874,42.037447911606094,HIGH_TEMPERATURE
174.52480543094336,7.047541703374866,70.70450559204306,34.91264805634203,NORMAL
172.36081805998225,10.5,66.06425506973699,33.629744382644986,HIGH_PRESSURE
157.89492917013078,6.5008766361928,59.43181422174497,36.266770573420736,NORMAL
161.22579173089332,4.866794294703867,67.78013937379792,40.747997443215034,NORMAL
169.24266338383407,11.307749504507438,61.35366009020783,31.43375271466413,HIGH_PRESSURE
164.40111068914692,5.541016065114206,72.65442636565882,2.0,LOW_FLOW
158.52720586244072,6.179731076026543,61.10598085762104,38.763562996971835,NORMAL
161.28495686243642,6.725254565402353,66.59313283902625,33.83812512681665,NORMAL
168.6999412365759,4.918398762517677,65.31379511222073,6.035447138476236,LOW_FLOW
171.94865550187131,4.757743644213933,59.50323246754845,35.28879754545344,NORMAL
166.93161727681942,6.480723147913175,65.93657761565584,40.340221850743596,NORMAL
167.85855538168502,6.632677982026662,60.4035487914487,35.867643585752575,NORMAL
185.436988958842,11.250509968268604,62.30321927048196,39.135162180231575,HIGH_PRESSURE
210.0,8.785620591520715,56.33518605818885,41.84622352793332,HIGH_TEMPERATURE
167.25446838946843,4.844867075624232,63.070937194535816,34.05932546544605,NORMAL
174.4940414927917,12.329844480002887,60.69163987131549,39.916392458683674,HIGH_PRESSURE
158.92532721742393,4.7478768699364435,65.0366703421476,6.314998538309407,LOW_FLOW
171.64411934888236,5.810062555840086,66.84973683098313,6.869575895253825,LOW_FLOW
147.50846416999545,5.276017398601918,65.92518023682653,41.493628895130605,NORMAL
157.22704981589632,6.367423255021896,73.65662205460643,38.12312184706677,NORMAL
195.0,10.5,60.95946568372343,41.494889502229704,HIGH_PRESSURE
156.06092709608313,5.317334581773156,78.0168388840382,32.21193883587002,NORMAL
158.42890656620492,6.123751346434207,56.29321465780927,38.06949906892948,NORMAL
175.24104384648,5.836796948359423,9.674517679486964,40.78871337984337,LOW_LEVEL
158.9351168110922,6.804520691139335,9.976453635811279,39.92665186835739,LOW_LEVEL
169.09450632736318,6.4899829929558175,58.43179157970907,6.374342685144189,LOW_FLOW
154.12122945788957,5.383104254538678,69.62624237033751,6.036943424392076,LOW_FLOW
170.00540457276924,5.8770430371021005,70.7490580193268,39.108668750000994,NORMAL
161.23342673779572,5.862262407827725,57.43038391628866,42.48504874171211,NORMAL
168.11753364256,6.035978498021964,63.98141109698521,38.70397419690478,NORMAL
187.19849406496047,10.93456415309746,57.599327351373034,40.68377781812533,HIGH_PRESSURE
161.5871601355272,6.272037691901115,64.93651598690239,43.566240508179966,NORMAL
164.66464231006137,5.5718183746728,62.03568635360163,34.2684656861045,NORMAL
171.15318001573445,5.590350548557869,67.09787210700502,43.15809534009885,NORMAL
218.62813402622396,8.151716417330578,66.21213877018947,35.0837217607899,HIGH_TEMPERATURE
156.5849018168127,5.752318973702811,61.71793540869559,37.93407310525928,NORMAL
168.16407285090006,5.3301389557076275,68.65979364656054,39.09327314950354,NORMAL
167.1836460389071,6.092370110930467,58.181180960850156,36.875583364032224,NORMAL
179.9517531105896,12.413608882195803,62.47605282208868,42.97858152040807,HIGH_PRESSURE
153.9668059892113,5.702300361961323,59.70529155884254,38.00738550676285,NORMAL
160.550464329207,7.156394286210338,69.59994422775732,37.248727824687016,NORMAL
180.9801134224381,5.5465906498451805,62.02258856778499,39.73391935492557,NORMAL
165.94262508222627,6.57694864894349,66.25554860061372,8.91093480841186,LOW_FLOW
163.72309865983462,6.070708847763318,60.33818365804525,40.746756849750824,NORMAL
161.90843390218868,5.64740923202033,72.99285308905704,36.39187154314332,NORMAL
212.81133503323193,8.508720995875892,63.367596632123714,40.55730162716372,HIGH_TEMPERATURE
228.302029412322,7.917606025066834,61.28306490481199,39.054629824702126,HIGH_TEMPERATURE
161.04201255579432,5.7073477597131985,63.178241650561866,34.41734356726978,NORMAL
155.8845679912674,6.239183620170715,63.00735350212153,32.55859295875139,NORMAL
161.06675508027612,5.032894578529645,63.36932445147522,38.37793164952351,NORMAL
162.46049156129854,6.5093990384229325,70.18319292295506,36.59530666480665,NORMAL
162.08498165685407,6.681092606214445,65.89164793631619,37.4647612089196,NORMAL
165.0662552796634,6.523601583915129,68.57851170329523,33.651800474574124,NORMAL
168.08534981128483,5.1248201251074414,71.50978269738016,8.048186305142398,LOW_FLOW
159.36261389704094,6.8318355768512555,68.97269859079677,32.033683869755194,NORMAL
156.11116079265955,5.964316894286324,68.57182658387012,39.74067240589648,NORMAL
178.41275838596556,5.3731633626649105,70.32565686317723,37.71026161126744,NORMAL
179.93876134344887,6.8975344179601,12.913371251882575,34.78559234773669,LOW_LEVEL
168.3397756699361,5.240527087580396,63.9206010063604,40.003807001541595,NORMAL
166.77705794039562,5.983778589034723,64.12437430965639,43.57739767538283,NORMAL
185.0,4.0,57.6091156402145,42.10664459270118,NORMAL
165.78401531279508,6.013177567606733,63.9104574084189,38.82139739463511,NORMAL
173.6099212597311,4.700785517079248,69.62491623661045,39.27624495383568,NORMAL
165.45129253735658,7.196929479149168,60.91870094471486,37.185223130606644,NORMAL
161.60181017765527,5.372737834556954,61.975133390652665,41.50965084372635,NORMAL
224.68285909051534,8.421185920316017,58.665395013448,35.514183414573345,HIGH_TEMPERATURE
159.76829493090463,6.49446610249721,64.05298666096752,34.13344991036261,NORMAL
164.59497509554407,5.60535611470317,58.74460379965524,42.82641649192057,NORMAL
175.06880376850012,10.678789968464956,63.921115744232296,40.25013315758341,HIGH_PRESSURE
169.15282398365457,5.572102224053127,63.432765052694485,40.80477944853095,NORMAL
164.79380278908815,5.761454733092599,6.256872022497205,37.76722513175607,LOW_LEVEL
148.93685559356263,5.842687772050675,71.40493839586311,38.74464752066267,NORMAL
171.66414823696996,7.230143232647209,65.17577172239166,4.669226341672107,LOW_FLOW
160.6545210636556,6.055221991071028,15.394555939288,40.10519693195327,LOW_LEVEL
173.72527948870507,5.240374440922595,62.052400498672284,39.021305044589454,NORMAL
166.11289391809274,5.9081085674395295,56.37628753533388,37.66307952089075,NORMAL
176.66536645983288,5.958418088529127,69.87268304730038,40.18342563462245,NORMAL
167.92379578114267,6.51289765993855,59.35707924191425,34.13917907965172,NORMAL
166.98132720887153,6.421646987224764,64.44515609334887,40.569718580029694,NORMAL
164.1937766724321,6.669289540342539,64.8884904995809,37.30486935063944,NORMAL
162.05923627071851,5.563876273557601,61.87211817307603,35.5289338725706,NORMAL
165.63738191414052,6.154860679400436,64.17243135515082,39.59910285494757,NORMAL
231.8424286665663,8.064268084191847,68.85895244940366,40.35116192938474,HIGH_TEMPERATURE
229.03605702805532,8.076513173277874,65.12643106322119,40.62322673405557,HIGH_TEMPERATURE
140.1160954790453,6.515188873405913,67.36777698470118,36.72308746895055,NORMAL
165.2266139606635,6.998934620767446,66.10549523384107,33.86712728657387,NORMAL
160.66413279819045,7.203118111824377,70.29180755911534,37.944316039216254,NORMAL
157.35499866078882,6.581436483277882,70.54915381120016,40.513363265962575,NORMAL
166.31456527505532,4.35138108037519,62.01803975108282,35.51407722529395,NORMAL
174.1860513961279,5.778079266147117,72.03974441298689,36.433031519841116,NORMAL
179.1489213727686,12.264899239948441,66.78061730365604,39.46821365048434,HIGH_PRESSURE
163.69867263564075,6.2350919710200765,71.0353644380024,37.98884100473632,NORMAL
176.05366074702238,4.970849064531765,58.40790861847431,33.637177025434184,NORMAL
210.0,8.995696805434655,68.51219437258058,38.73364332481803,HIGH_TEMPERATURE
162.04435729741002,5.495371492641916,60.877983148068665,39.329254433958354,NORMAL
180.7635038646785,11.662951216801893,72.53947210489139,43.7189791933505,HIGH_PRESSURE
189.27167343097258,12.647902088487498,66.37973549300003,39.03124870242463,HIGH_PRESSURE
184.1198821018258,11.273482104273944,58.08433518126401,39.10205944454371,HIGH_PRESSURE
160.11920907154308,6.534867227546197,60.456283386568884,40.54756788894488,NORMAL
164.31256580449838,7.485041085411763,6.284362608507791,36.79882770917914,LOW_LEVEL
166.31883154807971,12.354027400086277,63.416463060375754,41.19341978020193,HIGH_PRESSURE
173.87539351353647,5.135385219477164,65.01338563754946,32.22818891976498,NORMAL
168.1613851425239,5.233706161979626,62.279240436407036,37.677488002311115,NORMAL
169.2994708338187,6.318012314017865,65.63189777194627,31.11982807109538,NORMAL
144.94412040497906,5.798572267795548,10.198629701046373,36.91015907435165,LOW_LEVEL
176.32731419661815,6.741863097451957,66.7472844456492,36.9852626486524,NORMAL
155.16302789696425,6.845817353437044,17.358262300095866,34.77618343072554,LOW_LEVEL
153.37793962590283,6.07340428615932,64.02112267188008,39.075090549126834,NORMAL
171.88423766369155,4.614523266321355,71.26345298520046,37.738565415497035,NORMAL
151.78592681456587,6.275198632203197,67.8823706991544,34.4585425312243,NORMAL
162.03431692421515,7.132807122690169,74.34416586575529,40.87571308460572,NORMAL
166.61326034107586,5.927646751676725,68.69494723518321,42.48288263157479,NORMAL
164.43455694678343,7.137349527929857,62.150947878386006,34.916024877192115,NORMAL
183.78943163896412,12.008970041255827,65.27870506378795,32.09970781602375,HIGH_PRESSURE
178.10862502453983,5.953586549846978,13.669699994199208,41.20972123883032,LOW_LEVEL
153.26363803687207,6.57556052089225,64.74330998731602,39.86763920764719,NORMAL
171.54456074619588,5.724921795117912,65.5294354104109,36.7812976253211,NORMAL
148.8822841525327,5.5435283397448245,62.94157995577176,33.13019543461878,NORMAL
162.87328966467697,6.809025726248892,63.12684852461225,35.64381189217941,NORMAL
153.87451656019795,6.86742044346162,60.08719754617801,37.880420800669185,NORMAL
162.86890007992835,6.632363968936564,67.83419000994634,36.30298292839982,NORMAL
157.48349806517794,5.0421282314869975,62.75552266558334,43.36574905636207,NORMAL
156.980968747229,6.661149131703914,14.105808672044517,38.54936354106562,LOW_LEVEL
171.98445280074193,7.274442818044005,67.85953732832719,38.65140725557787,NORMAL
165.78083193996352,4.37780022485475,52.15985426346967,42.461088543032666,NORMAL
164.02332889622886,5.810607158940706,62.760826689525224,39.49856019574317,NORMAL
167.12254144062388,6.43424595564198,69.19642679496832,35.881787786353016,NORMAL
146.6696839312152,6.131651824009326,69.23580746534752,45.675535499313334,NORMAL
164.04273207990647,6.385386273947166,68.74044822192957,7.66273028230671,LOW_FLOW
174.0615185641567,5.786025497088945,64.92298031474658,34.602038702703965,NORMAL
157.81585797268636,6.449576505061809,66.61476199523419,34.564778124922924,NORMAL
176.0959418392707,6.491611950914943,59.87035781430295,39.85823881686411,NORMAL
161.90965539268714,6.46774415176926,68.08582233939265,10.321514622732902,LOW_FLOW
165.75575993455712,7.50515345009591,57.92650352395338,38.79507072251085,NORMAL
163.49292698188492,6.425877334021386,61.02897809200158,37.20324476276243,NORMAL
180.01274994534904,5.929681685406928,67.65181321788346,3.0704813240448896,LOW_FLOW
170.91701093276882,5.596186373715003,13.081827000172225,38.81035083401508,LOW_LEVEL
163.40763088547465,5.217472272620457,12.825953524231764,35.994089041058295,LOW_LEVEL
155.26625265290875,7.310564272945517,64.30912063795763,35.20644814730584,NORMAL
172.91775170057497,6.3051296948726945,65.11322559912773,7.02099071519206,LOW_FLOW
164.85921656595488,6.959198182593403,67.68417373466963,34.21149881064661,NORMAL
156.1516745249197,6.723464304917537,13.383500294320534,39.50718385265198,LOW_LEVEL
220.2793576619414,8.59271719619769,62.93700814103651,34.24066681821704,HIGH_TEMPERATURE
169.98402036056373,6.341078898444872,58.90331601353445,6.258769891752016,LOW_FLOW
156.53171134417272,5.773254268250015,65.72860713762825,41.50944335425728,NORMAL
168.72488470127294,5.235397406246722,64.63836529961644,3.637726065444601,LOW_FLOW
184.35310018953015,6.064983766646729,10.027420825978222,42.771171189986376,LOW_LEVEL
156.83789366305263,5.105113041972263,71.71496326215313,41.858254052642934,NORMAL
233.8564072987102,6.017489683430772,69.78636082639882,38.92620617032753,HIGH_TEMPERATURE
160.5947044093719,5.600238147352991,12.844416516209712,41.31267899223633,LOW_LEVEL
175.62525296716638,5.434524330281954,70.45146377550054,39.32511442495345,NORMAL
156.20860347527565,7.055654029180866,60.33554801791128,39.62423333251376,NORMAL
159.63400714292501,5.211559308793627,12.677378852036899,39.62119682903228,LOW_LEVEL
160.82070054855183,5.162884960209925,74.52574636024409,39.84053208053115,NORMAL
154.33708605684197,6.002354100256772,14.403319184624378,36.21916514492151,LOW_LEVEL
159.2894440222503,6.398858564094037,58.4435238247824,37.9728079777168,NORMAL
161.75784587640536,4.05963105856185,63.83960962320811,42.50604873635068,NORMAL
158.9040678093841,4.706490916136208,66.30067703800675,36.956680572733724,NORMAL
165.95037231922322,6.752388122991825,76.17366618642997,39.94227883373141,NORMAL
161.26665144354322,6.395065069658889,12.215445676530042,37.93341149925899,LOW_LEVEL
160.73398253853844,5.839710514732865,67.37661436439394,39.01170643557244,NORMAL
160.0209502332017,6.545288533947579,10.184287180810763,41.8573218168751,LOW_LEVEL
173.98481688208716,4.059212472962408,69.04442488018783,42.188141899807064,NORMAL
161.06767339074267,5.890245746512972,68.81641273237807,40.47201714122506,NORMAL
169.97152292832862,10.5,68.48074596871824,33.407626631626364,HIGH_PRESSURE
162.8756762029661,6.012464635040652,71.02371541699723,33.70412216603851,NORMAL
174.88626314395313,7.1012253202113085,57.851481062313944,40.295088439128115,NORMAL
164.61796305209168,6.678325115547558,54.203757932933804,37.526403166329764,NORMAL
167.40491845411628,5.53724586910436,59.59038775676171,35.283494303442694,NORMAL
162.17108206709085,6.082606827190387,69.06500904358398,36.13982782963983,NORMAL
172.84152697337458,7.082988395679938,68.38453132448909,41.33911589148279,NORMAL
154.77032025778502,5.915149636693466,65.28398316311001,44.39617695714765,NORMAL
155.52697334481383,5.930108238289995,53.64554553549879,37.42802551649241,NORMAL
159.39932776283288,6.631012690234751,65.81625813269103,42.490047488627454,NORMAL
171.23895690018222,5.274617098351862,61.73151413108745,38.08281469051612,NORMAL
166.12754333264942,6.3147882089784195,12.093651624440689,38.897705071676036,LOW_LEVEL
234.7911103492,8.323505135986009,64.16894574910022,43.214519934394275,HIGH_TEMPERATURE
158.28915112389987,6.295881803916196,55.38619515400307,40.43115811811397,NORMAL
182.2518088014134,11.452591942144318,67.43185219312433,35.64684054249463,HIGH_PRESSURE
166.5939043299939,5.332358172444438,68.40792934519713,39.80610949985753,NORMAL
228.15250058707784,8.228701348142536,75.00021525808013,41.29194085393453,HIGH_TEMPERATURE
169.58637842172388,7.820520232039499,66.93977586641083,5.177845694697849,LOW_FLOW
172.31699243189476,6.473296169343801,77.36507901961737,39.8669825179415,NORMAL
156.75038345248333,7.111200529698803,58.098588029230264,38.964648083078046,NORMAL
161.57768323559057,11.935165019842488,65.21776452713678,42.522627963041586,HIGH_PRESSURE
165.09528812998906,6.138063714184932,61.18139414403807,37.981816312375244,NORMAL
165.29184604491385,6.444857311164233,64.1143206006118,31.656142800620643,NORMAL
174.068549623005,5.655448202777075,59.02421409610637,41.92289812254384,NORMAL
234.8673865469622,8.571054127569315,62.388809917073445,34.9348698662065,HIGH_TEMPERATURE
168.13974088609336,11.147190147725256,61.03344643425383,39.37361494230366,HIGH_PRESSURE
169.46839167419378,6.301503479528989,61.62621630038457,37.346779529700534,NORMAL
168.8824262645051,4.0,72.46352303637987,40.070974691341455,NORMAL
228.7828515822635,8.400941246703274,68.66866143717611,40.22562932587752,HIGH_TEMPERATURE
185.81920041105403,12.174343939817662,67.15813500439626,35.493480398331485,HIGH_PRESSURE
157.6443817119871,7.339650228047897,66.79425768190484,41.022400200997474,NORMAL
176.20292733505065,5.422296876633866,72.05702903239711,37.22185831595463,NORMAL
155.3023125198796,7.062856912675994,66.30008874076725,4.930443744582605,LOW_FLOW
177.25423112480843,5.879879581137451,50.0,35.99960972863593,NORMAL
176.2905358870137,4.962480650783635,57.80276231649684,40.043094630692785,NORMAL
162.83875896530324,4.983806210364221,66.9614016478955,40.64165520018959,NORMAL
156.98966853794764,5.976811758446593,58.12359226715661,39.12893591019132,NORMAL
154.4762217600951,7.1835779570175395,66.51087565111507,4.934679781098454,LOW_FLOW
161.12925073151393,5.606867662219328,11.265378523522811,40.66211483144943,LOW_LEVEL
168.36258263820903,5.766340430281578,61.3203417530476,35.719521457051925,NORMAL
158.2958465565945,4.226439168653739,67.20588204540564,43.17412806718947,NORMAL
173.23024735796406,4.768132815524456,62.946047437997294,34.91799393134444,NORMAL
152.2409978878752,6.699512589791544,64.82882479458229,35.68301268612952,NORMAL
166.9760536598734,5.169890838828544,65.149486040338,42.01545711004872,NORMAL
161.41706870578832,6.271147833596093,68.7966586563372,34.99489380688172,NORMAL
160.78627686443033,5.436851526320312,65.49941127143944,41.22011846039189,NORMAL
154.31458283488516,5.71648435378192,64.01140650834012,6.745566798259754,LOW_FLOW
163.48604527250876,5.995962717672052,68.1000860704679,33.81730492234935,NORMAL
174.04079453123612,5.772782172872089,69.57326192036967,38.10366538314233,NORMAL
163.2883748491135,6.463549367334471,63.88356462795863,39.55761160245483,NORMAL
166.49713589416172,5.341922369275701,66.78052246215404,38.358697746860095,NORMAL
161.87628840429753,6.030932943689227,56.6179339876988,34.72690898547953,NORMAL
150.75409513949222,5.9787009845681505,67.69931597238303,43.62729208349832,NORMAL
170.60663157124267,10.802023965872433,63.14373367023935,39.00964689548035,HIGH_PRESSURE
165.93302769991672,6.057323030620273,13.643499733925129,38.40502040422986,LOW_LEVEL
175.94775515012103,7.482746868701138,65.6146230890366,37.91299816203375,NORMAL
155.47612996249316,4.98628273508814,65.81821423689044,38.64134129561955,NORMAL
172.07224285014235,11.492931690561218,72.77691695200366,36.17114290238975,HIGH_PRESSURE
177.88749596009515,4.602864689716145,67.3821375014731,42.4091880175811,NORMAL
152.52493411755512,6.168797784400016,60.95865778283653,40.92210220666921,NORMAL
170.7200464879486,6.169335876510407,70.50004717743718,43.87484443755673,NORMAL
165.73216142538567,6.011553623340217,64.41276062363832,43.873092027041714,NORMAL
164.045070405785,5.900797333119318,68.96485442489197,35.94080792750785,NORMAL
168.0564605957,6.2971584941019385,66.92066962922232,37.622443989532705,NORMAL
158.1699262193007,5.806626130350204,65.08394081870858,37.45045352117869,NORMAL
175.07764682304324,5.668140652637122,73.99001235051107,39.924914862583705,NORMAL
162.98358461384848,12.21524522070587,62.60541073583921,38.19820605177948,HIGH_PRESSURE
161.98245700168744,6.429894866881694,77.69252782492134,37.70561378349213,NORMAL
161.41368181084613,5.981611399229622,67.29337627711956,38.1163139910681,NORMAL
150.27171066165724,6.417137732733626,63.3020192210942,42.32867507754386,NORMAL
171.62350613957767,7.393482856077228,63.82022575079865,36.97259567295031,NORMAL
160.26416953816016,5.705408607796309,61.84816176626422,40.458762378118145,NORMAL
163.16565877158155,6.556821912409283,63.44605258513901,41.696059110728115,NORMAL
157.11007911586722,4.708852104332276,74.33736986317308,40.45379198819661,NORMAL
184.09561439659137,7.376808050038867,59.83434708270955,38.74966818283777,NORMAL
174.0703141805121,4.98758485182892,65.8506080857898,39.771401614802876,NORMAL
230.68950236539112,8.319852709116551,67.71731740330688,34.83649577784172,HIGH_TEMPERATURE
193.1175674287844,11.379118177730447,66.98627340016873,42.40164621506872,HIGH_PRESSURE
159.7481111454502,5.6257798318130074,59.27697111475569,40.35994600995694,NORMAL
167.50170063419841,6.0414581259991875,66.41048858231213,38.72072042598687,NORMAL
168.4990091452028,6.761719033442239,15.201028184858108,37.83502997180036,LOW_LEVEL
172.90007255919946,6.282945171443912,62.281445781424836,6.305280479706379,LOW_FLOW
166.00668844176667,5.831504367931092,58.43884190203725,39.08760422829998,NORMAL
226.72176182832308,7.7400362198242405,70.47514843206108,38.519705691720844,HIGH_TEMPERATURE
164.92964248411542,5.209143221192764,70.28854351932307,35.24855336650571,NORMAL
148.69817193812224,6.442620738327283,62.85295128754732,42.76271452027412,NORMAL
160.49222859659943,4.904130940772093,63.47176558576816,35.357489006497765,NORMAL
172.86591975556323,6.726592503014543,60.69199439410094,42.41956818874568,NORMAL
163.69760802693915,5.389208623642904,63.8134096446672,43.26005897782947,NORMAL
174.03177834176714,4.970129175565167,56.90288128282606,34.441650854813496,NORMAL
162.25771079308495,6.813214353010289,61.04276870635916,33.411385343570686,NORMAL
177.57068652865894,6.470039426506498,63.280497046103775,35.65010824845531,NORMAL
169.98632853001575,5.1628850632012195,60.07889061565578,36.03254560440109,NORMAL
168.0401863923889,7.285496595189396,59.9889811771132,38.07722802764772,NORMAL
154.38883117345162,6.862962582488202,70.1250390944979,40.57775634222819,NORMAL
168.25865171269282,6.355585274822623,14.407319460739918,33.9002978455745,LOW_LEVEL
156.37810913562188,6.371394186192154,61.26239335818122,33.95667205510822,NORMAL
165.92105094006249,6.655500495626548,59.726878943331236,40.69314916626979,NORMAL
171.77043249846184,5.609419594017665,67.92097472088014,42.48821836929597,NORMAL
162.36632481312793,7.257266251956659,60.53355307695873,36.0651292102179,NORMAL
177.06975698658061,5.716733191233776,69.15773475037425,33.66491642877002,NORMAL
175.62425425086295,4.662726541796713,63.777495520610984,6.457011132868725,LOW_FLOW
156.79671897777678,4.937144396722006,64.77571905592343,39.486841505657736,NORMAL
185.92787420103747,11.457377164184125,54.936896941884356,37.75643794838179,HIGH_PRESSURE
153.94440774909094,5.137636944541059,70.62526744843808,35.918370502805864,NORMAL
176.33728520389477,12.165700490672299,69.1082009202758,36.521547830848164,HIGH_PRESSURE
224.00407851061533,7.246097206215344,63.5333630754663,37.46359556369948,HIGH_TEMPERATURE
154.67402770467504,6.157730070042442,74.64271326983415,32.886323187944235,NORMAL
171.8543518605322,5.954058522679389,58.147489674728085,37.50371604378625,NORMAL
171.98685317556075,11.127570956539524,59.288423040633624,37.53037557624677,HIGH_PRESSURE
170.36287101770318,5.726621566837999,70.38460861160313,6.615449448172331,LOW_FLOW
168.31527546620796,5.872544749456038,69.68895769262527,34.69466034027554,NORMAL
175.86547317683983,6.323646722469741,60.16908716880926,32.21214581306533,NORMAL
163.04231516647857,6.708023393619343,60.84990274692115,7.53706416415993,LOW_FLOW
225.12898965061066,7.1971086457201245,58.55820907447164,36.7465123044674,HIGH_TEMPERATURE
163.31447988509476,4.944138628867707,67.93231736181902,38.15106659101491,NORMAL
162.1415595178655,6.462540544491153,63.2769014697121,39.6333317405267,NORMAL
168.72521087266682,4.8212630972202115,9.83568902340987,38.4780799152166,LOW_LEVEL
151.75701996810253,5.320633747635021,64.35780390549482,41.14676384162791,NORMAL
152.51706020845523,6.2975158157967615,70.22521271630727,42.61495890989779,NORMAL
164.05966266137494,4.890321764174565,71.54841893333347,34.59211422767282,NORMAL
163.52110109163792,5.4562741924755755,63.778816841477806,33.90963662356125,NORMAL
165.02394632959965,4.0,66.08464342708493,38.850605314107895,NORMAL
177.60542073736528,5.361836336681873,61.48047107787233,42.36173751136237,NORMAL
161.10309151347857,7.114751143570607,63.51204284889835,38.0629806301529,NORMAL
149.31323521224374,5.135063130469922,55.81012680395371,36.90992980827069,NORMAL
145.54607623298511,6.168928371504628,62.19215980829161,7.1402993577153895,LOW_FLOW
159.67592234169044,6.26325147218706,67.52154250923302,33.27975603976834,NORMAL
157.6781942307734,7.448559806140222,55.64771425468856,38.43469491128822,NORMAL
152.70982148764605,5.6698947282455725,72.37528023615472,34.776472150012125,NORMAL
168.2154262646305,6.522270234181432,61.17921748346884,40.458698168935435,NORMAL
168.88551167352412,6.166343706929182,59.847212980384256,38.25317152351603,NORMAL
154.86722984215325,5.98774038399388,65.89330991348395,43.9964834529617,NORMAL
171.22233548343158,5.110333013816109,64.03374996584084,41.32143502296203,NORMAL
166.433374196807,6.722409168375594,70.83270100647194,37.807265544639684,NORMAL
166.18901676242265,6.023910560478552,68.1507670971416,41.10762276419574,NORMAL
157.72717689117314,6.531533640020927,65.01257658229545,39.35602339135065,NORMAL
166.99130878940025,4.479461302101088,65.28712887389842,42.91984067847364,NORMAL
185.0,5.747770688801809,57.25368621085645,43.57967784445493,NORMAL
156.2595658369327,5.9828837268773745,59.26029358772695,42.12421989520993,NORMAL
147.55831948408422,6.062308577575316,72.11909423472206,45.05779904943371,NORMAL
171.93092987988032,6.273597114852991,62.25745103191213,37.8809556851402,NORMAL
176.069762889544,5.742610265127571,62.571857332128836,40.80685315593577,NORMAL
166.04821692954735,5.018116525817837,64.07246800905139,31.464743829773276,NORMAL
162.34045972528185,6.435085532321913,74.57183638528544,40.056317905285084,NORMAL
160.4662957975188,6.808312471781614,62.86040851045284,34.176062683068125,NORMAL
156.36834250361093,4.912537720428285,68.15965205194794,32.758111000975745,NORMAL
159.6538399575576,6.12665560366464,64.02435777946916,36.10829939936909,NORMAL
166.26495267924088,4.699058443581314,60.10884293938514,37.6945333481318,NORMAL
164.61212879623474,5.406948129658047,72.34023264308031,36.945173399958044,NORMAL
159.68299199949496,6.426077689039652,67.35955002245606,39.25504196885873,NORMAL
147.05737902711653,6.4985619142924325,60.21417327375424,32.31889776764289,NORMAL
156.00822590056453,5.54133821674316,63.785377091933924,35.28979321236475,NORMAL
176.49041405250634,6.040785071076042,64.36588752173523,40.15642041724359,NORMAL
212.2093370146613,6.861652594388686,61.07980365144041,40.576744729287235,HIGH_TEMPERATURE
172.49446646367477,11.897445255352459,61.64968750157103,44.57813949184134,HIGH_PRESSURE
171.03714893738086,4.900043626532235,74.38266937072247,37.555865993742046,NORMAL
170.04666901415433,6.17601685188745,13.432649983488712,40.566492198841075,LOW_LEVEL
168.83828572117767,7.880294924460619,65.86377573280834,4.316192513868301,LOW_FLOW
163.04536915856377,5.83085366798634,75.05962681468426,36.01668884931884,NORMAL
166.53936894214544,5.504733692797238,70.33216793932162,35.674227020727514,NORMAL
227.03492215085546,7.910303183680458,59.86198421138735,42.49386909073572,HIGH_TEMPERATURE
176.50221551933168,5.0694908939547405,74.98483666640442,34.383812021266586,NORMAL
175.6290485347955,5.2970358317088575,64.61009749052786,39.6540457618584,NORMAL
163.82341200393117,6.824223227054733,66.51181988125992,42.14266344820894,NORMAL
160.971448548931,6.030172293283471,10.730084247018183,37.68857819667235,LOW_LEVEL
162.10533970332526,6.706378334378539,70.20704503863465,38.29333700037754,NORMAL
164.52573883179255,6.157581708926882,65.4211685286303,34.032534433547205,NORMAL
164.8588061502813,11.474947995085682,63.11215912301013,39.059589255203704,HIGH_PRESSURE
158.53095624101957,6.653331014604801,65.25333270089789,36.93687389787737,NORMAL
172.79055257373847,6.139139474242103,55.797941517394015,35.88143841162333,NORMAL
165.0159948513207,6.5682313689355505,63.48333623363754,38.80358535400353,NORMAL
161.33273380357474,6.356485495047434,73.97356845707294,35.5113741378368,NORMAL
165.31450452819436,5.928427034980019,60.87988454051023,35.960362205075555,NORMAL
168.68785219599454,11.524151311608227,61.03950585471106,40.80481922638851,HIGH_PRESSURE
159.1417169487834,5.83554940022621,63.28974507949749,39.74534133022887,NORMAL
171.3796444622128,11.198846539689377,63.84839519387255,37.88218514462068,HIGH_PRESSURE
161.40897903775692,6.316561524402139,66.0306152039188,32.877510794417844,NORMAL
174.574533672769,6.3029788333554055,66.65695334259041,37.45180176871469,NORMAL
164.23352241822005,13.127740717710655,64.76360405199621,38.68008496748954,HIGH_PRESSURE
167.5053248586588,5.54534475683457,61.257085648541704,39.30516886328422,NORMAL
156.39769295822902,6.173609457499958,69.24200528101898,33.902466439634296,NORMAL
221.03134402044122,8.786432416486274,69.45164747749412,37.08744805222383,HIGH_TEMPERATURE
164.54436367029177,6.014215604592284,69.97213984868277,39.81997512452258,NORMAL
173.55394506054316,5.780207700626005,61.9606446964271,3.876934202993002,LOW_FLOW
167.2187534377617,7.096051984467289,58.8282721475127,32.89675971342646,NORMAL
149.5392878324751,6.788890376596785,66.55999180909477,39.261261768257675,NORMAL
146.02243577549189,4.061788744974947,61.54056604493217,39.31232786618374,NORMAL
152.2888194865702,5.695216060800827,62.44689205530312,41.096660781664596,NORMAL
167.9561441621544,5.23480854879953,70.44860605030297,7.3938271810139975,LOW_FLOW
223.18813531181578,7.951699323111539,68.58186793076393,40.014469806089465,HIGH_TEMPERATURE
167.6651402566009,5.930217329078771,60.500466453946224,37.37023701540873,NORMAL
227.71898055064906,8.258268348346073,59.004459373801446,38.263246125198776,HIGH_TEMPERATURE
153.765847215274,5.887053106941621,74.37173184940072,34.79368670574344,NORMAL
147.4519215814564,5.962863555438916,50.82943792245443,5.120130422825331,LOW_FLOW
174.67237574884658,5.745946988120211,14.45475326393156,37.071511268413005,LOW_LEVEL
164.58031228698957,6.236395102921577,9.25312850825754,35.21397360660854,LOW_LEVEL
213.36534055790005,7.39589913934674,54.565375249918,34.82258803506692,HIGH_TEMPERATURE
165.48811884331363,5.485362493286379,66.83712922933907,38.40025000863072,NORMAL
173.65099835149718,6.8940816900484325,69.72206153238518,38.483544938405466,NORMAL
157.7390599511952,6.857077535950143,66.48098501016506,37.221286053136566,NORMAL
155.30472224014977,6.384846182687535,67.56103007063916,33.636761741278995,NORMAL
176.8793502938708,5.475922384029927,62.986759209232325,36.299025666486195,NORMAL
165.63372038243313,5.682442167628103,59.659517791707806,42.11523146742102,NORMAL
162.4786048809182,6.290096330635047,67.08982137924748,35.042068218532435,NORMAL
177.44394056841716,4.462866747590705,62.892258424815246,7.315538747568289,LOW_FLOW
161.45590277406825,7.0640742856918095,67.17492301065897,38.41077525506602,NORMAL
156.63965032330958,5.392663458841066,72.77284725965619,38.09279260200418,NORMAL
159.881987738002,6.1843976831565115,71.16530137411387,39.2372694745966,NORMAL
161.96250779885952,5.633587350263892,57.617851010445776,44.90618022029023,NORMAL
171.24123621290272,5.625698600912853,14.650510859113947,39.24957711425221,LOW_LEVEL
167.3834654157473,6.457559721909948,67.8037120003121,35.492081168949746,NORMAL
160.53816890003827,7.194158195096141,64.48373184769541,36.88844927189245,NORMAL
160.86961922510793,5.715094641976399,64.5131004123145,33.06880156756433,NORMAL
223.64031999129566,8.383907638465546,67.85705858342124,35.84371516403371,HIGH_TEMPERATURE
177.3767158890529,6.457806748104536,66.96051748660874,37.24551312617466,NORMAL
161.20107440397993,5.061708040124438,57.88614081973502,8.32500974512705,LOW_FLOW
161.62000358018145,5.807032486358524,12.233492325480759,41.83798196815946,LOW_LEVEL
166.48667662015131,6.13061590115562,71.09850228527968,41.789114927379764,NORMAL
183.25306301820848,6.718250379107473,68.82023819912374,40.547763713921434,NORMAL
167.52034428892938,5.635368906835736,66.41389872144191,37.325196868490664,NORMAL
180.76806601038396,5.8286618308423765,55.97636436081615,10.384161303661067,LOW_FLOW
168.32223752212363,6.642657372245267,70.94855001324802,35.38670090039467,NORMAL
210.0,8.383894785072629,60.25013405492235,36.79871626526594,HIGH_TEMPERATURE
177.41504096097992,5.628533177182635,65.72373523583705,41.132086023822296,NORMAL
152.35728545723572,6.735858181608148,74.24024395455277,34.11056138458858,NORMAL
158.1764974576618,5.581008928966725,57.169066145397615,40.1241965960304,NORMAL
168.086772420452,4.707884787761223,71.86221590282126,41.47373968785534,NORMAL
168.7409186125415,6.070919235604928,60.67956013010909,38.113943039208,NORMAL
164.9888587884532,5.554938210416658,72.16271638496914,38.05776336102961,NORMAL
169.52950206859867,5.911634094908715,57.42897058329507,35.92849801276231,NORMAL
171.04998530903845,5.868068612738505,60.78778022534648,38.88110835672662,NORMAL
166.88231767335895,4.752408145814931,60.193620070216674,38.64302455852251,NORMAL
166.9574554038988,4.9512982309092735,73.56837119584152,40.72465229250212,NORMAL
175.25067085171617,4.855271007915603,71.04457976135785,40.93452028102319,NORMAL
165.94678330710565,5.836283642357445,57.72769232798515,36.873900503364645,NORMAL
162.13166458866627,10.90185367533173,67.25543319690159,35.59619619626616,HIGH_PRESSURE
151.04331210420645,6.2680097947600295,60.66906793434004,36.22801294242806,NORMAL
165.81540709898127,5.058678677578511,66.19100327031006,40.191552917990634,NORMAL
163.37646445059704,5.956622950875862,52.36035210703446,36.87569681213725,NORMAL
172.39486205749947,6.084726557764502,61.712094993621974,34.81661909561659,NORMAL
171.32272465427764,5.444862356708597,61.759593607331986,39.30403393407329,NORMAL
176.23050856824725,5.73330280589621,73.84791044159456,3.744622688200664,LOW_FLOW
158.5870492738524,5.93632457364607,72.80287635094062,45.81795886507798,NORMAL
172.74118408884112,11.012007711055048,64.5666080383195,38.44893979533786,HIGH_PRESSURE
160.0111944859343,5.914126645219696,64.39476178668845,41.06430677680483,NORMAL
176.60943079216852,6.33087816456703,66.45217757841772,39.42361005541694,NORMAL
164.3766584750833,12.495584120359833,58.904896978378304,40.687446942485884,HIGH_PRESSURE
169.05266523352202,5.455278001005494,65.71993679655786,42.3986527220665,NORMAL
159.62470381056258,5.950802654589955,65.70718659609575,40.08382740318674,NORMAL
210.0,8.095740166460878,60.18528137090873,32.521203824317176,HIGH_TEMPERATURE
167.76581263841263,6.342738300710682,64.97837637328388,43.05851895723854,NORMAL
152.46258327531643,6.962435398027577,66.31561363290297,34.37119378305583,NORMAL
168.9248552196471,5.323186735788556,65.7393529573007,38.87900164392181,NORMAL
164.702005979583,4.513453778669948,58.637985710409794,41.76356743287989,NORMAL
175.3334917252694,6.124355963634912,60.05322472443938,37.40017958603521,NORMAL
160.78906839143664,5.402937598230929,59.31409925601435,7.482732805502269,LOW_FLOW
170.01687680119332,5.863160364603711,63.44338174258347,38.936985771064634,NORMAL
165.69003068980004,6.393147210498724,64.95523830113889,36.97603486343251,NORMAL
174.86321547282157,5.757686551955711,62.20579016535937,41.84375850028515,NORMAL
153.36142011793768,5.942185976778387,62.72448394069322,43.62014792244037,NORMAL
177.55998787999158,5.605392394371543,65.91984633316915,34.03736869175363,NORMAL
174.548948574851,6.394379186363923,63.72078771425221,37.59055930471866,NORMAL
210.0,8.060526370959895,70.11256979377845,37.878286359845845,HIGH_TEMPERATURE
215.89375694252396,7.911078671045217,69.89693984343332,41.60149006293018,HIGH_TEMPERATURE
172.72136394182934,6.023947082832959,62.912195134444836,38.36615188468732,NORMAL
160.31849240858392,6.167761087591271,62.923777654706065,41.800276465691006,NORMAL
165.0006751447313,5.472812924346329,68.16422382212103,36.74070641143089,NORMAL
145.69775735256408,7.342715076240138,70.27004320030463,40.62069895290103,NORMAL
175.40848612403565,11.265318250368408,68.61278028200067,39.11007795334464,HIGH_PRESSURE
156.12957620049568,5.307170949981424,63.654297753809914,39.5354691434594,NORMAL
175.8996659520017,5.448149420388712,62.11262489539549,40.16378997503886,NORMAL
159.88515203563261,6.16133261359568,11.678734995039024,38.59279902644686,LOW_LEVEL
165.52786641534595,7.798011263363129,60.3637317769812,37.26462669155311,NORMAL
152.6601231375875,6.307194171644801,64.54619028264115,40.40015201157099,NORMAL
166.65878333433662,7.070589651813096,63.52371968605486,7.1045016657454685,LOW_FLOW
170.2835405323875,6.400014457861441,64.09916476035329,37.58939633189999,NORMAL
171.75151256713244,5.775945784693227,66.99648236467795,38.24978517192654,NORMAL
176.12360389866595,10.5,61.69856231440648,40.604310714693845,HIGH_PRESSURE
166.58862896545213,6.130258025583209,62.58426712519443,37.043219296011394,NORMAL
167.92355251491261,5.880916566208889,57.042511820401884,34.742064850065375,NORMAL
172.38111778230282,6.089069014281275,62.182488604275754,38.889664583894195,NORMAL
153.5262223403392,5.793754913964402,64.27927920595495,40.33367788681452,NORMAL
167.62256703075602,6.41355987573855,9.346760112233648,43.34979758025796,LOW_LEVEL
154.46459941093644,5.230230504393834,70.3050831327949,37.01559341648024,NORMAL
153.2379402517015,5.986176051413991,59.9617803058599,7.148696143762609,LOW_FLOW
174.18993879858195,7.231218857058228,70.58355275322695,36.958028377941304,NORMAL
157.5873924687558,6.056971485497554,71.90271095386422,36.67079263369652,NORMAL
187.04564475850367,10.5,52.56462193719857,35.54979522724765,HIGH_PRESSURE
161.2661635326569,6.003315765525761,62.133671527966115,8.147214844788307,LOW_FLOW
180.1236719461956,4.804789042736253,60.628803111748155,39.613351120703356,NORMAL
174.01792965574427,7.172102177676707,68.72603488815703,31.492856238763476,NORMAL
172.75639451147936,6.670167972235442,9.708077974609079,42.13531622077068,LOW_LEVEL
167.06156577021244,5.087643373058789,67.65496639092285,36.78019630326966,NORMAL
173.63103231223792,6.7695462196013585,70.41420998706852,39.216806790386826,NORMAL
176.84079362971133,6.055369874382075,67.82024432621786,39.64562333405972,NORMAL
166.36019451403655,5.037406733057983,68.82150060765758,33.35811011141944,NORMAL
157.7717244273898,6.150572964095025,59.5156413566354,39.54433565553104,NORMAL
162.53977788226388,7.90948149690772,66.27930682845034,35.84230005635873,NORMAL
176.83569715081754,5.1390388582192434,61.33426875968073,35.97271875610691,NORMAL
169.43293201059274,6.053054084975047,75.93487919472412,42.79744275344496,NORMAL
168.3531428586771,12.615074402138372,61.3846424667117,41.53607532399923,HIGH_PRESSURE
160.57384071145617,6.716228567968872,11.907950467905648,41.44825251985916,LOW_LEVEL
171.92774910733723,6.42774284005176,74.91298517743155,36.702731167963684,NORMAL
157.76148213104506,5.590173832607854,62.81995883372748,4.617023193984158,LOW_FLOW
168.50138640154486,5.66714125112855,58.676538501500104,36.289966833171924,NORMAL
172.4925548468543,6.396480946861471,53.65567462311335,40.72454666951498,NORMAL
175.77858593290847,5.423275918709124,65.18541805574925,36.921932554072505,NORMAL
215.53456967824172,8.690735980919776,65.64029357382182,37.686518221450925,HIGH_TEMPERATURE
167.74164596889744,6.315404198423189,64.98493031019868,4.270760206204152,LOW_FLOW
232.07116460995869,7.302003696035375,59.451372971017,36.34019229829628,HIGH_TEMPERATURE
173.41659908818994,6.571360357171769,69.5164424272364,39.45498862907713,NORMAL
177.51774417335923,5.97378284051169,59.99577682341908,37.45043894811248,NORMAL
158.74567816213337,5.482101842826459,61.19244670679402,38.17180147366186,NORMAL
182.93470240008787,5.146607307506674,77.02554733661987,40.138052742471125,NORMAL
169.74843755924454,5.858145704689854,68.92992487566667,36.66094270748343,NORMAL
144.6863366600347,5.055026702196655,68.29173642926109,38.59550329948463,NORMAL
150.0302550715121,7.340027786022647,66.12799825279087,34.88028069597363,NORMAL
162.42925975970203,6.244091398613047,64.92705044785943,38.086199097339254,NORMAL
174.3303064522599,4.820875119820362,62.897648959786544,42.321822107330675,NORMAL
166.459113717791,5.784220862058447,63.30829254974312,31.521367707068155,NORMAL
163.81542076361796,6.269100606333761,64.86319754977761,39.24996419537597,NORMAL
183.3973125569187,6.342380035370135,59.57873041206454,40.972551280538674,NORMAL
167.88473342125474,6.117356025308691,53.53849312687408,38.51843207189172,NORMAL
178.67776561634216,12.018019163887066,62.75537036216168,32.80901476075037,HIGH_PRESSURE
172.35768921949088,6.252349053809789,62.12281077800503,8.667831214734113,LOW_FLOW
162.56105709605274,7.318464441240831,63.555156485416475,38.814086854616406,NORMAL
167.98441854747344,8.0,62.18226171232667,38.35184688072114,NORMAL
167.14687190414818,5.977277251639114,64.89922372486085,34.23270878980012,NORMAL
170.1279257551598,6.128978655683188,76.62955858357657,35.306408213920584,NORMAL
175.96432790891305,6.09084762572329,72.97556929398696,34.632604925491655,NORMAL
181.69899427512496,11.455659404484893,59.72845388470481,33.99155053636276,HIGH_PRESSURE
227.10631699566088,8.17542799437374,64.69934309415262,35.876152072505434,HIGH_TEMPERATURE
149.19605425242446,6.102897842102089,11.24198668864358,36.9430164399902,LOW_LEVEL
154.83084383120544,5.714044864407548,14.42405470363484,31.976480530941938,LOW_LEVEL
161.85007062220342,6.003469687906349,57.78368306163338,33.73441646697534,NORMAL
153.7446866751851,6.672810049602496,54.225173897499474,38.923450610488096,NORMAL
156.1727403734705,6.279144421055517,58.510233279910786,7.820719106582077,LOW_FLOW
166.738185265829,6.372523311891608,68.76890409367499,37.90924823456638,NORMAL
161.00563521168678,5.563115261455942,64.42693820499838,38.70268907433851,NORMAL
162.90316621804297,7.23089093014512,69.35031077413234,39.48158172150718,NORMAL
163.82046008065467,5.886505845349258,60.99817719454058,35.893514890723324,NORMAL
160.43245070782564,6.694005265322259,56.39318726826157,37.121125248106146,NORMAL
173.46267814503125,5.464351568788384,67.78975540696469,39.55654782878947,NORMAL
173.13741878096164,6.064744687924425,62.03473853878471,28.0,NORMAL
179.28134721657705,5.389330424194345,73.30189409486486,34.252455216101986,NORMAL
164.57357704807077,6.322595592409769,59.11366719792861,37.49977538142997,NORMAL
173.9453995784078,5.523876356325795,64.45880566978904,6.071716294417173,LOW_FLOW
159.2240436821063,5.985988078978353,61.715783889312014,41.2050289308543,NORMAL
168.51269343143662,5.276455034136762,61.72977482510202,39.12543328792133,NORMAL
164.66156219461922,6.546313726427049,59.909250324985294,42.98864523446165,NORMAL
164.85949738818044,6.170969220261401,58.57252218933192,35.853767972373205,NORMAL
154.1180524992626,5.150876335905947,63.493744135393875,33.67867491121353,NORMAL
152.34437986049682,4.175947988730942,66.99481325053317,38.68989128646146,NORMAL
162.32435062115297,6.094233605425818,62.3594473230575,35.11614676216417,NORMAL
165.6772902458621,6.93523401808109,58.23917971474464,36.84775038919162,NORMAL
151.19492139884295,6.309412529795796,63.83868120980568,35.01278566661898,NORMAL
166.2006490427602,6.103243458103057,65.77574064113216,37.5647887432362,NORMAL
159.07185136176884,6.006448184842463,71.6546687916574,39.173780465702386,NORMAL
172.8633296516941,6.793319288690747,68.5179022302888,36.650947451962686,NORMAL
156.86220527118687,5.839000562780552,63.60382877313491,38.06527952239198,NORMAL
153.62617811605298,6.41412639387025,14.538649059466168,37.28534069251221,LOW_LEVEL
169.20076779178078,6.087222829921795,63.487910900771894,32.23842793263771,NORMAL
157.8549550273211,5.909125879829213,68.24623900564114,36.53775266708859,NORMAL
166.89870483035077,6.175518433937929,59.79206515143293,37.37969999740651,NORMAL
155.10054540988617,6.0989709261329565,61.003745138148915,7.575498846204381,LOW_FLOW
158.3115430812337,6.300162252483737,56.475674329312376,38.78316618218027,NORMAL
167.32492126799042,12.674900263735879,63.86285674851352,40.61708627483993,HIGH_PRESSURE
166.68453460779108,6.617018332828711,57.747990598422355,6.8788535938463,LOW_FLOW
184.94191093310815,5.877696328925703,65.5679249120904,41.91761847863081,NORMAL
158.60955404085615,5.754017712396163,64.27242535261392,36.517366071260525,NORMAL
165.2386702970131,5.917698719402856,62.393191391591955,39.2940847572311,NORMAL
167.7167409860415,6.7259944570727,62.97208479534425,33.54393261776443,NORMAL
181.84992238162667,5.932089039716928,60.348783074964516,38.55548881920205,NORMAL
171.32644897352066,5.7148853293770605,57.15280552972871,33.831310982314115,NORMAL
164.0087810076613,5.955233367685173,10.11111644616953,39.27749782671595,LOW_LEVEL
154.62822137540192,6.353847230945792,66.50837359404859,36.27752271174088,NORMAL
147.50572468081566,6.116594651592021,11.10599594265835,32.57299149675672,LOW_LEVEL
176.68186868498032,7.300099433806943,74.36842001188458,5.7995440249814765,LOW_FLOW
161.1839295319646,7.188681497015775,59.96438067698823,4.996705714015237,LOW_FLOW
162.73301166483452,7.429697950301906,17.304373106983817,44.1649733008183,LOW_LEVEL
155.24949551661098,5.299632021089826,73.20453252747157,38.00102566723482,NORMAL
167.66456298094604,6.436935179952149,70.17850440944815,39.36787371885984,NORMAL
167.9316091725724,6.63075518816636,50.1280021862115,37.137716915318116,NORMAL
152.82240579846857,5.496395110438173,60.66202898781446,37.10713988951369,NORMAL
162.05400834569576,5.932058611888102,61.377499040275374,38.67849594758382,NORMAL
229.31247714570426,7.661168155855399,63.01592426976909,36.39433638849702,HIGH_TEMPERATURE
158.64320435899955,7.71218502800662,64.39412264311974,37.65066107811901,NORMAL
221.53278459498378,8.715744806968779,59.835881511054026,35.818608634454165,HIGH_TEMPERATURE
164.09465272216883,5.452545488432147,65.35597809369749,39.1663960006437,NORMAL
184.37958320866795,4.91693807138769,69.93946940474223,37.245040875300795,NORMAL
155.27287260716696,5.831041381709044,65.79532841513341,39.37369213884663,NORMAL
167.3713440064693,6.3923697926909915,66.37786449481273,36.511124306348655,NORMAL
173.96672521122534,6.993624430970468,68.97029232263561,37.19452392263241,NORMAL
168.33094518511163,6.39644946534947,63.8595052132838,35.945394676168895,NORMAL
161.81777668847835,5.099017990402557,60.322734270176774,35.36536078354435,NORMAL
165.26222229036006,6.537972461733804,66.27852254120454,5.355879283120821,LOW_FLOW
155.46083735646053,5.314424083168062,77.1052351814341,43.908953634840415,NORMAL
162.51612819043245,5.9939459617914315,65.0825087870721,36.9013099506439,NORMAL
165.53236652687363,6.531326001489525,71.26126223732811,38.815238098802794,NORMAL
172.41239551863669,6.055113900249952,62.76219819732918,8.2160335457721,LOW_FLOW
178.76615864932788,6.069240835134178,65.57043707287163,42.64825986121933,NORMAL
171.4672536593514,10.5,64.56775672292989,38.966779866047624,HIGH_PRESSURE
163.35649953705897,5.428419461662295,55.473481152175964,33.19716568781893,NORMAL
164.047771947199,6.089076421208051,71.44345433696958,42.843266452917426,NORMAL
164.37011366208498,5.884505774905376,65.53552932436097,31.507341677470183,NORMAL
160.0705993266038,7.2535059170768195,64.54532798781293,37.18327161287525,NORMAL
163.68837199978404,7.049878758060167,63.16482447034724,40.16667546477009,NORMAL
168.57224940823954,7.421261093531372,60.37867158964229,38.26928262565916,NORMAL
158.5520511293456,5.340473302128486,71.81943287177029,37.312465065812994,NORMAL
171.21446159092116,6.339648363351707,74.86905517640206,33.16714449974837,NORMAL
177.91476065594875,11.460060596920632,70.00355524317445,38.46575097512292,HIGH_PRESSURE
181.00770481272122,6.536742004584184,67.93837768981426,35.63224131823635,NORMAL
157.29895619931239,6.068272450750917,62.32123907708065,35.04183177567123,NORMAL
171.28959414922332,4.951857275895812,66.64121121179991,35.48940272814607,NORMAL
156.68012715007603,5.790359876445869,69.49561741999557,40.88407448693998,NORMAL
161.23262871484113,5.384631943540169,70.57682750946225,46.66746198261881,NORMAL
169.71637508828482,5.1870828566941825,56.26391331337619,37.4742621132284,NORMAL
158.72702360651382,5.616345775990011,11.82028151369978,41.189459236964254,LOW_LEVEL
166.4056036493188,5.085336204180623,55.621079419614226,34.71809674218896,NORMAL
166.99228897845555,6.119237139564752,67.47346566772629,38.09243204524758,NORMAL
185.64257375061104,12.040834499324795,65.03295181117036,36.52630496960466,HIGH_PRESSURE
150.86430481495955,5.621371616816042,67.8630428108662,35.358763581421144,NORMAL
171.15172697258996,6.793521650604198,66.12971347044527,38.07200183889644,NORMAL
165.23538860467977,6.4099239492668465,67.83232762393105,39.25778070959651,NORMAL
233.35566299067776,8.407371837454281,61.821466372309246,41.090397369964236,HIGH_TEMPERATURE
161.12664453333136,5.694080884672998,66.81404887037448,37.8961820014082,NORMAL
165.48308742739533,6.917300650582062,67.46615087291386,36.09753817971172,NORMAL
173.0278103270213,6.689249041833284,67.63591270315963,36.137205145540065,NORMAL
175.16486965428362,11.3074267013136,70.3822608544441,37.79702097914226,HIGH_PRESSURE
158.89248546151472,7.41278588065453,66.83023898749589,35.201650201909835,NORMAL
169.05913935474516,5.055774673354978,9.88383546404464,40.05859305158039,LOW_LEVEL
166.296476472503,5.2922973443995645,65.54549022225993,37.243990173606406,NORMAL
157.7765825753038,5.510957309736282,60.18543056267088,36.3897257004286,NORMAL
150.49929306745088,6.4151976713807795,70.02848295584644,39.98434771593718,NORMAL
170.7387876608694,6.086915662493366,66.5074296516702,40.135885839319364,NORMAL
174.53312511618776,10.80725107338064,66.87645684913937,38.91965290381648,HIGH_PRESSURE
164.99420019366133,5.041699186801237,62.910890285862195,9.0411033381482,LOW_FLOW
164.91843107499963,5.724691437084498,51.724188777271515,40.322706324556385,NORMAL
181.74534647144475,6.413217766188709,70.65487213903135,34.51729832471484,NORMAL
155.2826533815315,7.069579825106111,66.60475710282222,37.77786339660449,NORMAL
156.8059013251291,5.738090383927553,63.31768690060414,42.30143939982189,NORMAL
226.9962072050469,8.625502074829834,65.42524611098347,44.323446734990874,HIGH_TEMPERATURE
179.24981542065254,5.04579464049032,66.95612081703366,39.0630443452462,NORMAL
170.61562900977017,6.201117421803195,67.68521266680342,43.871384346914255,NORMAL
156.42293582858514,5.261610365976999,72.67360471639834,35.882643242867836,NORMAL
185.0,6.58091689074579,69.16546878806204,9.417672736734751,LOW_FLOW
165.64359171652947,6.1784054196727505,10.154786423386735,40.62024801952672,LOW_LEVEL
217.6887388009843,6.902929046446154,69.43292780608746,36.70478250611241,HIGH_TEMPERATURE
165.6654515557571,5.712060776413895,60.46715973092701,6.57289709893943,LOW_FLOW
157.2388038427887,6.474882012707644,65.76109074648205,35.71554251276323,NORMAL
156.5427610068938,6.967629212127525,60.05656634968091,40.212025806778826,NORMAL
150.37283750846797,6.5318298811127,72.70648324707014,36.38091269940272,NORMAL
158.56680030740034,6.702952578291525,63.46884817263713,40.50115877455965,NORMAL
153.25388992104922,4.725198090578743,58.70568268682956,35.495866042947725,NORMAL
145.94986127902465,5.929150509388857,66.75812999511675,39.896929406275056,NORMAL
167.04065635094207,6.634207299299426,71.52296253729986,38.71316622447148,NORMAL
176.6403646101657,6.318641907246,62.26188207056497,42.41223639646637,NORMAL
177.80037825055686,6.419421909745992,70.80914510285336,37.53086486666477,NORMAL
172.09461063039362,6.7939519211160935,66.7275152474516,38.3256714557748,NORMAL
167.56836807331868,5.396130776905058,66.51896933824483,34.402999895159546,NORMAL
172.61642922511913,5.8116819181413435,68.59128062737042,35.9719791148286,NORMAL
160.50967321573825,4.83360561589308,70.14428767166773,6.458735990251351,LOW_FLOW
165.8104564412261,6.914795856570643,67.49832244477115,33.38236814745645,NORMAL
163.9819735281177,6.733495773183593,60.39751326093937,35.6227546687233,NORMAL
155.06595576897286,5.487247161273236,57.986516856851445,37.198764083801606,NORMAL
155.22100549968079,6.046040172631363,56.15754067220474,33.66868433180359,NORMAL
178.03149558099193,5.308737554105914,70.23016166275681,36.08879013498547,NORMAL
166.80687869053241,4.628033541718077,65.98174482031028,37.29693353521026,NORMAL
156.6223299193837,4.004773126359045,62.43643471932776,38.68156888442259,NORMAL
213.7121324994088,8.990056052893749,65.48497843723679,36.65338943208717,HIGH_TEMPERATURE
166.56210425183818,5.959373030465943,59.59346771801881,41.317006364972556,NORMAL
170.16090150128898,7.531548897808563,64.46542686182622,35.89552891547108,NORMAL
178.6054778012737,5.439321128384052,64.22250956676065,7.371974912975724,LOW_FLOW
172.6858744607557,5.7268562940834284,65.01707942004256,41.09928325705868,NORMAL
154.99747568861483,6.019704937156942,56.41763242969674,34.73598625080112,NORMAL
169.0897745163803,5.690231474122817,65.36047400419878,35.9997309572497,NORMAL
155.95298494284478,5.256966694920288,58.81211017741006,8.793029307328073,LOW_FLOW
159.46453043060313,6.007997160752919,65.04274996684401,39.3958728063473,NORMAL
166.36500062831834,7.126741739922143,69.59138060696162,44.062706001382935,NORMAL
171.95808949731966,6.054835521967188,67.90425713133756,38.098653279955236,NORMAL
150.80045564337019,6.104531718271668,71.17478779852058,35.039511291850346,NORMAL
178.17915198082665,5.985933816136942,57.66701517256498,35.99049361720085,NORMAL
161.35906132769065,4.91360969281174,68.37169036923235,44.24563809020612,NORMAL
164.222461505759,11.826041488142643,69.36217084600796,37.613421825678266,HIGH_PRESSURE
181.09850359738752,5.852742224843465,16.681208397505895,36.93532601277324,LOW_LEVEL
158.71458377385997,6.705199327432126,67.59255826073343,39.02926452575639,NORMAL
159.84940788822,6.36761010302119,77.3970172607741,38.9002573278401,NORMAL
167.77174709420535,4.642374007258124,9.428689666587832,38.035497554711704,LOW_LEVEL
174.01554514569838,5.07563460464135,62.24965445343079,33.44183873582706,NORMAL
162.57904192423644,6.126671970194792,66.40761802546463,32.987869557073104,NORMAL
180.90312280973325,11.294163818008592,66.49658811744214,35.61033724173182,HIGH_PRESSURE
170.76980298239835,6.353369401282858,64.37071528649713,31.29447110471801,NORMAL
156.6221924145722,6.679899401096835,11.507688086481412,36.32795540050469,LOW_LEVEL
164.4306640891753,6.2100600430869966,61.51876335277357,39.54659685511208,NORMAL
237.10037781253547,8.721101948327549,68.98263176698839,32.0955275877993,HIGH_TEMPERATURE
158.72686165223672,6.069770545282785,66.82025118748888,39.90065717831097,NORMAL
158.7882047348131,5.286970299120414,68.31038568347911,36.19670557111348,NORMAL
163.28126550039565,10.939657294967562,71.72067682459365,35.06299176439867,HIGH_PRESSURE
174.30796651445178,4.808326564116279,60.45467344581107,36.56906607443696,NORMAL
172.13187315310924,5.911585583722042,13.413973145188567,40.879641198746185,LOW_LEVEL
172.7893080907527,6.6989275332361,74.19696111097403,36.719894324891555,NORMAL
153.16211322763675,4.862902840731531,8.629301753189717,45.21557353978108,LOW_LEVEL
159.68330662193122,6.642650143530558,69.96458330100964,42.0681308944549,NORMAL
174.95957902917155,6.257702588638885,62.310090364220976,34.8527120229889,NORMAL
166.87678707350472,6.281331096670858,71.31326492798875,7.27192631339417,LOW_FLOW
183.36437973802094,10.62208585528387,62.555222880603274,33.409320675221146,HIGH_PRESSURE
167.75716180988843,5.7176932809555625,54.886121893127225,33.10242459105075,NORMAL
170.74494235724674,6.355837382893204,14.565422625322832,39.05476808505442,LOW_LEVEL
158.50719959046313,5.866076279960689,59.132145007249925,37.23146402947855,NORMAL
161.83804683997224,6.232187605100216,60.01208794845087,37.35221963138181,NORMAL
151.36720299482076,6.65978859905716,60.15765538014149,37.36510056988196,NORMAL
164.68871972171027,5.334867002186791,65.99273777725244,35.94184268733214,NORMAL
172.08548522922186,6.189816407785743,65.25922444330018,37.603380686301456,NORMAL
177.17360362189567,4.713426961861518,62.56868142319298,36.45591572781336,NORMAL
161.116830376687,5.590684745935879,68.10801188759392,34.460957555711204,NORMAL
154.9735579012387,6.070850756030077,65.49075427277941,40.4463095038365,NORMAL
158.14614264136168,4.741097047519621,66.44550692464824,5.969971625505939,LOW_FLOW
163.1965484061752,6.036828453137966,70.47706896307479,42.439981097292566,NORMAL
168.3018608927679,6.577319922583578,61.43187061577052,36.824553852399966,NORMAL
167.839759620027,5.855285579317076,11.276904355555555,38.27056591198971,LOW_LEVEL
167.87036867125005,5.439234695365193,57.647447630314396,38.06027207432142,NORMAL
164.8653062101326,5.883381184645268,70.98567711263577,37.5497793141504,NORMAL
181.55813093749677,11.697734845130931,66.6905425235601,39.48400915362266,HIGH_PRESSURE
170.9201138904347,5.583007707210616,66.80550379654909,44.70252404247815,NORMAL
172.19999731543786,6.257392260425799,66.90711658521025,33.53351431596491,NORMAL
161.90653086009374,4.949035032166239,61.78792293054138,40.51675866291452,NORMAL
156.11655452468418,6.208901865322546,71.4859654534687,36.527668871729695,NORMAL
171.32641376943192,7.07283952467519,57.72185503797951,37.273592695461865,NORMAL
171.94536807682104,6.518349657999975,9.737029764357754,43.25830045507681,LOW_LEVEL
166.58045026022003,6.039989329417493,66.53526453522827,40.64405243713815,NORMAL
234.20191294384912,8.175448251297665,66.86996269738495,35.588522275363026,HIGH_TEMPERATURE
178.2737232797922,5.9235191668773375,11.193815567024687,38.24809566597446,LOW_LEVEL
159.55256364476847,6.765474211751387,67.08979552521382,37.68297534868037,NORMAL
152.04742543905468,4.577646766969408,63.95550228702042,34.38589161625135,NORMAL
167.31133333734965,7.087495267945961,63.82445425795926,38.577539036393325,NORMAL
169.2353072570058,6.09642758459399,71.10373221164431,38.733396699155236,NORMAL
157.36166546295343,7.493212362602327,59.705549034423555,33.05026027476545,NORMAL
216.79357447500846,7.7272080352887285,59.31716754146087,38.88200857461408,HIGH_TEMPERATURE
164.0760089656085,5.1971260902135,69.13893474346574,37.37729790548244,NORMAL
171.08756420704893,6.934556584710504,62.89789642493706,37.14521167225007,NORMAL
152.89119350885377,5.063987812984512,8.20563224192785,35.58737780001746,LOW_LEVEL
156.10070822413266,5.6703882841989675,61.306404315727754,39.23066757082545,NORMAL
167.72659361707807,11.389002121998617,65.47523531548794,43.87441080476817,HIGH_PRESSURE
173.17925780288377,6.607647528912091,62.67489954414512,36.888380337249615,NORMAL
165.5438930084087,6.878767722635432,54.21552556596275,36.46224460841718,NORMAL
152.73708097317834,6.055247648878258,65.8386458385799,42.78810079502439,NORMAL
164.45615795212476,5.759479233919734,61.39255176377863,37.495986745853216,NORMAL
164.33240973418725,6.143961244620204,71.2461476686006,41.42663464862495,NORMAL
152.82148615513552,5.001440844788335,68.61832107370958,38.67334391314103,NORMAL
169.80707624771225,12.339081431779649,67.29609511605915,37.24837322651876,HIGH_PRESSURE
150.53842512180054,5.653325965864441,58.83474479945435,34.364297075978705,NORMAL
165.80721228117653,5.936523408774498,70.4331690773317,39.08442634426566,NORMAL
168.07778651668187,5.962770393798046,64.60044127946749,40.10838736686625,NORMAL
165.9899201152911,6.672318554230169,63.96723956397714,39.055044249412354,NORMAL
162.00126829681912,5.004789880985911,62.720462899126716,36.74115355799298,NORMAL
166.60004246574604,6.7913344899513,65.03084682667118,39.059878305584725,NORMAL
157.26565183067171,5.556973748317353,63.9262666770014,37.77285480266513,NORMAL
173.16076254436305,6.916509847673413,8.359661934686809,35.95253230046677,LOW_LEVEL
156.5755283723799,6.689805112005879,11.319771744652522,36.81005217012702,LOW_LEVEL
162.52782107843,7.105302178112922,60.32487862944225,34.67387298961266,NORMAL
227.98999873655143,7.816972180589192,62.73724070886327,35.83371293838782,HIGH_TEMPERATURE
160.72150929425155,5.8262225271574755,72.24201036317807,33.7609806487737,NORMAL
165.5073094586406,6.196867792664562,17.88877063191308,40.12174921922084,LOW_LEVEL
162.68099507620104,6.282465643217746,63.69584943879188,38.61676936974568,NORMAL
163.10519788392253,6.0716959675032385,65.87602928202236,36.4278463186449,NORMAL
158.57407926438637,7.181596809027925,68.68007721571647,35.33711034788173,NORMAL
170.27037894692955,5.7192693278066375,63.94250126951574,41.02655252081038,NORMAL
166.88358694647945,5.868820545367211,63.36698101701703,35.67965494213465,NORMAL
162.90988487166996,6.605072259875252,59.735143754422644,41.98060087045933,NORMAL
159.41954234722954,5.362228218450266,68.04007717806428,37.13204388730676,NORMAL
173.54769653795438,5.623280848416116,65.514422536132,37.811430126907176,NORMAL
159.80317032324135,7.006069720491664,64.4371677682816,31.61246308488579,NORMAL
150.45350946999915,6.867605936778189,18.0,39.528147057428136,LOW_LEVEL
158.93910620366202,6.005668467944201,68.35741644181527,36.16738887390699,NORMAL
169.36703070191317,5.973873634665185,58.81332427460002,39.564226174740604,NORMAL
156.31172357572683,5.022730562585184,62.57260906823195,42.945460665449815,NORMAL
167.54687381259788,5.741293701218699,59.861473981517264,34.2127728124901,NORMAL
170.99549645420592,10.5,70.57857850899185,40.68462193590834,HIGH_PRESSURE
147.854527785681,6.2348537466122735,14.273030343905358,40.0523487961711,LOW_LEVEL
149.49045388932166,5.50387609713839,14.494378258527197,45.49346291940067,LOW_LEVEL
158.97177935714097,6.172394664045701,69.5942324420725,39.681297031268315,NORMAL
157.95425663430848,5.861628282122669,61.86331289441274,35.76764049766005,NORMAL
165.12903532220804,6.552191999206592,68.3967708918316,38.13343981690054,NORMAL
159.61623185818027,5.61033214876294,70.31151000567492,40.49678791230654,NORMAL
159.28695126239958,5.969310158282527,75.24573017923352,38.895668130937025,NORMAL
232.74635447434989,7.434195515811466,63.63516749813551,36.82708519758952,HIGH_TEMPERATURE
160.33055714555056,5.6936986851111095,61.73686336466074,39.467023864906785,NORMAL
174.4316366287332,5.620470312113463,63.31051456647705,38.609294958765744,NORMAL
219.6629329115262,7.572001622595045,74.21902307262192,39.37311187414446,HIGH_TEMPERATURE
166.89460893430422,5.288442564665314,67.62114142865225,34.92763829723399,NORMAL
175.0729187946779,6.294709311722387,54.95810781555342,38.511050779774145,NORMAL
155.78725173273637,6.138851417123184,57.98717588090888,40.273725326098855,NORMAL
160.86388620036513,5.696316451364137,62.36050836337076,37.438735460749086,NORMAL
165.3030399559168,5.43809993839501,58.76245256969688,42.093427554939495,NORMAL
167.0035704020861,5.1035189240612535,59.412959781080296,35.92793017917613,NORMAL
214.50753711052232,8.592098337029467,64.42235226400905,38.92969340672097,HIGH_TEMPERATURE
177.55570908647292,6.8968822045807245,16.059296609300336,35.232863273936665,LOW_LEVEL
156.54987673367467,6.6221906451981,67.47053411863622,35.04571616998628,NORMAL
165.54495032663453,11.132567430138996,69.0701264738055,34.93907201262853,HIGH_PRESSURE
153.720242375329,7.202766069015967,70.18471705125475,37.91615895860354,NORMAL
147.08850213652826,6.410242975393217,9.542417832021057,34.134378532602796,LOW_LEVEL
175.40926678921625,5.70874041511343,62.08175499063209,40.40567756032842,NORMAL
161.4647198633625,6.400690907794235,57.488862917103816,40.19590640925722,NORMAL
159.4206094135978,6.930911273892902,65.37887414009428,38.20596363338692,NORMAL
178.62957038979872,6.923042125570963,13.035511775950118,35.47848939812029,LOW_LEVEL
174.72385933198154,6.514157637916032,69.33418488580674,37.901243426114995,NORMAL
183.12245026099853,10.543311103972282,58.80738796504727,38.67891331633813,HIGH_PRESSURE
224.948053694648,8.871607091223098,67.1745276479101,32.00721047724904,HIGH_TEMPERATURE
178.7873937088574,5.686641136562323,66.509297262115,4.627336964878374,LOW_FLOW
182.59078282785865,4.994121491771549,57.75327714076989,44.51728509357366,NORMAL
164.018522900039,6.274421278640266,58.82129584501088,41.0971126386564,NORMAL
155.19686560424714,7.04928016370861,60.89909180320579,41.985206987156154,NORMAL
146.794108770226,5.7166005673607065,57.71176321507636,39.983944479839344,NORMAL
160.99505483209077,7.09603933281809,72.51225959131447,36.27312960455238,NORMAL
164.088420338761,6.4991332956431735,59.74723501964238,40.10947923758399,NORMAL
158.44740268799964,5.6751969291606255,74.75114149923665,33.58447933838763,NORMAL
160.02265839796593,5.892514774480974,67.83944577055806,37.80787492804692,NORMAL
179.27342794216207,10.5,67.39065861821709,34.312710723416764,HIGH_PRESSURE
166.8767646471475,5.950626048208384,66.84300106479496,35.915802236982806,NORMAL
164.42947146299252,6.445868754160871,72.62559554941134,41.37232035187862,NORMAL
157.00230217064495,6.913214459974827,73.29607843583261,37.982027431359334,NORMAL
170.884664739427,6.493088167989269,60.17940980490839,38.95089320445412,NORMAL
172.4223095463026,6.266198187913597,8.735379250341575,34.06042704642347,LOW_LEVEL
172.7691120545833,7.323511123270844,65.60063382955622,35.97588705120848,NORMAL
161.86368163303416,5.994794557348087,71.383774074565,46.649850667342484,NORMAL
160.12717484941342,5.8753533823518564,65.07300116773608,39.16402966949232,NORMAL
210.0,8.629225782399885,65.5888270352007,37.73347929035794,HIGH_TEMPERATURE
161.17918165333455,4.923405289501295,62.219762745829165,39.71464078249464,NORMAL
168.72942129757848,5.867791805486866,68.27390542885708,34.42843529796086,NORMAL
168.113197548242,5.957160751063713,68.80515885447478,7.619722313060007,LOW_FLOW
161.5989286713421,5.825181494529051,56.400365133818426,5.977777685665941,LOW_FLOW
167.64832123996956,5.662991983976644,64.98676434376948,33.71708329174142,NORMAL
172.96507844894265,5.916355662692003,67.08075778637098,39.17663500798344,NORMAL
180.42374409897926,12.514338805072017,67.55620235214839,32.94944922616806,HIGH_PRESSURE
153.23107812492088,6.386909950629834,67.1217555460901,37.36049442520908,NORMAL
166.3576523611425,5.617486359716406,74.50848473461036,36.87825520143737,NORMAL
169.49232923695715,6.4870990292187445,68.69794568210902,36.232921292026745,NORMAL
174.80827127928544,5.726744972780235,60.716689725192055,40.19752812532538,NORMAL
175.34807974767497,6.1328854760467335,62.30879220230701,38.97574309779557,NORMAL
175.56728002135898,5.611887584045301,56.60637792660685,41.920478854388826,NORMAL
240.86931323387623,8.04179054641366,69.25791927172129,33.59668362372642,HIGH_TEMPERATURE
164.5874572841903,5.597873134751263,61.47372249140524,35.580970761515424,NORMAL
175.46597285503927,5.8736849810109835,69.50679291373446,40.02629141383033,NORMAL
161.73289098196219,7.398802288338934,65.70262823426788,35.11787855157328,NORMAL
172.4957519647136,5.270278692234349,61.208232449985445,42.00608773727044,NORMAL
147.27775907517224,5.364971819079253,53.64826528903146,36.67295584664328,NORMAL
172.84858238953467,5.117440491945523,57.87068356084356,33.37074089042514,NORMAL
171.00360956645164,5.512338061246187,57.63864692083157,40.24973875496485,NORMAL
166.69109180038615,6.3928963684808515,75.38749915956143,38.4100524066329,NORMAL
172.75198296220685,5.974304963066703,71.41380926417676,39.969448062462796,NORMAL
163.1187948270845,5.694460865144489,61.34811054400297,38.425483755369214,NORMAL
161.47593711321605,5.7198370330659,61.67512256256024,40.37906565995276,NORMAL
174.52244562808093,4.8592547366609935,66.21797996022336,36.267455377974656,NORMAL
167.56679717059686,5.835234005030907,58.94707417430073,38.814960208978285,NORMAL
141.66272095442346,7.496722129339646,63.2615658242226,38.0405642783806,NORMAL
171.74644495033982,13.190954176961604,66.89186014127424,44.254267870124046,HIGH_PRESSURE
169.55223736825127,5.488834686472641,66.31968328624241,11.525618469930482,LOW_FLOW
157.44461697277526,6.7549052534860765,74.74981149353077,39.46079132328002,NORMAL
167.26069586335439,4.802672365298707,65.94731954068263,33.04518432736725,NORMAL
162.4426302691416,5.488501267359146,64.94598805283331,38.58514994058523,NORMAL
162.3815565579598,5.756059745381172,71.38398594847237,39.95878774033331,NORMAL
146.32658366231755,6.771947573129301,69.67025147056084,42.7122638361863,NORMAL
148.319773626561,6.469155019894114,75.1518172050155,33.523832457538866,NORMAL
162.92308774923382,6.393609891308295,72.39086722211655,39.388478138437776,NORMAL
155.79308392651546,5.214903757105639,63.38169502503181,41.906492819137625,NORMAL
223.8261916659829,8.667727980861054,65.47037358770922,38.6818274491075,HIGH_TEMPERATURE
150.1052387740599,4.676739426603869,67.60210374650197,39.389203883227815,NORMAL
165.8011432996806,4.688188957548763,68.53592011637014,38.644766177312626,NORMAL
171.5995031169128,6.811367510865929,56.75777776119348,32.653858905122334,NORMAL
157.6734121816285,6.295015518388737,62.84857639092528,38.58856897623587,NORMAL
176.0502321244714,5.154067642867037,64.38176350910506,34.78974471199411,NORMAL
156.25340913690093,6.547762726470679,63.664647308084554,37.98945462542952,NORMAL
162.3392267138279,6.893956743530646,73.91928418950373,32.74031057960838,NORMAL
162.03377464430352,4.990273204408038,66.23578552038852,36.36289963415265,NORMAL
177.67477936757467,11.42642206157265,61.82945015971088,37.4504658913766,HIGH_PRESSURE
172.03518379890264,6.546652104676432,69.32903607466388,34.91323512655387,NORMAL
165.5242606466404,5.78772567941264,61.11756473997943,33.22113642478167,NORMAL
168.6776476401199,6.52907505293186,57.25467990071944,34.50107190270774,NORMAL
163.94217074775062,5.32690422621472,63.706352287174,37.821804257030145,NORMAL
223.85588381554206,8.241576980220733,68.19868801157348,39.2733580648478,HIGH_TEMPERATURE
174.65218899520397,11.254350312189386,72.94260471795525,41.06374920762257,HIGH_PRESSURE
164.24800980616973,4.83209480544002,56.46920117312915,34.21517937583513,NORMAL
158.61477313796132,6.407646825156986,71.90867031827905,42.62251906461145,NORMAL
231.06786493568836,7.2531311434386305,58.83935303281157,38.75554279098466,HIGH_TEMPERATURE
164.45408075891416,5.2845135445594345,62.2857651250251,8.24830619907548,LOW_FLOW
157.61216176053358,6.2666544627939995,62.40961313378303,42.02609103723343,NORMAL
164.12218038644568,5.952860143033593,73.13167851107838,38.296524365178946,NORMAL
167.58772040760488,4.820397362787704,72.95939817910806,35.69185427718062,NORMAL
164.55451957880004,5.732945786207402,60.56354143919589,39.67813351155196,NORMAL
173.39338897153078,5.30354588932857,70.64683811564177,35.990351580863,NORMAL
168.79757670770562,6.220739412450604,65.0038685461737,39.0373757637746,NORMAL
151.9680194795176,6.26989116388393,58.04857470028922,39.77982713218243,NORMAL
161.6771419185625,6.078883840290878,62.01894791662539,37.88393519875913,NORMAL
161.82468927009768,5.716050157241014,68.37659328996554,35.523905611727706,NORMAL
222.74614812789213,9.383056624773111,70.43481351749209,35.383283682797895,HIGH_TEMPERATURE
158.11326657181144,6.382871660511227,63.78038621176026,37.44158448303894,NORMAL
163.0517756662011,6.024605405573356,63.26167894421995,40.40174087434647,NORMAL
171.13493834663248,6.363349499045269,58.61913855805701,36.606605672958516,NORMAL
161.44702836507588,6.992649387887335,66.30278436252264,40.79233623297399,NORMAL
160.58380216790738,5.417679135235329,73.57740119840123,39.2296144677777,NORMAL
165.47274666420014,5.70665120499797,69.14850307865078,35.63869100421611,NORMAL
171.78298631597875,5.451911273277138,64.74506410361202,35.39201161204947,NORMAL
224.71020475924655,8.392930468167561,63.325529389540336,35.823808186572975,HIGH_TEMPERATURE
172.3601361246292,12.348915299779817,68.19264752129942,35.041527206412105,HIGH_PRESSURE
167.7119560837986,5.6018960986136515,61.379602190625896,42.169277645323454,NORMAL
165.80749433388124,6.144683050747217,65.90025235701187,43.44426288184644,NORMAL
171.36622407795386,5.774584159953306,66.12878671542376,35.60367134431093,NORMAL
165.57614113533643,7.44975781945163,70.2755936579911,33.29469065534012,NORMAL
153.849318783723,5.740874692565951,62.64982209136839,35.056501485750275,NORMAL
167.53195409338647,6.775843304516027,62.83559063409514,37.728679559019156,NORMAL
170.86442874403502,4.722769754066966,71.20366624570606,38.018575929328,NORMAL
162.56196772470466,4.5193112608550665,51.07895811526738,12.0,LOW_FLOW
182.0339768962264,6.738469266303506,70.8397915800618,37.36676055896141,NORMAL
155.2777780336039,6.445732171380751,60.65406374887164,7.575882653062957,LOW_FLOW
167.4909850329733,5.830277021873373,67.11258768148963,38.07662062517072,NORMAL
170.27587371401518,6.0549290547239085,67.43694509571175,36.30716761426957,NORMAL
160.28911516412987,6.99975362467346,10.987994176729176,38.23590405768011,LOW_LEVEL
222.15813972813746,8.507539865353035,64.78486991519713,34.90151040346469,HIGH_TEMPERATURE
160.96833806871513,6.618379698252699,75.79311863450428,33.70656261524454,NORMAL
167.14032228901243,5.634343548531094,62.566296516670846,37.67360101422388,NORMAL
178.90626627600824,5.488805460532368,64.83570594498072,4.484413447752156,LOW_FLOW
225.94402697818796,8.427597595908413,62.53312507034595,40.628697720041686,HIGH_TEMPERATURE
165.73883230603568,6.4697086990477,66.24093297238348,34.1752035341183,NORMAL
226.7601920395621,7.121339501677043,68.07714207594383,35.754937938680605,HIGH_TEMPERATURE
157.84994929364422,5.462514441205752,59.45636932853856,39.982022966353846,NORMAL
154.4946582544005,5.892027220822734,61.042448495211495,38.83116001516998,NORMAL
163.72652102895952,7.1691962945514245,59.998979000071124,35.25634522171691,NORMAL
158.17845508292143,5.300750504199769,58.40562880486608,38.45068784442306,NORMAL
152.04102404486585,4.75278725062923,58.4394523457094,35.801766957935875,NORMAL
174.41929511182155,5.312281318932686,64.19300462701723,42.27639251974828,NORMAL
165.32269124443752,5.357453336435368,71.49746473360244,34.08314728426916,NORMAL
162.8954126043492,6.119031869992445,57.31713077155123,36.65573172557389,NORMAL
169.97962891066277,5.225052183681614,67.49195842371773,7.199750633487282,LOW_FLOW
169.46812145286052,6.581942935713394,67.95765022764363,34.568429208203405,NORMAL
171.15916785019812,5.958065843625986,55.438786722405816,38.202826396334615,NORMAL
162.4567476109723,5.830252245545377,68.66658932300166,39.994475485860576,NORMAL
166.62565546715123,5.499401350061984,70.67455216188597,34.957502105060954,NORMAL
158.36899869759782,5.100372535281587,64.11104494363086,39.82875704423798,NORMAL
158.40415027447008,4.844018717303944,60.12836531691544,42.360614393772046,NORMAL
166.69690960904978,7.141193235509854,65.6355887868224,41.66541502142236,NORMAL
161.97371826108636,4.81860261370963,57.843305258837816,44.310670160545854,NORMAL
167.07430113227926,5.402765476606208,64.07618139994825,42.153987073978634,NORMAL
176.4430529597637,11.17540407716102,73.97825599167577,40.782603963888235,HIGH_PRESSURE
156.90161696417562,4.586043716142808,70.77237623829612,3.3479911792539427,LOW_FLOW
166.40023237113036,11.05726837788509,73.86476527074744,38.343053022961335,HIGH_PRESSURE
162.8289880565462,5.51384054785116,59.941356353743494,42.19708196556986,NORMAL
150.2470363906598,7.243423508628406,63.274864379595314,36.45210910858351,NORMAL
158.5983064271852,4.641080115581862,66.64992046088517,37.17602034557707,NORMAL
157.66918909503826,6.521764849403999,12.757890127509887,37.06309249816932,LOW_LEVEL
158.54720876554103,6.539687112435204,67.52948530001456,35.95456080405372,NORMAL
168.22133957744748,6.3277393392163015,72.13896831940079,6.232107488346495,LOW_FLOW
154.70885331933042,6.470910564948422,58.802577059484854,35.03727163211369,NORMAL
147.78107341716571,7.295758951554774,60.17639717379302,38.249161767186614,NORMAL
157.8815680852127,6.529540700445147,61.029380296270446,37.39246239397155,NORMAL
167.47696065527333,4.891048562789703,65.42140425636748,37.48057109297239,NORMAL
146.3832016244375,5.115374776415435,65.89288547224106,38.29323929878826,NORMAL
183.04761032459345,11.68497488690586,71.65680596207623,36.40636168469057,HIGH_PRESSURE
164.71141947200726,6.6957300474563635,70.74112351302516,6.925704647423491,LOW_FLOW
222.618024607124,7.4179213337860235,67.28680977178239,35.51820085006428,HIGH_TEMPERATURE
176.75779011606835,5.4083841310111564,63.441369935224444,41.37115058552525,NORMAL
165.2473382242616,6.675739478569943,70.29580865870929,36.41370272778984,NORMAL
143.00259184295538,6.5269612760592395,62.94080245875932,43.82786038645891,NORMAL
159.0310681364582,5.623706800826234,58.51280484280284,39.29420059304006,NORMAL
157.31202926460543,7.382041343662456,68.93685083222144,39.07878936285106,NORMAL
156.67531157990052,6.471816241621338,59.041387784566396,40.152675237882995,NORMAL
164.57474809544192,5.387900113645664,69.05746870986661,43.40151795032726,NORMAL
162.2130450941274,5.63228509746011,63.62705203466618,42.7526209621335,NORMAL
146.51917250693884,7.123086997224748,69.55353756662582,41.01336895661582,NORMAL
167.86767661093415,5.891813676169152,72.65645088958297,33.74068685967726,NORMAL
161.41001132792704,6.165700345886564,55.0726726704224,8.173878420311823,LOW_FLOW
167.2675314859571,6.515696214445982,68.18075079923038,37.370124691693,NORMAL
163.56310868934833,5.781533275967596,57.14800464319657,42.12459441712474,NORMAL
180.81580294490544,5.731530544744743,59.04889452922879,40.22101181688468,NORMAL
161.95368899749872,11.903509561170152,63.44449215160944,39.56006009211599,HIGH_PRESSURE
245.3766331549439,8.483150744544492,62.375089805418554,36.87857041362205,HIGH_TEMPERATURE
166.3248972018612,6.064908343656767,63.76776130040949,31.456532555808153,NORMAL
171.97143022358551,6.6326600905810045,70.26589033944084,36.293713575796055,NORMAL
164.77146098159355,6.7742073072534055,69.47932678147899,6.702172148820395,LOW_FLOW
157.17980319740508,6.359331339883786,71.68839330505376,4.50180227304903,LOW_FLOW
164.27744791795897,5.591337604420717,64.1299908445722,36.45835045629804,NORMAL
166.82768545385858,6.917656844920508,74.31613415946121,35.67926489873396,NORMAL
151.66191706925366,6.608065159366662,13.549701149260015,32.73124466626958,LOW_LEVEL
158.93124158239675,10.5,64.08234239657722,40.638007392315686,HIGH_PRESSURE
169.38389070672193,11.603832735511658,71.2861610009844,41.1525751907462,HIGH_PRESSURE
164.96141423560482,5.502541329896313,64.2029942708381,6.282656590426796,LOW_FLOW
162.75413279319432,5.895536840374008,67.19062746220473,38.41005888171697,NORMAL
158.80391950789283,6.48720335065374,64.9644312434831,30.665110024880104,NORMAL
156.68047570606888,5.275966710908319,59.882378503371804,10.429214584643251,LOW_FLOW
155.43485530639092,5.038458105543619,66.66457194898258,5.796816179027526,LOW_FLOW
159.78340344477763,6.299947535295267,71.48181898655511,37.47207752579157,NORMAL
174.24249628885357,6.220477101006252,64.58741132092199,30.6575484454368,NORMAL
173.02206260243685,5.5002034319357245,62.59369459765392,45.303598006547475,NORMAL
167.5179704447167,6.42169357017836,65.46764641971605,34.62100741942227,NORMAL
168.42237118597706,5.409301447356963,64.85472681887275,37.185138072460894,NORMAL
163.5899278350613,5.751314144159704,9.789881159293158,30.069516395452567,LOW_LEVEL
170.01995117337475,6.408342946315222,71.35650558108843,39.81704267009101,NORMAL
152.55328470668053,6.616214866464794,61.59288847059378,31.814671092670814,NORMAL
160.8537612610698,6.391158496499621,64.15336151615763,38.051422003919605,NORMAL
224.7083301363827,7.276812780505954,68.70502179767408,37.50913345917031,HIGH_TEMPERATURE
162.87711913348596,6.135812214645794,69.42688776449563,37.373399702382166,NORMAL
169.20466863882723,5.583366748890337,70.5892186507812,10.185348482598984,LOW_FLOW
170.99051108785983,5.6721743386800885,71.46311205169673,38.330292785643685,NORMAL
158.89999133626947,6.950034182696022,58.173702716145286,6.397817705880486,LOW_FLOW
174.12202624755423,7.0247484831600335,65.0637168260203,36.72997481199717,NORMAL
151.88488075628345,7.147957304805919,67.01309339684545,39.608105573679715,NORMAL
169.5475544447569,7.276353380890265,63.79057234180445,36.208300976257995,NORMAL
179.28254715379782,5.737223453155838,67.89747043967769,34.60025964294477,NORMAL
168.56857761185665,5.935570222965279,64.70186183804793,35.14871625220893,NORMAL
181.9606461684063,7.262428529569064,61.466678604765555,36.9436509698351,NORMAL
214.77023427502647,9.071718263313336,59.239504195653595,42.147089637353105,HIGH_TEMPERATURE
171.80688723087354,5.4988182526920975,74.1794449876511,41.505493926298115,NORMAL
168.17787242383193,5.149465331048289,63.051160852614224,41.186950465360525,NORMAL
151.3752365700417,12.0681299826126,69.4542822350907,38.488010457681575,HIGH_PRESSURE
226.397166594243,9.088626478920942,75.54352180853229,34.15903529109298,HIGH_TEMPERATURE
228.06306362162834,9.291286698525301,64.83864386692528,35.594477861543986,HIGH_TEMPERATURE
172.5223157190687,6.171748464000691,67.45874096100835,43.56562451560475,NORMAL
151.53704182707355,5.266100650225832,66.71801131179855,35.26570531140964,NORMAL
175.21584665758434,6.795080894195091,63.49938006601879,38.62565631684763,NORMAL
180.62877932777315,11.924972791872799,77.0782096320702,42.501563326583636,HIGH_PRESSURE
167.0465046141133,5.964865731574029,68.66357382213695,7.410886768605652,LOW_FLOW
169.44116545555866,6.425104557490511,67.01473929957177,36.23878939008817,NORMAL
161.6042983217448,6.146775516364043,70.4249226754198,37.78893325218614,NORMAL
161.10953672741334,6.948010325853936,68.83676277327542,39.81631105739116,NORMAL
176.4657160528494,5.627085028875308,66.51865915419704,42.406981448696854,NORMAL
168.0535242758369,6.282995568134944,61.19552422753605,35.124309124338225,NORMAL
167.5846660635032,6.395423984819249,60.6806181252261,37.48355503798463,NORMAL
159.95933991795465,5.789777418787249,62.27220904712577,43.48760689359569,NORMAL
165.09161033336522,6.271695846315725,63.31046075955879,40.4780446924865,NORMAL
174.70306953378525,5.226356611427737,66.63841843513971,35.35866925097615,NORMAL
221.70217917809867,8.503208198104787,68.39044437145456,36.66756747737919,HIGH_TEMPERATURE
173.68487522379246,5.471429120246039,58.68205718999537,35.93049577946828,NORMAL
150.9039981039711,6.394472547488189,68.52141510199752,36.20920679359661,NORMAL
170.6522601031826,6.721989144058494,61.45188122952941,40.81737129651735,NORMAL
226.92845183077168,6.8763197542230206,61.00912937122873,36.042857570025845,HIGH_TEMPERATURE
156.97346087710653,6.006968910004197,65.17534756750695,40.20910858629406,NORMAL
167.1607634735783,4.751392578333811,65.19656506151377,47.600728941551196,NORMAL
160.1598531741076,6.936298533903825,12.08772799157883,44.39495727226988,LOW_LEVEL
158.42486582765568,5.728066222067251,67.01814586398952,38.02459101292946,NORMAL
166.46587549777524,6.431555419727462,69.43025676330346,41.9739670296459,NORMAL
165.49363707240295,5.258953912432412,58.10700806155659,38.84968933173009,NORMAL
160.17824509575823,7.046880810641214,62.69954539928058,35.63050600420503,NORMAL
216.61267886700662,8.065232923528981,56.350481991804266,40.4043992762436,HIGH_TEMPERATURE
211.27760331916204,10.001076183717123,74.59338348953546,37.38529292274817,HIGH_TEMPERATURE
173.52784184630116,6.00150435629938,65.9109485044177,40.20724858928186,NORMAL
170.97477448507436,5.2791146975557135,67.24758572826042,36.67827555160077,NORMAL
174.43470247775366,5.47568257051692,66.85567301354892,35.90661963659702,NORMAL
210.0,7.601862518519677,68.63925085400297,36.48986924240097,HIGH_TEMPERATURE
157.5734069536878,5.639927686124568,65.87002494520479,38.726830966595635,NORMAL
180.84959998949572,6.702036908263654,72.98724153032208,33.4815806953018,NORMAL
169.08110972490752,5.884156863758393,74.51730149910573,40.90050845352763,NORMAL
157.7485515257827,6.432579530287759,54.48980082005085,34.88040348266137,NORMAL
174.99006217928405,7.039865042051009,70.85035495193291,39.1270427675685,NORMAL
160.73498403618368,6.446792212911773,65.87116690148743,6.184188175347106,LOW_FLOW
232.08521886236855,9.477929798888916,69.9402159556638,34.581971409312274,HIGH_TEMPERATURE
170.04640131316816,6.9803307130384455,66.43004616576388,40.728900210156006,NORMAL
167.12066760497336,4.578916566754603,58.95459149511975,6.567037002175337,LOW_FLOW
171.7693877042229,6.014011831528454,65.3523580824424,34.97593844860532,NORMAL
158.27240689063635,6.150401922226354,62.95424175140773,42.42375832197588,NORMAL
164.74020540866036,7.1145505950313375,56.965206757227214,36.883570341398375,NORMAL
150.92104522487415,6.45830097175485,12.853859121877548,36.72547361471173,LOW_LEVEL
173.1993735450032,6.560950065448884,67.82292056658295,39.10512327922117,NORMAL
144.87123843381787,6.222262724952029,67.68465236326132,44.25748149032961,NORMAL
165.55504908106224,5.492224019660232,63.7949337810727,41.872272383235426,NORMAL
169.304275519426,6.328675456911078,64.44991604622103,41.90434921165851,NORMAL
171.94220416420944,5.01204278214656,66.3604587158787,35.14984752187286,NORMAL
161.37904848276844,5.057943081746495,61.91544450940841,37.34251309250103,NORMAL
218.77368251783895,8.048577010521944,64.92776956632392,42.5563946297029,HIGH_TEMPERATURE
165.45197353594585,6.826858735090494,68.92042273291803,35.35611184688131,NORMAL
168.19282564238603,5.341825079779847,59.81300447266577,40.76043963839326,NORMAL
224.24733584342857,8.236374687417479,66.44631818925305,33.69757601202177,HIGH_TEMPERATURE
171.0948381923397,6.993234234086713,58.404442723379915,42.69534004269227,NORMAL
160.02884405162305,6.8011780975155265,67.39321832330891,38.04389991699614,NORMAL
177.757395362891,10.837780784415287,65.90881173155397,41.69946412995294,HIGH_PRESSURE
143.92228877427624,6.269663724148134,10.552830796150042,35.418630331283794,LOW_LEVEL
170.94603336962754,6.00387179704049,71.2632745277851,40.575303367389445,NORMAL
164.20476529401492,12.132583470871475,65.95930960497671,39.44140129100973,HIGH_PRESSURE
168.74255826327726,5.970497230401117,56.981139223716504,35.712201197781134,NORMAL
165.10011007537224,5.182050060564472,64.69925324609221,39.54995924844196,NORMAL
165.4135865714289,6.970231024270256,66.3050575649905,33.68677758872657,NORMAL
166.1394058885645,6.867194919271421,59.38829814623722,42.51783237193695,NORMAL
234.13883810807044,7.756966171354634,69.710632959156,32.372692209776254,HIGH_TEMPERATURE
167.55232973073072,5.680938315521044,57.946724492310146,7.806735028635767,LOW_FLOW
157.39571034251406,5.710839528637375,60.100222515076894,40.88893026495969,NORMAL
157.1035587637049,6.162572614906701,61.07551680496756,36.40541525272,NORMAL
164.72420107972295,6.412545351146838,72.03448785492941,43.62086534809324,NORMAL
167.62929601825985,5.069076284291593,73.57628551331285,34.95943512771897,NORMAL
155.20236177879568,7.232616798022613,65.53789404783384,35.64669347097571,NORMAL
168.2618269569443,5.722892123792059,69.32681479663448,37.086745279407886,NORMAL
148.3247827600922,5.497749704440241,71.76225188546175,40.96908814371483,NORMAL
152.1595521679686,6.055582670637003,53.9038908932792,38.96356502666731,NORMAL
162.9911792957047,6.693533214197499,58.77708533659274,32.182933667465,NORMAL
147.82168776209076,5.3821933466549465,65.97654042522782,43.19158386535658,NORMAL
219.38716419237244,7.724994544996869,71.9608852056826,38.284513092470085,HIGH_TEMPERATURE
173.30631943187055,6.647709694778703,79.6182167880233,37.42552840743737,NORMAL
142.50122405195182,6.433897786228573,57.73470901825156,34.956546660225655,NORMAL
166.46331784102964,6.317156052281434,58.99234853851535,37.281284325635454,NORMAL
178.94897493833253,6.2822759594192155,62.28086015361754,34.063204707495615,NORMAL
157.15120506025428,7.230638286719424,65.53479021933603,36.48394698380868,NORMAL
161.73815382716452,6.603833322259245,61.516847393168824,33.3118099785824,NORMAL
171.60570913140248,6.171866506696524,66.39095014681186,39.5673645836285,NORMAL
149.42155867448147,6.591416018363197,64.27589460995176,37.261760792520455,NORMAL
155.46014458574018,5.355891954039932,71.96855574408659,38.67277461839997,NORMAL
176.20705488250374,6.2929145582894455,59.065567626696435,37.72543079942837,NORMAL
168.63196505157566,5.475073478033765,63.76345747196223,39.650716311869616,NORMAL
152.06432479868045,5.332847244339016,61.338218594926914,39.810710971055066,NORMAL
163.43996497876464,5.789227483405122,70.82455902712522,37.46637021597088,NORMAL
174.20152293445105,11.971261268679742,66.64615968158968,34.142166752888315,HIGH_PRESSURE
156.30745712327527,4.946410440130543,60.97694271834011,39.9576641072406,NORMAL
170.33973572427232,6.784826184612339,67.10361187806461,10.21776331036129,LOW_FLOW
153.14268927059123,5.709719402614466,10.890131049894942,41.000992511941035,LOW_LEVEL
161.27485218707233,6.018474556835683,70.06888113968989,12.0,LOW_FLOW
161.73439481120738,12.830075808722691,64.01680861224017,39.00236663216757,HIGH_PRESSURE
163.25576697516462,4.491075184991515,71.67691348850063,38.24578176539093,NORMAL
155.76996597008232,6.464969999497666,12.131568108902837,34.043304729986446,LOW_LEVEL
170.22946707071017,6.691407942498948,59.543640550424776,8.216833077047388,LOW_FLOW
159.97303113504418,6.045128248271871,58.41590691686247,39.623321513422916,NORMAL
175.7493245635501,5.824937526110641,7.583547339809759,35.461172046477685,LOW_LEVEL
153.62358587087894,6.420567384320839,58.644266128217204,38.76272880883454,NORMAL
140.4157578334296,4.5362420098043605,68.14700806031033,43.13172772697676,NORMAL
164.8853279639047,6.2708005540599805,69.03039945640309,41.58414567497236,NORMAL
166.91680705185718,6.271299343793824,74.04752907030377,7.912003970379326,LOW_FLOW
156.97777154976708,5.823476615213057,65.10347992123181,33.62973164925211,NORMAL
161.98724221581213,5.90097023446608,63.673183134423134,42.161858801440474,NORMAL
156.25010350626664,6.982769237485009,65.29043203295886,37.937511796532455,NORMAL
164.3111947854316,5.566032435275004,60.92184283176724,41.57653151456121,NORMAL
167.69298965301874,6.8335957309806625,64.33543917933461,35.00917023477098,NORMAL
142.77604575417143,6.885345892935025,59.48386617555236,39.229136017530514,NORMAL
172.89924116037122,6.369613075786166,70.63108115889175,37.26763964455014,NORMAL
180.52693551345496,5.2792624493498135,70.77452914121349,35.25571043340337,NORMAL
158.68195135900177,6.448924971925749,56.43978303125127,36.855839023430775,NORMAL
156.61126684137926,4.68478676351411,63.97882399857427,33.46228067696621,NORMAL
185.0,5.864418720845263,70.50380916828942,40.2783896033266,NORMAL
163.27880667383096,5.291579699358425,65.42676108809172,37.24406414334558,NORMAL
165.0964254448146,7.776938260599566,65.81978496721194,35.41538896209334,NORMAL
170.82026954900638,7.412677389729048,54.349636781207394,37.67605795496506,NORMAL
174.60245006607457,4.054931250833764,66.7390434108629,41.93561665228644,NORMAL
155.7033638981257,6.102365939875855,64.94767602844769,38.035483157404926,NORMAL
183.29416629632803,11.718452684780623,68.52522406009918,40.70854530925826,HIGH_PRESSURE
163.08401091530604,5.324746803993388,66.39319880156908,39.446497244748976,NORMAL
171.70791362989075,5.366377460279497,69.13797636781712,36.481540247754204,NORMAL
216.49163292034785,7.822430188709438,67.42747522579732,40.641940553749926,HIGH_TEMPERATURE
174.94264307094593,4.847175262565935,66.0302975759305,44.54633195586024,NORMAL
154.05796880962353,6.144996541659957,57.90844952603217,35.58383203732465,NORMAL
169.9155209831398,5.0883750164299775,67.51585938754563,38.24085962302213,NORMAL
165.40957553483778,6.850671222229907,63.68766341596467,8.579649098173967,LOW_FLOW
171.43656241267868,6.855030540145299,67.50595611454061,34.94084570865007,NORMAL
172.64549300530697,10.5,56.43803620054761,40.25815033631641,HIGH_PRESSURE
163.58686569166173,5.371277395845804,12.087675965685865,43.47921510183617,LOW_LEVEL
172.65150789627415,11.388809739061726,59.190288588499214,30.66429120901459,HIGH_PRESSURE
230.25337166517062,7.535234941235075,67.22699002519848,41.39989913723942,HIGH_TEMPERATURE
175.34135676629813,6.298800764107243,62.47231584071575,8.165480929307925,LOW_FLOW
169.4020299442696,6.778410218695756,79.79167334679077,38.75887114481889,NORMAL
160.95064586646131,5.0940040352615625,67.98169250297066,37.670781207547904,NORMAL
164.46437461681438,5.429998712848702,63.210323729011776,41.1538605955234,NORMAL
171.52252857737307,5.067517799413096,75.66665365216097,42.70192731838964,NORMAL
158.9828743943345,5.33288218586657,61.36755163649677,6.585466623454436,LOW_FLOW
164.55619186994932,7.062788238935815,65.17751082736652,40.84230690966222,NORMAL
155.9777538808663,6.141622726390849,60.378702945916764,34.05031453987376,NORMAL
173.38423662093803,7.736109427139573,65.8408711239067,40.10878332007083,NORMAL
154.47976715569797,5.059671494126415,72.930277660482,34.104427262450315,NORMAL
174.35335195505212,12.107354806830912,65.46501732089904,37.6947562419905,HIGH_PRESSURE
166.5654812290148,6.06418802418863,12.084942888030689,37.78558522507313,LOW_LEVEL
161.23701876565764,6.02182491406524,70.01831244368896,36.6799647021319,NORMAL
166.4514511836029,5.534424279580443,65.1165482402748,34.74175062816852,NORMAL
170.63352276098533,5.643333056309065,61.25473312841784,41.18056270765339,NORMAL
173.57043631143694,6.950136308799864,65.50825624460654,37.79544875622246,NORMAL
169.5065045881314,5.536793481268298,59.59139007646635,38.532073710981344,NORMAL
155.40791685987992,5.6584260005566085,60.078344482138576,39.50599126374883,NORMAL
164.27768203114547,7.373016276634553,72.2448164308223,42.13483374750781,NORMAL
161.83265628471523,6.067065257809129,66.41123560883575,41.05020292171751,NORMAL
162.74904006475438,5.9408161492364515,54.77062884870888,38.1177562218501,NORMAL
174.56787342705417,5.751921439064299,56.32231243320604,40.324513264377266,NORMAL
167.68673005546418,6.590341424347485,65.20736268175862,30.561732300308975,NORMAL
169.4316280479626,6.125028288626348,70.39784392450122,33.902950798120465,NORMAL
157.448371802224,6.154830539738817,65.66993650928984,41.60077034306036,NORMAL
155.75427215039628,7.679553041319306,65.22339116102843,5.326830376142899,LOW_FLOW
179.7404274923791,11.486984269384163,68.55633092052337,35.856178089042885,HIGH_PRESSURE
229.07476773489276,7.914538211260321,71.74445464827032,46.695527955793615,HIGH_TEMPERATURE
161.2038965310477,6.88443834092762,66.10606701196255,41.436018291602316,NORMAL
174.358544231337,11.357843984042663,73.72343444725216,33.40195290097815,HIGH_PRESSURE
154.76127233887985,5.926510705585883,68.34404253759136,33.028582316302376,NORMAL
155.73317350316248,5.858354915477091,67.97016463780977,7.638744064876535,LOW_FLOW
164.6656221769959,5.82896662610843,54.870866204193085,38.68127148013658,NORMAL
161.2278015404004,6.2655410444264295,65.79955619658757,36.966574241952664,NORMAL
169.1117769421483,7.576710085767933,69.35999441647319,5.525656074125078,LOW_FLOW
173.31402887707247,5.838277888137781,64.45678912977425,32.52268345449999,NORMAL
168.1096472652864,4.9493940806043515,12.913219078898498,36.46706580945159,LOW_LEVEL
167.08603507312932,5.744431416792472,65.93239358862374,40.07350560577366,NORMAL
166.29535493828055,6.784703084841412,70.7001105602164,36.24521656929952,NORMAL
157.67900272416398,6.235580956993186,73.12013715673679,35.640608879675554,NORMAL
160.91332352757587,6.929441026859953,60.860400061589495,40.6675886871337,NORMAL
146.7540972370246,6.01172549635022,67.08053574141856,35.24489228929976,NORMAL
168.61414880752787,6.486764003502454,63.81860682258406,43.09741832878987,NORMAL
172.59117843794562,5.522276793734666,15.550679769227465,37.65430297663536,LOW_LEVEL
166.10564103482625,6.791950006577323,65.1202885153159,42.05799228396626,NORMAL
161.13767873020285,5.65292232233158,60.09570971481491,43.288180153187824,NORMAL
170.63318513311827,6.414260713251705,69.30393234924617,35.34254045714122,NORMAL
165.5633530186183,7.082627987534502,70.4864724163506,40.1198839515126,NORMAL
210.0,8.388079446745888,66.36174543374634,35.22543668327114,HIGH_TEMPERATURE
153.62618122370029,5.841154296520729,65.90816230764176,39.92883018035514,NORMAL
180.1730676495874,10.932232966043843,79.58925420958903,39.57929081763643,HIGH_PRESSURE
174.01883809313938,6.321881214525378,65.17720864853163,33.992891480894016,NORMAL
172.1940716772492,11.042549074744581,68.5275474064177,40.32070030430434,HIGH_PRESSURE
167.43493383224208,6.140327404753376,62.5986248568779,36.85987766749034,NORMAL
157.86776436262372,5.150338819736151,58.10701171602687,41.43784850418051,NORMAL
158.98370997078166,6.5437785070545225,63.20186520108194,39.12713796173953,NORMAL
161.3292760548056,6.42052161401933,58.95862880286973,31.499794870629152,NORMAL
162.27282736443985,5.508690647514322,62.091509696152016,40.12161258280906,NORMAL
181.9892840775953,12.25486348539093,63.26751693137174,36.35072190272756,HIGH_PRESSURE
163.7101645505536,6.198332665549844,59.6010304723557,38.3588944973176,NORMAL
162.95334342927342,5.441298006649496,63.807662813305555,37.2264520937895,NORMAL
163.54325694602295,6.357181002287465,69.49526008721892,7.553762145524485,LOW_FLOW
174.01203880994345,6.4563367428230665,16.16328626483566,37.27131191520028,LOW_LEVEL
169.83833266040455,6.0515123777136335,56.02498443648325,35.24498675677686,NORMAL
155.87834514679074,5.509445172356741,76.56033275601482,36.230393913478046,NORMAL
171.83507728542696,7.216279703090966,65.58014198643436,41.87342115460444,NORMAL
180.5220444902214,12.048701333402912,60.82348026518417,39.664830806047796,HIGH_PRESSURE
177.0159214904098,5.3249941874408435,10.497939737347519,34.94278308394407,LOW_LEVEL
168.5084238777849,6.49266535451095,69.71605282723615,7.332238812337514,LOW_FLOW
166.19316638768,11.166015468981788,61.12883964979839,36.341365688564935,HIGH_PRESSURE
167.90610463398025,4.62265256231567,55.45500455694471,35.995694721271235,NORMAL
154.37283835629512,4.971700433372021,64.6834487357777,39.34876107389992,NORMAL
188.797181676724,10.733462601485943,70.3283403451531,30.513339495045958,HIGH_PRESSURE
168.12580020871115,5.630533597548074,64.27312201052919,36.095860678816386,NORMAL
159.83522718033862,6.278428133252746,58.3930291807471,35.797697299309455,NORMAL
160.62940513189866,6.358859572654643,66.47675198310527,36.81375052489355,NORMAL
228.22226059032943,8.419062408518382,63.563069185262904,39.610451882415745,HIGH_TEMPERATURE
169.0404084919755,11.158374581406429,70.14256901741265,36.74045042325277,HIGH_PRESSURE
158.90309847938448,6.362066418363765,11.479888353896838,38.9313281854107,LOW_LEVEL
153.69193121401452,6.758776370704165,56.75833679648315,34.152223999104855,NORMAL
164.7510369478748,5.785698094153533,67.38128094843712,6.527584637850414,LOW_FLOW
190.37117405037574,12.069234943139023,68.5372289978499,42.355808901885574,HIGH_PRESSURE
172.74596473897034,6.2812237958633474,61.1886716236806,42.13027910690245,NORMAL
168.34437323039654,6.5915954407146,7.825713961185517,33.16878840528151,LOW_LEVEL
160.26559938601383,5.874088066094981,63.01839440046598,7.216980222189696,LOW_FLOW
237.50209400194768,7.214411935099057,64.39425929352669,43.82575840786554,HIGH_TEMPERATURE
158.6469096797966,6.802193215818792,61.62900490901008,41.77801542863596,NORMAL
164.8526822332775,6.589492079373442,11.002808554043199,32.842556463436075,LOW_LEVEL
160.65561448201942,5.243611271076761,16.074469094106842,40.94356086291205,LOW_LEVEL
160.68982945905805,5.3740018846825635,60.54847842056352,37.92114812737367,NORMAL
160.30462224599114,6.081717217753652,54.97364439165776,6.557535034000915,LOW_FLOW
164.48483488587482,10.5,61.314337772617556,33.81984136289756,HIGH_PRESSURE
169.43101056223065,6.604481855411817,58.23002882002794,36.17845722332689,NORMAL
168.58172024076055,4.9713908066962205,63.386627312704725,37.84904951218187,NORMAL
176.25985489050973,5.665167066950423,70.18397716250104,42.111675564214096,NORMAL
172.01234883265215,5.826103754420276,69.44993516283417,39.07564543871021,NORMAL
170.08674670612746,5.472544876400222,66.02420830918285,35.70465663096834,NORMAL
167.4180657478837,5.605493134027252,77.95342918030747,35.66861055441611,NORMAL
185.81367284297963,12.305150653004153,59.723098619571445,37.24102170675471,HIGH_PRESSURE
169.5357652766698,5.807727735027844,62.813923165694526,34.6670881053437,NORMAL
167.89450355683985,6.129704062484141,67.41877188882525,37.59239296730988,NORMAL
168.80102453878408,5.706291310144299,61.56976571420288,39.326143053005936,NORMAL
159.52538005547262,7.466840921303329,10.27228736180238,34.909941287003036,LOW_LEVEL
156.41107416689945,5.983063578238052,72.7881837200837,36.32169852611388,NORMAL
164.2013233560364,6.368806609989932,69.26856373563884,43.67770458741802,NORMAL
159.60630030620393,4.85853966442542,66.53300254892912,42.77666750281682,NORMAL
165.4276633009398,6.013755066595599,67.43022534133911,36.09934749346583,NORMAL
172.55532694832218,5.875259339995884,65.34876142111743,34.14612464115545,NORMAL
147.8999952313553,6.14224023667045,63.31720892435322,40.7023737724671,NORMAL
219.12959343308788,7.089205335951695,71.91589845280328,37.3688018482808,HIGH_TEMPERATURE
170.06294658845832,5.271214972825176,59.73903899336826,38.696111995994954,NORMAL
167.19073918646765,6.248985367479597,63.43021375081873,38.79894090241834,NORMAL
210.34317649696112,8.047914781103575,69.51367990977877,38.55697376897711,HIGH_TEMPERATURE
156.55652975235438,6.810631287659285,78.39914098207788,39.00697447846171,NORMAL
167.42481507960264,6.205324610179856,71.92231442409918,40.14541821196978,NORMAL
162.73469336890795,5.63166507780569,65.48245741278916,43.727501849944105,NORMAL
167.81544616654926,6.135688556087357,78.1319504267119,39.659448863984,NORMAL
166.03984037213877,5.582880986169316,15.07791597828577,39.74017337874945,LOW_LEVEL
178.44620622167162,12.003241974675142,68.12401667512754,43.40406745028819,HIGH_PRESSURE
164.69795972441176,7.406865424279789,65.09259207636664,37.49822796721122,NORMAL
159.97929970850464,6.26492685750509,63.18262498019338,41.707840816802175,NORMAL
161.46646564661606,5.557340729508924,66.12790903353182,38.23272982134706,NORMAL
156.75140653569616,5.726892087221781,12.843035709660363,29.82188394996567,LOW_LEVEL
176.7064231297565,6.335887325831552,62.04226940625429,35.35289203663349,NORMAL
156.0145761432963,6.183222266302038,71.6908978502316,39.36977600058328,NORMAL
143.08373502168416,5.486623965725365,64.20394806280282,35.674637829158655,NORMAL
174.86940482553132,11.094336266372956,70.46828403948116,39.87480917159481,HIGH_PRESSURE
163.02491315338173,5.798724645450981,61.76909319544864,40.7936404735731,NORMAL
163.50593492156517,6.51198115060275,69.85562419226277,39.41077341780363,NORMAL
155.6431199801694,5.795130094653701,63.57698356257433,32.95488216131122,NORMAL
164.05911315659904,7.7698495326462655,60.75149595449907,38.200602952534325,NORMAL
163.36974511100362,6.4910958303583275,65.73196084532279,36.39574766782491,NORMAL
167.99509161365012,4.264870437469416,59.99130628363987,39.407091984668526,NORMAL
171.14883012397095,5.84995892924201,57.84146158561436,35.4378386925138,NORMAL
163.41382901831247,5.908037757562061,73.86371312529371,10.276543594948052,LOW_FLOW
181.08740889920412,5.365581954934647,67.45720147432236,40.661665986893574,NORMAL
169.52629313926317,6.4403467566340655,10.15994021568039,39.457167534459956,LOW_LEVEL
170.91754006730338,5.220478017869586,68.42760963236411,37.69608089797192,NORMAL
172.99859397528235,7.346539054295903,60.72883069512732,37.597755199590885,NORMAL
170.9956561232525,6.434498987459983,58.077969341954905,37.37631577456518,NORMAL
148.49409378556206,5.5322245978818,61.500111577803864,40.59355759902179,NORMAL
159.975471330197,6.539725351731864,75.60216629301068,36.54566780924004,NORMAL
160.16293010766043,6.6264493840144745,68.75169301682688,39.39976645100648,NORMAL
162.2572427767213,5.753624899822844,70.16303173025939,36.22309756120965,NORMAL
222.17117826994047,8.101272285655831,63.938698754982916,39.40863923145963,HIGH_TEMPERATURE
173.40327983668237,6.363882149976563,64.80083709952072,7.537725116774188,LOW_FLOW
167.2712480094038,6.380752185928338,55.63041741582458,40.0097842286296,NORMAL
145.6510857384343,6.360738107850931,72.12190081610662,30.254480780563178,NORMAL
159.8400048947411,6.268068740423511,9.57479864253007,36.77016794039175,LOW_LEVEL
165.50158642589372,6.136084113858398,56.4326327907385,38.947206096277846,NORMAL
169.62929307052133,6.27974148031205,63.354856515983336,37.0359879345588,NORMAL
168.13011727946588,6.78745298499325,65.32106535980654,39.35154263939212,NORMAL
166.9541210995353,5.825516967683065,62.31590856078714,6.829822036848773,LOW_FLOW
163.08306275652282,6.018643926333363,62.6906036643154,32.568098525112966,NORMAL
151.50132452833577,6.35647358908916,68.8852329824344,38.61248904597148,NORMAL
168.35038262560437,5.460529023950683,77.18197319017395,38.32566109352158,NORMAL
163.40934717616904,6.038667481502206,67.20088312869206,39.86513918996768,NORMAL
168.37293463927864,5.664223316307019,63.658907064786064,42.119531251787556,NORMAL
163.0925091921576,6.424361144119042,60.3567260903884,33.82788625994428,NORMAL
166.4832550830478,6.168165050983858,60.20544714848163,4.452083328573604,LOW_FLOW
174.18186233716526,7.4771657957973865,13.53120531395463,37.543567481299675,LOW_LEVEL
169.92468230289032,5.529147694167355,58.60719883442001,38.552508473057344,NORMAL
174.9111669742103,4.96912132437608,12.568721082488612,36.09444451169518,LOW_LEVEL
166.94719133120432,4.815207528499874,67.53816712253345,35.484404884594326,NORMAL
163.44492620030806,5.792534044495939,10.947259184751303,37.23540338794396,LOW_LEVEL
164.99104222401687,5.886494705317302,68.49602345775514,36.07427660326788,NORMAL
166.25786274748955,6.336821862072176,63.99025684197243,35.514944495665965,NORMAL
237.99564417850067,7.982674803970081,68.5650743053876,36.08451189634022,HIGH_TEMPERATURE
161.6185361211814,6.546387232525944,59.54077691535922,35.82005948210196,NORMAL
173.34994718176395,7.154002306081707,65.58614665834362,42.27706170475794,NORMAL
163.74862816685362,6.858029514106534,63.37333032465728,34.927359634368344,NORMAL
172.54074896719834,4.360814871400488,60.72043776904044,33.69673730297732,NORMAL
164.95379486077636,11.899445341552614,70.63269140891246,38.32743895430357,HIGH_PRESSURE
185.0,7.187684216062718,66.23651444548227,42.5250823048542,NORMAL
151.21229274075665,4.4087756589152125,69.22914161908287,37.74053863696975,NORMAL
181.61369060687218,6.443843649255323,59.277982319282806,37.81746185188388,NORMAL
168.6025382243505,7.398926112322151,60.50160044951199,32.586169699888465,NORMAL
167.29512894634084,5.242081780272828,60.919959032699566,40.76283932921463,NORMAL
173.64684963960696,5.632936333143411,63.5955827044611,39.20472976256613,NORMAL
175.8286871165552,5.152458495732424,73.97552232868415,41.52735807522576,NORMAL
165.95380688901915,7.8973827381924675,63.356486874320126,34.49220317221529,NORMAL
159.1968678239362,6.153607971033952,66.65192747310786,41.000733687250275,NORMAL
155.86449419086077,6.444786510712803,73.30606921786155,38.22510578672453,NORMAL
170.8946922473604,5.150875090360905,72.94649347268917,35.066521238310656,NORMAL
157.77544544814356,5.0780381501142555,14.587307948845076,34.26033709632739,LOW_LEVEL
222.0939182048492,6.223682490844704,66.13787420410287,44.15235398747473,HIGH_TEMPERATURE
220.3319445182943,6.966042989046893,67.20441069474332,35.899539421744244,HIGH_TEMPERATURE
223.43911351322373,7.661131009282624,60.28735721026363,43.798859112268254,HIGH_TEMPERATURE
168.3618136757967,6.101616746277909,59.949211631443454,35.04305798773013,NORMAL
175.82458862033647,6.2159593552293035,67.76212290873457,38.31383269134751,NORMAL
221.7471850294723,8.602510588096292,60.12789589435143,41.995295511012095,HIGH_TEMPERATURE
165.2606614387442,5.886285136691374,72.82629852671445,7.0039716421223135,LOW_FLOW
163.11332604948655,6.146441744740649,66.16018537840351,41.87999247742234,NORMAL
166.88095954521333,5.9226821920846,60.654563202612934,42.95187988371,NORMAL
162.43216127693023,5.560653528352548,62.639565317932345,42.131907967670685,NORMAL
170.85193926352747,6.427948094180746,61.31137119271891,41.49526636198217,NORMAL
168.4198483369667,5.606549687422916,70.993645026383,39.50298670804184,NORMAL
151.167430826062,4.847811413966422,62.70847690082821,39.67632152648571,NORMAL
164.26767984465434,5.269044589096689,69.18738406452907,42.95517822696835,NORMAL
169.75961966541442,6.824071732980368,59.80468029200552,39.225284937977165,NORMAL
178.1880216683112,4.215887322075393,68.46988888350405,7.94102923346155,LOW_FLOW
161.3905971420847,5.77904240381157,62.06789653020394,42.19225631413683,NORMAL
163.6274839182692,7.269615249220303,65.31635127420621,34.453547576136806,NORMAL
157.0068408693519,6.710963598369964,60.875847116212036,36.52143000888834,NORMAL
164.40184862748217,7.034622256028874,63.902548674625045,40.400244013285196,NORMAL
179.35496043680288,6.1701122929437355,57.353846100276535,35.53739296610758,NORMAL
170.80878689157066,5.629752458597979,71.52622266705035,40.397380368794245,NORMAL
144.51410091473102,5.209752950804901,60.492032639023435,38.76394969206155,NORMAL
172.65643134522296,11.640620199392036,58.99983584886939,34.49608654698087,HIGH_PRESSURE
167.42438626346174,6.7638435634103145,63.660190961225034,32.05226289239652,NORMAL
160.4309126851221,6.378091676870756,67.1998578107559,36.113543390193826,NORMAL
160.5128072732494,6.589363832772838,62.20682105473665,39.97462393415499,NORMAL
153.11955616698052,5.356013922248413,63.38844077873994,37.906099004744604,NORMAL
173.1927907187282,6.053414767594332,69.46448663491711,39.33167782103397,NORMAL
163.49131093595193,6.036656426233096,57.898030717230554,40.24237087172651,NORMAL
171.5528333512971,6.005416834095134,58.641517228501534,38.17698437195963,NORMAL
166.99147128317327,5.460492393951254,65.54005902267158,32.08428906844702,NORMAL
164.5179852287897,6.2476253348607464,67.03894502978953,38.238178893991,NORMAL
155.1808140416682,6.173192550225658,67.95896829995823,5.996099489979963,LOW_FLOW
180.60111187340016,5.427881808279472,71.45191530386518,42.41807295644212,NORMAL
159.5352655873186,5.813387445455775,61.09206058887402,35.019215646663255,NORMAL
166.26831752861372,6.0489710125879625,72.63693014577875,42.57836242632407,NORMAL
158.09759984341383,5.848971063656525,64.05205968692951,43.33432921812665,NORMAL
161.231997910006,5.691944229774651,57.556194772828746,39.48533653751261,NORMAL
169.52368335335274,7.232631670289325,58.3111753690176,43.430484482580276,NORMAL
154.57875504690264,6.326857785854609,9.38713647306283,37.57302482463095,LOW_LEVEL
170.7942614196498,6.124264857861935,63.92194252525302,36.51044056989293,NORMAL
169.72885211544445,6.863653285469498,59.352384537840194,40.513234712138434,NORMAL
172.29399117053103,11.339461047899702,63.141738869761724,33.56666067425576,HIGH_PRESSURE
157.83226174191375,6.410517730297428,57.20117411146644,5.2700520962698,LOW_FLOW
152.20040532732523,5.346139283807683,61.221442704093164,39.090856392717576,NORMAL
151.18714655100976,5.481632212124793,67.5845839538204,41.60430815298626,NORMAL
167.2876806027934,10.602358108892396,71.82192507333801,39.42754571321124,HIGH_PRESSURE
167.87165152521177,6.289735887517346,62.87134964725441,38.53035316203747,NORMAL
169.0704749284012,5.8885965879681885,66.1354133015828,3.2779180458865933,LOW_FLOW
174.6594002264896,5.969517401444575,62.83386114039871,39.904999508767865,NORMAL
173.54420583768155,11.194137629380606,69.69991910333415,33.88524672510855,HIGH_PRESSURE
177.48949226541185,6.452416603370447,66.64450584642366,36.441827388969436,NORMAL
183.62122480276867,6.6281530213140165,68.16510474143477,39.767992434493905,NORMAL
161.2413079320102,6.036995916908264,63.79739412864451,37.30394593666165,NORMAL
153.04710131424977,5.0912886918515685,66.44680312308033,33.21043542961553,NORMAL
166.05268942977327,5.950578745823272,68.77905430405127,9.641800413283573,LOW_FLOW
180.69568514358423,6.4228012615387176,10.655208446345293,41.252141149791036,LOW_LEVEL
170.07768513672002,5.493913057379259,68.81535190076879,35.45339596954126,NORMAL
162.50115646675303,6.503879586651962,61.89786896873274,35.89454050037339,NORMAL
167.8162757744234,5.661789011291885,62.48002445818224,37.413688159867284,NORMAL
169.88672824909352,5.7714484621766315,61.44009620907659,35.83067940014113,NORMAL
155.3010536555222,6.193046988348088,66.79040022239656,36.18366100788257,NORMAL
154.6734101182121,6.397228729797537,64.64578257158475,12.0,LOW_FLOW
166.4749336574053,6.473357812481816,64.26256805003896,38.68498470106002,NORMAL
165.70294109664582,6.487345223285259,62.89091196966577,41.056778633501885,NORMAL
158.4412919774779,5.2324493205483105,61.01842977834619,6.02643755360114,LOW_FLOW
175.44442346143097,6.126674862245743,11.86228541861838,38.288166105458856,LOW_LEVEL
169.03555718129974,5.254824082670801,69.73855878295934,40.545114212948555,NORMAL
158.66343474592205,5.7261792421722495,11.843453189422252,35.431823015208046,LOW_LEVEL
168.51192823511116,6.435581123789144,58.139239759400105,37.66926263907052,NORMAL
171.2588027393413,6.486281965678045,64.82332723853025,36.87917286532403,NORMAL
158.91847929104875,5.586922683489793,65.33382060736443,39.38630497255552,NORMAL
165.64486220496417,6.063648205934934,74.64508728691646,38.564432417811624,NORMAL
173.80613512351525,6.881463034809337,14.544226307937139,37.84819466868625,LOW_LEVEL
153.42396338867988,6.7427631803218055,67.76094742717326,39.7861708841743,NORMAL
153.11550397415144,5.387289432886379,59.69106955031434,37.06060206704965,NORMAL
168.60016538737466,4.847636417721014,72.03749186974164,28.227897072000275,NORMAL
163.09461004820267,6.366239613088825,57.99948860891173,36.732175640337026,NORMAL
174.35147415195794,6.536491826559691,11.512295970921572,40.80593444700992,LOW_LEVEL
167.35674274046704,5.094945462198899,66.28284251740595,32.19134475970738,NORMAL
152.54627238291133,6.112423492565609,69.85294233424851,34.59997369067033,NORMAL
165.82042546981015,5.770476256158151,69.44025467906634,37.62832745826931,NORMAL
185.0,5.4533126341939,74.2597951008916,39.259651541490264,NORMAL
169.52122703047814,6.903624016847585,63.24828762038081,30.84078595589688,NORMAL
174.8345994505233,6.328538676349932,60.90508235974633,33.91925293728043,NORMAL
173.20278427406203,5.708038241000635,64.57234799025964,38.90393087214164,NORMAL
157.99112060617634,5.720496256775066,66.67303645865361,30.839590079469456,NORMAL
164.8964898551713,5.1963066936368785,77.76925388487663,35.99289170047035,NORMAL
158.06518112061318,5.2988563377882985,70.63693192966997,38.141158843468624,NORMAL
151.0118557641318,6.311504592798708,55.98643791483587,36.96441035342098,NORMAL
175.7858808546251,6.3449090961518735,6.183945248610739,36.05368149598125,LOW_LEVEL
166.16394437628247,7.576335215137519,64.00464206011267,45.912102623209975,NORMAL
173.97702415867926,4.0,63.79541644136232,39.7873916100653,NORMAL
171.29667553678564,6.132995502610491,75.66510884974605,36.032953610277325,NORMAL
165.723918253023,6.707546968804015,63.36100099992081,35.542771016410654,NORMAL
153.02689048077337,8.0,60.17374740634232,37.012358841871325,NORMAL
156.3278908335325,5.677399633871084,12.10436954536629,40.18878725132878,LOW_LEVEL
146.44311418599025,6.248763347469067,64.21558682740381,39.80900058983867,NORMAL
225.89792771418035,8.424686842732708,64.788160349278,36.96073783448012,HIGH_TEMPERATURE
236.18034894891508,7.343075966584895,70.87662563163316,44.6786839489227,HIGH_TEMPERATURE
222.53774545095786,8.192783119633406,60.9590310633262,38.956071358919175,HIGH_TEMPERATURE
167.3591101163112,6.604980190279089,64.84124416967248,8.920192589216658,LOW_FLOW
160.73184379453696,5.595160162596918,63.24111316976042,38.72603424295766,NORMAL
185.0,6.673515180202371,57.58980260281908,34.14699876761844,NORMAL
168.31077908649792,5.997966546481823,64.70698818194958,42.27570022189456,NORMAL
222.77811950127523,8.210023613718478,61.439391859776,41.61446961601554,HIGH_TEMPERATURE
183.95812278601838,10.5618321961089,64.808459339345,40.80290723309593,HIGH_PRESSURE
164.13413329341623,6.479498650936779,61.58936865077713,37.404059246528746,NORMAL
220.93310499725172,8.166847425483777,69.89082365630854,36.96058055573834,HIGH_TEMPERATURE
154.1966286555569,4.6320100292717905,70.95024589299877,39.100543285478224,NORMAL
165.17481716418754,5.860102156529213,62.5597206788481,40.99732745094609,NORMAL
163.86397428473984,4.608486919279057,71.91223465937611,44.299488529287295,NORMAL
172.52451773112972,6.299938050059084,63.57350918806225,39.32033210979685,NORMAL
173.49215016331004,5.259371719034497,72.1689197725289,35.43138634341147,NORMAL
238.26596232465232,7.848212081600215,67.40901781201777,42.08966371730425,HIGH_TEMPERATURE
180.49784929943613,7.033766041838745,66.45211945648016,37.48490290598385,NORMAL
154.58256394510147,4.886545211211407,65.32800074171297,38.832681348664494,NORMAL
177.63539377899744,12.25783063559825,67.68701542820673,35.051209452218345,HIGH_PRESSURE
149.95361257620755,5.794093295608105,69.82611314486552,37.64899534558411,NORMAL
158.41838381536718,5.089233852428082,54.29373655884406,40.9986652184256,NORMAL
157.5341955944853,7.519086900051591,69.09515045029526,34.797730427070675,NORMAL
174.05787657743397,6.3493158205024205,66.51777118095215,38.42079574184752,NORMAL
158.33389926770204,5.33011185321332,63.399811227291444,37.98426523246955,NORMAL
150.93817286914694,6.552027783485655,64.40636344549816,37.260816814373115,NORMAL
158.96396193156122,6.9628500969571,12.954355519713452,39.46452319047162,LOW_LEVEL
155.50343658900505,6.200615483105748,64.35793708584346,38.24059764940917,NORMAL
150.25162066033033,6.743853154822262,65.02334447788024,38.29159025685144,NORMAL
161.4303578852219,5.3922381781897,66.03214061493308,44.066717655204044,NORMAL
170.78463202405715,6.592414520895504,12.255825269898143,36.398625923007295,LOW_LEVEL
163.53361954858192,6.6353168985162965,62.82848368289848,36.97051189780026,NORMAL
164.51926201795894,6.002300049114364,54.43221146898145,37.413804787237765,NORMAL
164.0773200415413,5.738192160881808,58.43982061384506,36.17659762818454,NORMAL
178.45906868272078,5.752303585391104,65.33705134757629,42.5465888248353,NORMAL
216.85822858438237,8.001044694323399,61.83877210660776,44.32800638991937,HIGH_TEMPERATURE
175.8649687669381,5.058985013532059,57.973642763873194,37.24973721306647,NORMAL
176.2362123020981,5.731798145742086,72.30530346897712,7.858405686292473,LOW_FLOW
145.9328903763411,6.923327535140662,67.78854821481842,38.11906859736898,NORMAL
164.09316801728156,5.366589173009903,61.59908814232329,36.2646894860783,NORMAL
167.04083572578057,5.867164036871317,11.503217593940441,41.713180944601255,LOW_LEVEL
159.5990883828523,6.054760170049786,61.831988756074715,34.845311016384684,NORMAL
160.6936072374668,5.070618205793002,66.28021879699129,40.89515325384201,NORMAL
160.7851744321026,6.29546668588162,67.85108422022176,37.211640500714715,NORMAL
162.26871658539133,4.517006609469528,64.53805950099546,9.052719316771665,LOW_FLOW
162.18187972040184,5.676194806899041,52.85554845453318,37.33788542290559,NORMAL
171.15885514444284,4.693057873373525,60.91598367084819,35.60396859434701,NORMAL
167.85405032246686,6.648669115343158,58.74620207670427,32.20675984114752,NORMAL
158.77915257801385,5.728532520238009,61.01353658537803,34.184706028675215,NORMAL
187.53782450950322,11.155009666092061,59.70334732535913,41.610473676570635,HIGH_PRESSURE
176.13656736779404,6.393291092767001,63.17472828567263,42.586274508128845,NORMAL
220.82097292290302,7.158375976719502,64.09008842932971,38.24987623402419,HIGH_TEMPERATURE
159.98851695978365,5.492375026550188,60.88743685554704,10.508026553452305,LOW_FLOW
167.6219717596156,5.557325770205451,65.10553469442543,39.17629041577935,NORMAL
168.75757375588282,5.555537530176919,68.8248918555241,40.5033563528464,NORMAL
167.2990456771484,6.321821289614175,70.14567470516697,37.2514458484118,NORMAL
156.42638938510603,5.96980175915139,62.481533628707815,33.14691954503502,NORMAL
165.07076245357555,5.3402295129406125,66.73204063434501,40.840256306022106,NORMAL
170.41987873673116,6.096065990277338,59.35788158727335,36.533482668967146,NORMAL
162.0913336775456,7.458247671341324,63.46167600408209,38.68245046052413,NORMAL
162.89913593524793,6.416986881639962,15.223610618423631,36.39895772272101,LOW_LEVEL
167.52484002872274,5.620896896744005,69.06648676960104,37.143782783764216,NORMAL
162.2101994220125,4.516627241847867,61.21945178936125,41.15516627058649,NORMAL
153.62589080524342,6.156029414102687,61.64634546991298,36.20302986174945,NORMAL
175.43610957692442,5.874099928994705,67.22198931239711,38.23266443973926,NORMAL
161.57956414936385,6.015685068692361,62.99110231144779,41.459711114577004,NORMAL
157.82843875100582,6.11825519703112,66.70693041528038,34.29497303931819,NORMAL
167.85496847319607,7.037214916179489,58.29524309782095,35.985608718402766,NORMAL
179.16087676499862,11.182136649006,61.44719618655013,40.89192975746675,HIGH_PRESSURE
152.3950453826351,5.124103556534119,63.78085374739214,36.55191644716809,NORMAL
149.85463071009517,6.3923204424711635,64.27854148447983,38.716673174233584,NORMAL
158.29184170820753,7.550127321151165,11.005779588616331,37.9774071505664,LOW_LEVEL
166.5756539865704,4.598634321666204,13.495144509336344,41.15072913697793,LOW_LEVEL
154.71095970632967,4.4049176975882505,76.38269846721386,36.71800973983112,NORMAL
162.17522934865755,5.269055694384185,63.197751734198526,39.05653492510331,NORMAL
210.0,9.116123945405057,65.2546824327854,38.27417684510506,HIGH_TEMPERATURE
183.23198355448685,6.102571914533708,64.62082491658084,5.996894879414043,LOW_FLOW
155.70613312852524,6.725192631370145,61.02245911395296,42.541513973989204,NORMAL
173.9655945146937,5.496320598914375,8.45648218220625,34.63435476029326,LOW_LEVEL
163.14106208498583,6.661556596832584,65.00648103265553,39.000008540743615,NORMAL
167.14143362912367,5.208433480223756,8.907288290403207,39.87540130378587,LOW_LEVEL
225.59035049984593,7.24426039205476,66.93986762853812,38.72118394860872,HIGH_TEMPERATURE
162.93983040872166,5.371091673272143,57.70634687348606,36.45198330908756,NORMAL
175.9074296966856,6.3163455983755545,60.56133224800038,40.47657279862588,NORMAL
164.04664930137665,5.449599714843262,65.1346295087402,33.27260958824065,NORMAL
164.17722199616034,10.987063033310905,60.9344862356689,42.38255251348401,HIGH_PRESSURE
175.15716578457423,11.54664642997191,66.34010019079717,38.109523318300006,HIGH_PRESSURE
174.0141184660883,5.985482101174078,66.70762198080423,39.96098506262921,NORMAL
177.36466213421912,11.214541381224091,66.69018177745338,38.69665551749358,HIGH_PRESSURE
164.6646561426018,6.14805700940273,63.5115825722989,40.73212385390029,NORMAL
163.99992775744337,6.204197706365875,58.901137660617735,35.66850023248309,NORMAL
173.58606265431325,6.533639791602014,69.83379416058243,36.44199430970721,NORMAL
166.5454526385056,6.361489997928083,65.41445280709809,45.06136422938694,NORMAL
167.8537011122876,6.329188934105139,63.983457357463394,37.08027733189824,NORMAL
168.56742678670764,5.826861692032436,69.42466630982058,33.31255078791401,NORMAL
161.45971430486253,5.013032556989889,68.35055347436051,41.04272471220627,NORMAL
159.6214730694367,5.075056130271681,58.413924302016234,39.282248498442584,NORMAL
159.88897721405326,5.987505953195326,65.09983958268009,39.997322798070705,NORMAL
169.63648913981183,6.254720902675102,69.23879744788844,44.04242477092227,NORMAL
171.9106241095855,6.691799082171861,58.219763956326894,39.42972375279875,NORMAL
150.4291972646029,6.38784538551211,67.28719508061536,32.759167594469396,NORMAL
212.18210873729436,8.002418356399176,68.46985752887733,37.89677515847753,HIGH_TEMPERATURE
160.2020044070491,6.520524900069779,73.46914063811026,38.52885745157328,NORMAL
158.82796872638514,5.5057039430174965,67.08935304920763,10.709917341313151,LOW_FLOW
143.03508908018097,6.940852470371481,66.05342856734525,41.82497743150797,NORMAL
169.66486508526194,4.7359749119622165,65.31671576847423,39.08431341009447,NORMAL
176.19116382484876,12.40324653561944,59.3467041809838,38.53200329077947,HIGH_PRESSURE
173.07230137296705,10.5,61.91751106871231,39.509062161660644,HIGH_PRESSURE
169.2306199470769,5.710020083091619,72.04458467560717,43.48053296255299,NORMAL
162.808065880824,6.349523697847652,63.17965203748273,35.651433085159624,NORMAL
161.95500122346908,6.258248312648352,64.21114618117845,42.220866733345424,NORMAL
158.3497133123914,5.431077127267981,73.1586021805438,39.02588345618314,NORMAL
169.3248760235766,5.783479078561842,63.557026691569746,33.453193874412555,NORMAL
166.19493707364865,10.891352086904437,68.5331631625211,38.01855625693536,HIGH_PRESSURE
170.579906495368,5.722473882567444,61.36436842928033,39.14399694537358,NORMAL
158.72176602275206,6.828173785983648,65.12220320833758,39.11778305448761,NORMAL
176.24816375064273,11.336782356718068,72.55919171438404,43.87512066717873,HIGH_PRESSURE
185.0,5.842555798745805,61.41918068413677,38.83436365918814,NORMAL
221.6479959218315,8.243186360441685,62.77722194113061,34.0238554922817,HIGH_TEMPERATURE
160.4748900131597,6.419878742822456,60.47939296478949,39.387826304915556,NORMAL
180.17936933783417,11.654127720195396,67.25387552860829,39.982251057291236,HIGH_PRESSURE
161.55633333230435,7.678163612718391,65.0987521152968,39.65420597257495,NORMAL
168.26072857165505,5.332524642470518,12.129772458077817,36.79447741231925,LOW_LEVEL
163.7741523179343,5.221939041517786,54.51810281544772,36.49995943924911,NORMAL
167.47039421478533,6.267374123439366,63.631538791123184,38.98896514540399,NORMAL
163.46924810643952,6.594206145844807,59.66833214060424,36.382596925249786,NORMAL
230.49640664345793,7.818663328962917,68.95211669403288,37.79645912732389,HIGH_TEMPERATURE
170.13853717200396,7.4769897898583535,71.55184449786529,46.783445558699356,NORMAL
159.08791749953508,6.7858624791935656,67.60811170927984,6.738798753753293,LOW_FLOW
165.06391447126353,7.203191415610831,68.94139340410644,38.38986187000266,NORMAL
232.86594305598453,7.544475006242846,69.47775265065296,36.849762378110434,HIGH_TEMPERATURE
162.0582674942952,6.40391534465528,13.476595321819266,36.35771830373856,LOW_LEVEL
170.5012198760721,5.627184899354991,51.51054061029687,43.257859773618286,NORMAL
167.88958307243198,6.07769555154988,63.91412002667949,37.652701437888275,NORMAL
171.37235224415997,6.760977138942136,65.7959506844336,33.77483977476282,NORMAL
167.17895804219393,6.270302830694534,62.65216744513812,35.676834392951726,NORMAL
159.17941054542885,5.811995457571224,61.38872342092004,39.787638451990105,NORMAL
152.07473328543458,6.222316423582174,61.051188382933184,39.71567073853274,NORMAL
181.7383454328197,6.997900974754417,11.54928651661556,37.949399510009854,LOW_LEVEL
166.59708014329212,5.2786391483286765,60.785013146364314,38.280350568631256,NORMAL
143.00451691169155,6.93614025797331,58.02870426888712,39.35412307670805,NORMAL
168.8411472271329,4.9319001120871295,63.2901405131993,36.06068431673085,NORMAL
154.29294070940924,5.967552408193464,66.39323534215389,40.178140799870626,NORMAL
168.3797393938978,6.029521589398805,66.64995082737545,35.44145926249776,NORMAL
184.75356829354254,6.4699498824636885,74.0516468988237,37.21788992031695,NORMAL
152.71486344059105,6.318172310308167,61.129335290753076,38.466197889954174,NORMAL
176.14839591571229,6.939399486857573,9.317283785131453,41.05542086011715,LOW_LEVEL
165.9747436253981,6.556052409970322,59.642618285171906,6.386604440734686,LOW_FLOW
174.99732213635022,7.687870827747779,67.76733950694073,41.7390941284286,NORMAL
165.25896080581626,5.281742599348079,63.31426881056395,32.93667389636202,NORMAL
164.74916239458798,5.192496357822627,67.42226715227473,38.84632202908991,NORMAL
163.3142481673859,5.9297034045275065,72.43650336365596,39.196563054238645,NORMAL
156.92679726906528,5.293502229525436,61.94197550027793,37.213216582941534,NORMAL
177.48280743899568,5.879354669422495,67.02144231132398,35.97291331694138,NORMAL
161.453040963783,5.920290613323303,60.51683707567261,37.83203423249527,NORMAL
224.7159204520166,8.927659745209786,62.1469782887923,38.13847844363919,HIGH_TEMPERATURE
170.7039794027608,5.70591595914788,59.563206781380636,31.52677134286879,NORMAL
163.19546383145118,7.1626741378425836,64.30609923716267,36.065470077026816,NORMAL
169.5748734610937,6.212634852862034,62.92213056110958,33.77693473918743,NORMAL
228.541767014652,9.02060432907127,64.82921092721686,37.99602580481989,HIGH_TEMPERATURE
154.29965045365685,7.171403786889631,60.427553649322846,36.50679256432065,NORMAL
172.76398384690984,6.19745039735911,61.26131602885835,35.564435653150305,NORMAL
163.45327645817557,13.030671795327624,61.64879380230562,38.491014341986784,HIGH_PRESSURE
173.76417929196649,6.208477109740622,63.78723917990848,41.39113847713115,NORMAL
171.70501254315505,6.322945078389994,64.67346633917259,37.526555540846914,NORMAL
156.1829037658918,5.56249716766037,62.70076141176821,39.688979501103965,NORMAL
181.96914722106933,5.866843957173831,55.33847021820415,35.15777551328322,NORMAL
168.37831215300287,5.460408761479536,65.21281748226959,40.15624879800794,NORMAL
166.41695864004024,5.888229542024263,66.8047435717434,33.66115028791369,NORMAL
163.12258547262192,6.348304792285936,64.95094589097283,36.064592836629295,NORMAL
156.6487058032843,5.639331829107671,69.09095452536395,35.240712709534186,NORMAL
174.41681916254296,11.144515252927043,60.0670859407406,42.041326912541855,HIGH_PRESSURE
160.69139105229885,6.125558958542463,16.264638173777847,36.65480817171772,LOW_LEVEL
173.95269667880822,6.029206529289406,71.33606303288683,35.646247291453406,NORMAL
160.51738213736186,5.670599259792356,62.75682223571818,38.987790753229575,NORMAL
156.40187188945828,6.115281333873803,56.96864050527208,39.56184420229868,NORMAL
159.71759907182408,6.3417432478135005,56.051629888059395,41.82579361586187,NORMAL
150.17761747948043,6.000460745756104,67.56272552050068,40.186510766350395,NORMAL
166.7395233224261,6.082538868766222,68.90029168065179,40.03592284064515,NORMAL
161.71728021323912,6.802796228605032,58.91261573568947,44.345507471129274,NORMAL
170.93623122383593,6.167708550901866,61.708553046869476,40.8461838074449,NORMAL
163.1715899442207,6.319398171624876,72.65835233194181,7.844687753286573,LOW_FLOW
164.49193060449386,5.688888833344831,62.21575354088432,36.462949348883285,NORMAL
172.26869441290518,6.162902816355474,69.46974160902994,38.696220234977424,NORMAL
158.52699212047168,4.847951784630029,67.02263737422855,38.74164253285991,NORMAL
166.21213577398382,8.0,72.60828998523476,39.71960834245602,NORMAL
162.95488235961764,6.135895386163253,71.3963099749156,40.783515713864304,NORMAL
158.62471208562647,6.705109347150678,67.65809100401687,39.04194958438256,NORMAL
158.86947720307435,6.498372119940383,70.3434707649235,37.911756635145274,NORMAL
164.93376092856332,5.882265568341134,71.1660770325973,36.11552334798493,NORMAL
165.05765648301096,5.5594587726049225,67.00923723532406,34.819496315396115,NORMAL
166.23833795619072,6.036411276483629,67.7904577636182,36.78482091593053,NORMAL
161.92359911985668,4.0,66.3587692576657,33.02197519959442,NORMAL
160.76769201945888,5.462870964591036,66.61311214757963,43.8186840723461,NORMAL
164.23293117947225,5.03130745430809,60.91024962364096,37.57227128610198,NORMAL
167.21019343462842,5.348577511717341,65.8100637599406,38.02549030441467,NORMAL
159.76682847945762,5.832921393855566,60.927542560692956,38.9373288262342,NORMAL
185.0,5.3740095970925115,65.91531178486143,32.57754573044775,NORMAL
158.71218713654915,5.238503573773152,63.002274435414925,35.650615714828184,NORMAL
160.22902665890578,5.536169394878191,62.21255639478227,41.639374783807035,NORMAL
169.13592377728912,5.942004211332717,74.12788071464247,41.91987749623669,NORMAL
178.83196272708562,6.842647507117812,68.21064148092259,33.842741063178345,NORMAL
174.9776913691396,6.541584323769138,61.8984028373917,36.96897354315655,NORMAL
153.00883776311886,4.586916015298363,76.62401979797957,33.30933821355601,NORMAL
154.46535831153406,5.787245726435899,68.52496893003068,41.800772196910025,NORMAL
155.62746696939726,5.386852910142785,68.35883608293733,35.8077246711423,NORMAL
153.37120576054696,5.679205632177902,63.580703403418724,40.79942909120344,NORMAL
174.82715494667508,6.296313138946371,62.55905968981813,40.26720994997886,NORMAL
168.09646983516595,6.727400682038927,61.709213818926976,41.28948264727586,NORMAL
170.15646729587183,6.741383062145729,71.71563610866947,33.81362991240035,NORMAL
165.30957374040497,6.683853067488164,6.174874634818554,42.078600675652304,LOW_LEVEL
172.80614491239578,5.9886402112010675,65.06390217514868,8.050841222945264,LOW_FLOW
169.5176800257053,5.6093391001305974,67.39734402095445,43.777618101705336,NORMAL
219.05534846667268,7.509772184899171,71.4691392176219,40.962553882193475,HIGH_TEMPERATURE
152.4921764170505,5.994462306912691,67.62184081805422,40.452283481707,NORMAL
164.7055558454698,5.246025023958393,6.264150634755401,35.83199454333524,LOW_LEVEL
174.01454930198224,7.2752723690402945,69.19049096080728,12.0,LOW_FLOW
165.81805327717933,6.1917187567817775,69.94648497716733,38.51653164767771,NORMAL
223.86565154330262,9.237483875181306,70.01554611827618,33.08285296420009,HIGH_TEMPERATURE
155.41257346968266,10.862203308815834,67.41277333172448,40.77269455496964,HIGH_PRESSURE
148.20078411419902,5.744350525612815,69.70715396904933,38.12439387435449,NORMAL
164.47357343142252,4.84803784339299,66.30924977294772,37.9120225809578,NORMAL
160.31697198421566,5.775083062623482,65.32730687779153,37.95278994043692,NORMAL
168.72917915969353,7.081854875969387,7.454646957788791,36.57062433220671,LOW_LEVEL
172.70368458599557,6.902182674617692,58.8820804446911,42.64370604665815,NORMAL
226.69153664828184,8.428559319441893,64.7453380004278,30.12102471125821,HIGH_TEMPERATURE
167.25564693915325,5.921201065122406,70.36984770718868,35.03912028161957,NORMAL
170.11007505340783,6.367724677637137,72.0447405329098,39.59782185138156,NORMAL
161.38439216117195,4.977492285819634,63.45106218100696,39.411115142980975,NORMAL
178.13729353544323,4.623175424385367,66.9728544577308,39.151091297452105,NORMAL
159.67187348831683,7.098996775366798,60.27842432996274,37.78012686637853,NORMAL
169.1693380458569,6.16538953941231,62.965677427226474,39.86214719215921,NORMAL
152.18977650304916,7.069272445330078,62.743815358747284,41.61106060052898,NORMAL
160.69937076576448,7.071810965447731,8.54459098449339,42.26392531992321,LOW_LEVEL
158.22604725692784,6.846450774879123,64.36392104570064,39.88003364735584,NORMAL
164.8636968853003,5.064756771461216,65.88488882042739,36.47945583549402,NORMAL
161.66431881035248,5.929313299199998,65.39322962090824,7.202019136749483,LOW_FLOW
217.16782584240568,6.939318758452553,67.47850533914074,43.21488605542535,HIGH_TEMPERATURE
165.543759769309,7.319984166049912,69.90509963429861,37.0176763497481,NORMAL
172.1068601986772,6.483238112958426,67.557676612168,39.01674607423269,NORMAL
171.17139793802536,11.118907394798503,70.58983820512873,35.59143543621892,HIGH_PRESSURE
173.41938410239337,5.562934850798623,69.19615470394116,39.1175092696215,NORMAL
164.79764587548038,6.818461857482335,62.227531278521774,37.87312138246207,NORMAL
221.52360054790665,8.459229079610111,60.35583162867491,36.10083000262288,HIGH_TEMPERATURE
178.68944532443805,11.708709213853354,68.01837741077804,36.82723357535244,HIGH_PRESSURE
156.32489542213307,6.274443481608619,64.74638432955591,33.72979968607396,NORMAL
165.29444399277563,5.321663266667142,69.02338714066157,41.30923000036725,NORMAL
175.12619940133246,5.265297621425531,57.77987715060134,35.367036995262346,NORMAL
158.46393079406337,4.844434916093492,74.72735974057296,40.119952950619144,NORMAL
157.96286058105994,6.191165873942086,63.611013470408615,37.63703975723274,NORMAL
163.1470593154252,6.456904558285371,13.13251075905417,37.61500725108496,LOW_LEVEL
190.44506702135044,10.897120730823259,66.2269632031704,42.04120516682601,HIGH_PRESSURE
172.91251697100432,5.8822392010921325,61.87026894246514,33.86898110678382,NORMAL
173.47378991117057,6.143748977576021,60.35822104588192,35.07358108619748,NORMAL
159.57990763446585,5.863465104156898,74.46091883484115,38.27053297953888,NORMAL
158.17564857941136,6.2114288085702265,68.84843258311359,35.62925856216729,NORMAL
161.9625882332146,6.095380814377444,65.31537836752476,35.887148189676594,NORMAL
176.82623148572847,6.968194597903484,58.17804313145345,43.70510313319757,NORMAL
161.30451848586375,6.243817068978616,62.999033941513744,40.03197504176531,NORMAL
171.21870060849395,5.1210378555931,66.90388467322202,38.63524820474845,NORMAL
233.1357204351029,7.726780145921205,60.140310849285754,41.307489323181116,HIGH_TEMPERATURE
159.8718726720995,6.37104143703979,60.352624889687405,40.73792197881794,NORMAL
167.10293818562272,6.9077867627115035,18.0,36.14612906864158,LOW_LEVEL
163.77579299035028,5.687241815702791,67.19294712769819,39.92270651063751,NORMAL
169.24978582874064,5.902273071073954,70.65872405302997,45.07439559600142,NORMAL
163.67073726440213,5.118370156936759,73.87689647051657,37.59695241250512,NORMAL
173.29578640398245,7.037183119620884,17.779758834118695,38.07153499183258,LOW_LEVEL
172.24207521195163,5.475869408666236,63.66460554950837,34.81109962283635,NORMAL
185.0,6.05843412309488,13.995476041834856,41.32651850409929,LOW_LEVEL
178.11305223351545,11.74276406735163,64.91306806846646,36.564989030837005,HIGH_PRESSURE
183.15955398290748,11.54009802861484,70.90694434002923,40.62585339400932,HIGH_PRESSURE
162.3004651167318,6.12023686836792,17.657615003281414,39.38787548399088,LOW_LEVEL
157.50942979963764,4.7912972933757025,76.65355344725133,44.59336268070769,NORMAL
159.12681802708263,5.019263779159954,71.95672698993243,37.36078548062149,NORMAL
176.06297791232586,5.729881131146968,60.33637513155485,34.39066640857996,NORMAL
159.8031549391867,5.938894098584352,64.36272509081117,39.097499877992945,NORMAL
156.91304865714946,6.242681709217929,70.56500103023255,37.64987219334523,NORMAL
158.70747379916665,5.151452983377264,61.581161789238585,40.41896727808658,NORMAL
174.2807427731484,5.84120729131108,60.471020317195105,34.737088396750586,NORMAL
162.50145215144641,6.553551958840017,10.00198250425723,38.09381339209908,LOW_LEVEL
167.26114191304126,5.868430808242883,17.72440628662108,38.094641690362096,LOW_LEVEL
178.3699901123586,11.964998412328102,68.38452854539815,33.26245725404675,HIGH_PRESSURE
170.5208353981121,5.684138377765501,61.21194858555859,31.008572130357503,NORMAL
192.56195927167553,11.276487337943832,58.27541597718127,35.703056962201565,HIGH_PRESSURE
184.41334206985096,5.473453187849861,65.85744586714763,36.25790741776296,NORMAL
168.8565346842042,5.869680256135117,62.741220384635895,43.694274453552566,NORMAL
148.64217389596143,5.459012905002164,65.3327849521811,37.64985243999301,NORMAL
167.1627459142538,5.959701166316218,64.54159202476733,36.34215812683628,NORMAL
177.13176070909185,11.321644130976708,72.67872735611331,46.25908165663626,HIGH_PRESSURE
172.8453863546194,7.485538252990572,68.29169731205805,33.31696183225607,NORMAL
173.52782103794507,5.835547693598431,63.17489796736455,39.24856603602072,NORMAL
167.82101763133738,5.594266022626642,70.40209234044491,35.49254613851223,NORMAL
165.26085927900252,12.760995251975912,69.21460372638451,41.94047556154087,HIGH_PRESSURE
167.78166761960765,5.791998683938901,66.47121922329283,43.30188571446607,NORMAL
174.48914001695064,5.788660749908159,66.21826362507082,34.16204204573646,NORMAL
165.15192949312086,5.1681346723796295,65.3638393196068,37.85292045660347,NORMAL
175.6910356630146,6.463044213746921,70.24228277782201,38.958604924227465,NORMAL
169.821219570452,6.817602369728614,67.31324948122817,41.276669721704174,NORMAL
167.47201884868562,5.920571031926948,55.47497670923091,35.699551199968155,NORMAL
163.16386801059684,6.406426655427063,12.809021461314268,41.877782311667225,LOW_LEVEL
160.9674379859463,11.901622502191259,61.28891636040104,38.35145532454174,HIGH_PRESSURE
220.2457791197107,10.153259770438572,67.5675365174381,38.825996006783484,HIGH_TEMPERATURE
170.00169544463571,4.74557700088132,68.9780533136141,39.250513077262276,NORMAL
171.19595763092298,5.187798997828103,56.09430499886911,42.56292025394476,NORMAL
166.5025731929548,6.4243386699634355,11.03873445319702,36.4751532042332,LOW_LEVEL
159.99500714878883,5.775332899498559,62.41531683921409,36.86990483626352,NORMAL
226.21475567271395,6.304311677861659,68.26510043093084,30.60397607159571,HIGH_TEMPERATURE
219.83568762912327,6.907703868916594,57.0321177505089,38.83226483958166,HIGH_TEMPERATURE
172.7383938867422,5.812661054572745,63.05636741226007,44.810579832926756,NORMAL
220.06043785598783,6.996765708537657,60.44038348871479,30.00953138613048,HIGH_TEMPERATURE
177.28158361995023,10.721426244106862,53.67995128752207,40.08086668901325,HIGH_PRESSURE
162.4076724957336,6.505799575579448,67.16590915392558,4.069291826009918,LOW_FLOW
178.42055559900328,5.356007103481996,64.33082382948733,37.2282907225156,NORMAL
159.07587343599104,6.507132815115649,64.55329633168743,38.45346478947369,NORMAL
173.45108468824708,5.489969946222501,59.01936133921622,34.73069440367231,NORMAL
160.9129832933668,6.1635646203837275,65.16714027173738,37.98916817753702,NORMAL
192.37106448108185,11.037465974472322,57.89747160113316,40.577360503462494,HIGH_PRESSURE
158.79674300791717,5.728760687489148,66.08228521726818,39.547648316379224,NORMAL
162.60529673798624,5.987730226202475,60.49664509974014,40.008844280688066,NORMAL
166.06068296038777,6.553551964828823,65.51283590327682,7.599541913184598,LOW_FLOW
183.7953290022547,5.947927468998183,75.23715200873191,5.141517874610235,LOW_FLOW
160.90350864544698,5.903787104974813,67.77542124798029,41.006821171395806,NORMAL
163.22221842320982,5.0430202811760365,59.27749691284145,34.64545671389106,NORMAL
176.8358793242737,11.972830095133213,67.55275557594997,33.52583709506045,HIGH_PRESSURE
173.2617208470926,11.282790760283035,63.73721259770402,37.976246795272026,HIGH_PRESSURE
163.1418453606061,6.413877059433791,65.18935814794989,36.723478417407115,NORMAL
148.06676440823574,5.857011358534891,68.53124360878661,41.808489479618274,NORMAL
161.53013181131092,7.192285002337705,12.61942809575331,37.139860294410894,LOW_LEVEL
167.47513256125555,5.785946674043788,62.19929177406062,35.464521058160535,NORMAL
143.78633332064638,6.532805384864424,59.77154249555222,42.72510732473756,NORMAL
141.2837692972668,6.051916323624215,68.33688121916711,40.61318175234419,NORMAL
178.5385212489425,6.1118014690768785,63.42284676388561,39.80655235661126,NORMAL
167.4306994051005,5.782933283987398,64.3554586196625,39.26728633780399,NORMAL
152.43121805943505,5.032584915265215,61.97169724786711,40.384407050442086,NORMAL
162.7090709130786,5.495756373848456,79.3113178864226,39.84893139875406,NORMAL
150.98321141818423,6.35832713843447,58.127530126794845,39.98145567208035,NORMAL
162.50602935342042,6.0179721175606,65.0443738570848,35.13649231621569,NORMAL
153.67866581213988,6.6096667620760385,74.77780419283845,35.425406545757305,NORMAL
166.2815247465366,6.399023937258816,62.43799890699082,40.63468801464934,NORMAL
215.35503666591976,6.896734063012292,66.93439299478688,39.40841291299339,HIGH_TEMPERATURE
172.11990331895555,6.960635389668278,8.125392177059918,34.82793610519058,LOW_LEVEL
162.77396985234262,5.626608129458449,70.07860093489622,36.18499834733796,NORMAL
167.34763056050298,5.755136525003539,12.865316149706306,45.06005259134553,LOW_LEVEL
165.1963986592319,5.988310970839591,64.9853478708737,42.17505132020034,NORMAL
156.5946888061348,5.997758947178083,72.74589622353987,40.13446648118128,NORMAL
174.26375242052438,5.205878750227794,67.91716374718938,44.32195369934605,NORMAL
162.50185444314678,5.9948787071135365,64.87871790228391,36.23551378046274,NORMAL
156.5777354951067,5.285122491562175,66.58237857097103,41.157683261768035,NORMAL
153.88381318225498,5.610781876494159,67.74840409775508,38.03914777200026,NORMAL
173.14999437150365,6.861695363638405,54.60578450691548,7.692013302662814,LOW_FLOW
164.90332279369386,7.799225386661219,66.71595900877318,44.8579774540151,NORMAL
168.19619804836108,6.397212501259322,69.06747468634798,41.34026196061237,NORMAL
158.0686708907245,5.33322433359302,61.061658987881344,38.41901024682927,NORMAL
171.80212807688883,12.019584639951946,60.38443764306787,34.75466434924309,HIGH_PRESSURE
159.84435388093826,4.827537579517251,70.2862068625629,37.53494989126548,NORMAL
149.37747575961401,6.244690564042442,77.76354527075077,37.441608874911445,NORMAL
170.8632684595003,5.917641038849462,60.494071746951484,39.954529518980976,NORMAL
185.0,6.7410067376140645,73.95398044305523,39.04299916864318,NORMAL
177.4705299823927,4.209624183516196,62.479315934813485,34.45098139303702,NORMAL
165.88490498062941,7.4656451955759024,65.65753477226423,33.232966333371984,NORMAL
166.8301602314315,6.195874185513387,66.01086248494036,39.48282700784923,NORMAL
165.34760019481166,5.285769792649153,66.74841962458397,38.93076118179048,NORMAL
152.51233317604445,6.281655743893876,62.269037744263905,37.00464543320006,NORMAL
152.9946447777453,6.405953689210499,66.03304563861393,39.002337898950614,NORMAL
153.03951335818235,5.462017947146013,55.8297553144778,40.08112985738797,NORMAL
163.41107034424863,5.024497315693464,9.862161284473247,38.30391030884065,LOW_LEVEL
163.65078597279637,5.295073243000424,69.9299466502926,37.39276883423876,NORMAL
167.691207509519,5.624283357759688,69.87838256951102,30.942654200096687,NORMAL
223.98138544802015,7.77316609486175,58.83796656537375,36.67683240214048,HIGH_TEMPERATURE
167.24683478980418,6.039208138462268,60.768220675826,31.175807848728084,NORMAL
152.12954632584024,6.4874316169812,70.9226962275719,39.11705975938055,NORMAL
225.7317514825758,7.782947279071096,62.9216309413115,36.54075599215435,HIGH_TEMPERATURE
173.77862005762293,5.701614589125551,66.47121778633829,34.41715842826746,NORMAL
166.41531985047123,6.316503519628057,18.0,37.32600071113253,LOW_LEVEL
162.91280141599321,4.909107904198186,74.1249245810841,35.0820164069159,NORMAL
147.00172977638715,5.536862925275327,73.84393629349329,41.95858752208944,NORMAL
163.22723064001516,6.37256288038544,63.12741513515263,39.09807805743224,NORMAL
184.12178168521444,5.013466728174279,70.72093141736569,39.95227069602628,NORMAL
222.1995918807125,6.0,67.54308894964059,37.66520303599899,HIGH_TEMPERATURE
173.06008616789248,6.598471827215282,61.98160913169157,38.219837217984356,NORMAL
226.06942175054579,8.044382658792806,66.98926236503374,36.97019835136956,HIGH_TEMPERATURE
173.65088492776266,11.031571027361423,69.18812113164067,36.61888578840355,HIGH_PRESSURE
166.89564310975396,6.4755816973086215,71.59654324293568,37.063769545793726,NORMAL
181.49439322185287,5.581014485667767,61.30298039982743,37.67640784610413,NORMAL
172.28081195951816,5.6043683802383795,64.41092347754676,35.07831973507587,NORMAL
170.0499066245372,5.862867497504917,64.83900934298697,37.28474598842903,NORMAL
155.70056975888056,6.2987382455522525,70.66447585945681,35.8515805279403,NORMAL
172.21893933708256,6.921507963497937,61.86881283293279,32.94687562157133,NORMAL
179.6951613586321,5.61554493700802,71.96565047924767,43.34218511935373,NORMAL
169.38991055091302,6.959521155232484,64.34109088522537,37.22926646740827,NORMAL
150.90242850289647,5.619534196733634,59.074893438377515,10.22108438895847,LOW_FLOW
165.0107187740359,4.837393186938542,58.984198470696256,33.8986294024654,NORMAL
151.58650566054075,5.919742227178772,6.033296811947269,36.94595402759769,LOW_LEVEL
160.33604893068747,6.424615210291599,74.4026486303387,42.2050818520579,NORMAL
163.4350213535385,6.005156156495261,72.73323591658638,36.38954442475749,NORMAL
160.50653170870874,13.264706500437942,67.09598459498544,35.19893208388042,HIGH_PRESSURE
173.95511135014988,11.180374449247598,51.26408646742151,39.78276029800344,HIGH_PRESSURE
167.66025850478113,6.1483877848401285,63.778211720190974,30.241831068697767,NORMAL
161.34823084620223,6.1088249710584,80.0,38.779270188671966,NORMAL
164.9394616269508,6.928742220318354,73.11365415317825,36.92501116158233,NORMAL
179.41393558197717,4.133157765376972,66.28637957545438,39.72285633607417,NORMAL
151.7079606420919,5.367387910837576,68.72693654421606,36.62527400293726,NORMAL
162.89127879873405,6.15167798006159,68.3218894647325,39.700659837184,NORMAL
231.77349838861196,6.747346392300358,73.77100609632701,35.69555519181405,HIGH_TEMPERATURE
161.7899604854414,6.415253566492877,69.37618692771073,33.39993568436776,NORMAL
157.77213970220927,5.990003571322147,73.2976629987928,37.832341841309734,NORMAL
163.48603442745286,6.398395509307265,58.67774325858536,40.34724246878098,NORMAL
169.69265869866786,5.103497794297135,69.44224786466103,45.51737094456828,NORMAL
167.1416916987507,6.7552920480996645,62.78992359765297,41.919675322962036,NORMAL
167.74969127433488,6.363526056584845,67.50768895776021,4.990282053658236,LOW_FLOW
166.4884227492175,6.022210438974878,66.75571988522904,41.376833078629126,NORMAL
176.08047701638912,4.507121879229007,60.35276291173945,33.437997777704105,NORMAL
169.00868346097974,5.870667740631585,77.41711950040609,33.98569764596641,NORMAL
170.4859922821973,5.676192030160396,67.29285844090481,41.825225816474855,NORMAL
162.91337233276334,5.568550062714421,67.13560458424061,33.41378601811726,NORMAL
173.0693468476387,5.611645126245839,70.45253880411215,42.34058920304259,NORMAL
167.8196999775097,5.751173332786817,70.57486017803272,40.31516143394478,NORMAL
169.85642747816442,5.902519881466652,67.3602004154421,37.78991983215919,NORMAL
166.10593145646945,6.434528374448529,62.463839609077205,36.380912644203526,NORMAL
218.19446249836136,9.410356656428498,66.57084256664248,35.324342741677256,HIGH_TEMPERATURE
177.63292497697108,5.448443736593411,17.727420683838183,31.23737236186493,LOW_LEVEL
152.45679799702643,6.615144407473735,67.66137597663509,9.970745913574692,LOW_FLOW
159.11789390591736,4.720463546897951,66.59442932122748,39.32222481098829,NORMAL
168.01558228556297,5.75749462347043,63.83055903948018,37.92684994311814,NORMAL
158.2986800076512,7.008935961513787,14.250193149385595,36.98735226387182,LOW_LEVEL
217.8485405177506,7.935149845788286,64.54240652444261,40.21637715577957,HIGH_TEMPERATURE
161.6111471483133,6.224204178805057,61.027983012997545,41.17091679554281,NORMAL
161.23920957884027,7.218582114807056,12.062258219581544,39.44874230806413,LOW_LEVEL
164.4704589384899,5.054614965877874,67.28225170207116,35.99647382864791,NORMAL
186.16624766949766,11.606748926267755,66.00950044128369,36.800924159653874,HIGH_PRESSURE
211.9272905958799,9.073804580821307,65.34895410550303,37.31415822648591,HIGH_TEMPERATURE
162.33949454817312,5.762012529372249,62.7500849418541,36.11564851722083,NORMAL
167.8589197772454,5.231328352837472,68.03965820089152,37.86583923479222,NORMAL
147.24420593101559,6.471091196915134,66.83601460776245,39.42316572426642,NORMAL
233.5804939439572,7.464207894288792,64.94423108170334,41.450888321287074,HIGH_TEMPERATURE
172.39759357415835,6.304351338350261,67.46852616853432,37.64509227495134,NORMAL
180.85808240116472,5.309106051025723,72.47982979910866,35.86837759693722,NORMAL
159.06389260088207,6.3240643068206035,67.28834488975177,37.767568356369345,NORMAL
167.79817454172047,5.679372796334245,62.23997173592991,34.181401321984,NORMAL
156.9729859185605,4.602376034143593,11.259848535805807,40.20855285040374,LOW_LEVEL
168.15390119553624,6.636343055463568,68.86635121161636,40.78483383585327,NORMAL
167.50889804908368,5.54933169502563,14.659636843031173,34.11331315847163,LOW_LEVEL
176.14701317201025,11.142271925651814,59.80439584462228,42.571994303287,HIGH_PRESSURE
163.24051363786933,6.876473797156014,67.25006725229751,37.243958770107945,NORMAL
160.92018258932595,5.522011107874135,57.01171303885583,34.97529352254185,NORMAL
159.00149329372385,6.661025646482785,63.46285854541717,39.386473459126776,NORMAL
165.0864166788481,5.846006357600636,72.37003865061172,31.52184769470906,NORMAL
161.8529594112842,5.14551257502229,10.920307791631343,32.53588132237863,LOW_LEVEL
159.54708357975653,6.437645781719933,67.73331663424955,36.23217950758598,NORMAL
174.7418014996091,6.161342750400898,64.7022934683489,32.22160449065142,NORMAL
226.5265701749194,9.610945975757902,65.03300220112246,39.038584857018726,HIGH_TEMPERATURE
181.51115628525335,6.4241527553527575,68.51780241309311,41.42093069111196,NORMAL
167.79480498048343,5.64431530530902,55.16766764552726,40.2375934993503,NORMAL
167.22666351656403,6.080044376874417,69.20372683461984,36.363294081359086,NORMAL
169.314436423543,5.409414656554218,61.04170146808984,38.889712339921914,NORMAL
155.87871264699015,6.803164377259867,59.38133967184543,37.20835302069122,NORMAL
159.5738844787586,5.625479381984138,68.64713166966087,35.54479853638487,NORMAL
171.68491942308995,5.9727120622407295,59.49115108968072,37.65308277961452,NORMAL
159.28098750481993,5.196913455976976,60.57400525498025,38.79426833320673,NORMAL
221.20008130623498,7.431105559520896,70.34003738615061,38.773337239980776,HIGH_TEMPERATURE
165.23287957261334,6.355363238222102,62.05891324152025,38.53255128322127,NORMAL
164.68856639612127,5.174344811540424,67.74511667198931,39.66467175029068,NORMAL
159.65329305316237,5.217341212371299,66.9923991107001,37.33912129994574,NORMAL
170.7105610918592,5.924952181733434,58.7734224547493,35.2694508044228,NORMAL
165.57703606171097,7.152545152838683,60.65064838719602,40.17058654018642,NORMAL
175.62148905814152,6.6709578776460745,63.367936949415565,34.786011205118896,NORMAL
158.23743628017945,6.965220689724347,69.59409533392522,40.02492124684626,NORMAL
174.05641830731344,5.919881492777185,59.779054865650714,36.349188706934804,NORMAL
174.09502770348172,6.951421057065677,63.06653927027625,5.675021347924585,LOW_FLOW
168.07467167450727,5.377124854646946,72.95657741491019,37.361090590224016,NORMAL
172.8307307298976,5.074506271341691,67.06616411501962,38.620090097119274,NORMAL
163.50417455464876,6.686489460825252,68.90524427727736,5.321394513847138,LOW_FLOW
155.7706006688019,5.90542087836536,62.91463098922965,40.71430178134983,NORMAL
181.39004520690628,6.8039467090062455,58.75589334106958,42.57897017674326,NORMAL
162.5048695019568,6.209193631106876,60.88359889583851,41.152542182686176,NORMAL
156.72223207452203,5.209265022981768,52.19546591034097,37.00076602561653,NORMAL
160.32890448726224,6.968773796317991,67.70255855633144,37.964391407966005,NORMAL
210.0,8.3074369892906,71.3206595313433,38.73065330249479,HIGH_TEMPERATURE
175.21176706224742,5.042988209651083,66.99094955644487,40.06446541280098,NORMAL
171.55474477647797,5.923363363275053,58.34451490480409,34.64224060788709,NORMAL
180.55809790120392,6.608527798817831,63.96994027311584,42.00468447036461,NORMAL
156.42429958167824,6.450794874971865,62.414624067053225,39.54334837832318,NORMAL
154.43661482524473,6.359817643472982,77.95531083956185,38.72760885501116,NORMAL
165.9325049348695,11.19816152971138,53.44716187262344,37.7207171895029,HIGH_PRESSURE
234.18394428651172,7.060328003132448,57.2256935444092,37.1755896793762,HIGH_TEMPERATURE
158.7511932591654,11.49856069836274,73.89030804344762,38.897171113823006,HIGH_PRESSURE
230.36581450293866,7.439472426503748,65.90478294886199,39.10987779996661,HIGH_TEMPERATURE
163.14842561848968,7.041563555057774,68.88973304822623,38.51459837572955,NORMAL
184.66594884589247,5.982052469081779,73.68674953391267,37.132003138815136,NORMAL
186.16060290230692,13.103585349500076,57.037930635772256,38.77066304755717,HIGH_PRESSURE
167.0256360823628,6.072292053546401,64.09174435688215,42.91363965934634,NORMAL
170.83772539026967,5.740029351168801,66.05849379734906,38.665939186463014,NORMAL
160.3852122148135,5.76839351873689,66.65926863389954,40.761745274814864,NORMAL
151.6659365360781,6.985621510933931,71.20356318508743,38.30082363740765,NORMAL
168.9427320685126,6.031577847184475,14.790057121599446,41.4784169522551,LOW_LEVEL
166.983580486815,5.239575609482965,66.4349759654381,44.26715474983648,NORMAL
161.08199853679034,6.75110650017316,76.98558357265904,34.3216003068698,NORMAL
177.8438670623517,5.66148818340379,66.80445931529538,36.85356082698325,NORMAL
158.20763261875652,6.354636675535377,4.898121567736591,34.68129338922766,LOW_LEVEL
173.39471688434725,5.848314722160856,70.46972676791755,34.60969400079659,NORMAL
166.92057210113666,6.332100607890394,65.5938189841681,31.712507131121416,NORMAL
168.08076242824197,5.860950069970458,14.803678473238707,40.0395781099789,LOW_LEVEL
220.14990360681716,8.418013534685295,63.02073281905695,35.72707277698975,HIGH_TEMPERATURE
155.26751880495098,5.257892271681213,62.135142672303125,35.62587679230375,NORMAL
165.6031963451685,5.841446327814148,63.88230879222761,38.73388635463956,NORMAL
157.75707829854534,6.4299875776176725,69.06686344736663,43.551250604174335,NORMAL
180.9278950391091,6.4646031205797945,70.0782803127397,42.101956513250705,NORMAL
172.32744241823679,6.449003089313601,67.68597072990816,38.777396281492386,NORMAL
156.83163871457342,5.314435397067496,64.17752067963539,40.69439555903103,NORMAL
153.30034092116676,6.454128708518706,66.27072713845143,41.3728858210656,NORMAL
158.35384094715732,5.749362004552521,63.21798829874404,32.04887407398818,NORMAL
164.98199804396674,5.884040931163096,64.65251522606754,42.208103869197494,NORMAL
159.11398407799743,6.466434077018864,65.42633532621706,40.42540921167004,NORMAL
164.64213652649707,5.8832431737349875,59.306145529922944,36.17067235603807,NORMAL
177.2421076233033,6.025114162174802,13.763413176800869,39.40818846568991,LOW_LEVEL
228.52021049311506,7.2009887778310935,60.47439403943191,39.62632187233848,HIGH_TEMPERATURE
227.10719071276063,8.30958265823128,68.17237969133691,34.876506224192035,HIGH_TEMPERATURE
162.2627768741436,6.156530434507795,61.57489615680279,36.49595997799712,NORMAL
154.24610882386614,7.456817421008224,65.67391988913053,37.795285673408,NORMAL
164.9163057674413,5.823662343151181,65.24571474298703,6.865291161926346,LOW_FLOW
178.88461623959017,12.15139072030392,62.04503204286121,34.96597016947178,HIGH_PRESSURE
173.67612128743974,5.873143592845664,69.21058073082634,36.518327600785675,NORMAL
164.52973878735386,5.098620731157068,63.71633036789572,35.44331719786836,NORMAL
162.759450984953,5.598241885410409,62.45932444050287,40.89686128265662,NORMAL
171.31493244535764,6.2948253585649585,66.67569974641228,41.58530226104588,NORMAL
180.60754786149354,5.861376761092769,68.46232060138333,38.88451808364605,NORMAL
157.14201495718962,12.004132565789224,73.6497951766145,39.49061473217727,HIGH_PRESSURE
175.0787746917807,5.56164775986777,63.061651809405504,8.860891264840818,LOW_FLOW
162.47368411075996,6.965938960487951,66.85342171495579,37.74477586200433,NORMAL
186.7748206294601,11.140891695587385,64.29859604644547,43.77641859332834,HIGH_PRESSURE
232.12199397600452,7.831413459373651,55.80590533268624,41.39420277792617,HIGH_TEMPERATURE
162.34265176128795,6.589881042784084,65.6009192137988,41.24317301015149,NORMAL
168.63635066612468,11.01131437648637,59.700459423478335,34.037088032273324,HIGH_PRESSURE
158.4069542292842,5.053366886534521,60.731739776031475,40.561478722119546,NORMAL
171.74313114089313,12.998292557274558,75.9263588105769,36.51560217342634,HIGH_PRESSURE
165.2962348615212,6.235580220937455,69.6021369200021,5.614799830832012,LOW_FLOW
163.80531810342802,5.869543796713001,66.73392568293589,40.23882351704537,NORMAL
160.02830425937782,4.470957322370454,63.80575631902924,41.30495020149548,NORMAL
173.15608734131703,4.272028912799855,63.34173866701275,44.52431522545005,NORMAL
184.1028529249321,10.55590404663911,70.79250289702563,40.791380209364696,HIGH_PRESSURE
163.55015172362639,5.795605417001326,61.433666354521705,36.20832449765889,NORMAL
162.75519642529548,7.2409529461637305,69.68296899427719,38.91412699147253,NORMAL
176.72528134676278,8.0,56.056723079629414,37.78741397251205,NORMAL
164.08866885557532,5.829375037145303,76.30682412396035,37.02463054882302,NORMAL
174.319555561505,5.399857973212078,65.60227809205647,37.214489106523075,NORMAL
145.720624273601,6.271247093470123,67.90452682764885,37.00858859188693,NORMAL
165.8758828755767,6.497805109854167,62.68659355807715,41.073839353162604,NORMAL
161.59131543815147,5.1280833113071,59.623256881915864,35.31590467467814,NORMAL
163.24324808592993,6.576198678557112,75.38090594880374,39.21800807496921,NORMAL
188.43379674170427,10.5,69.05983047875941,36.79188231377961,HIGH_PRESSURE
171.2570259127579,5.589659526394718,57.57339475996772,41.571221879497045,NORMAL
160.48900258758033,5.630026755694932,67.97294254368992,39.590473728474684,NORMAL
175.3045285620975,4.946681483113839,70.01968302985685,40.617706042747116,NORMAL
169.53736565615756,7.0555435920644065,60.119936073763206,43.026714805750956,NORMAL
157.88962149415266,5.059700883522858,57.25037580442313,34.11932390055591,NORMAL
187.53618406405263,11.399313687322378,66.1565164609093,33.410324031374074,HIGH_PRESSURE
184.61379816249075,12.123202599105898,64.3337884150352,35.24991690836768,HIGH_PRESSURE
172.80787240235242,6.413450155997812,70.8260157923045,39.89961919965837,NORMAL
165.7958197841259,4.921248902449024,67.49600329569284,35.8992312644321,NORMAL
162.38701333145758,7.635197167763087,72.38238702958361,37.543136228112715,NORMAL
163.79001882602898,4.458005432243259,68.73454308858405,42.236669086419475,NORMAL
174.53111712233132,5.496737077691305,58.255818397915945,39.5413802371557,NORMAL
160.99404204994468,6.53433719327212,60.71188825919685,39.92233285132401,NORMAL
161.77126305184532,6.569125015821335,61.568765159902746,38.43722719711711,NORMAL
166.47246265017253,5.550857292603388,60.45658279444824,34.83616714650869,NORMAL
174.57071588296196,6.1917919310111,62.16359913044494,34.51598084926186,NORMAL
222.83835583669983,8.499511405843032,72.2076950355023,40.118841005093884,HIGH_TEMPERATURE
166.86140969083763,6.562319956536987,69.1203323781847,39.14368789573415,NORMAL
173.01396318121206,6.535986868124477,63.87250657779084,36.312625060129434,NORMAL
170.4592676923053,5.44865573132178,64.18999028589224,6.979802116533566,LOW_FLOW
171.58279278695667,6.260960179663867,7.908049419064713,39.85926901159288,LOW_LEVEL
185.9617215481692,10.5,55.9248255440689,42.38453095207388,HIGH_PRESSURE
180.78817149450936,5.861367680492655,72.67826290431886,41.52580750791934,NORMAL
229.75568114071228,7.5749982686413295,71.26950331627874,41.37570311349052,HIGH_TEMPERATURE
168.1674709954466,5.223405278692531,62.61016139731953,37.70234370855937,NORMAL
163.0851549802158,6.45779036256458,67.07989627947367,33.58152470459095,NORMAL
169.04214012746218,6.506267707534596,62.760217323748215,42.12703505514701,NORMAL
162.97761935234197,6.501257068872491,58.05828876182236,4.3802467649202015,LOW_FLOW
172.712030491556,5.706544639056536,70.05110088933347,2.6722590314406363,LOW_FLOW
157.90403882654493,7.01294050317859,69.15323033012658,6.659767743632904,LOW_FLOW
162.71021640127464,4.355020149328769,61.29014702832171,32.99452495078047,NORMAL
169.30798282912866,7.286801479368108,65.23148629638669,35.494151206218255,NORMAL
147.5087484798628,4.551926132279921,62.729369180810835,37.357191705493904,NORMAL
167.28099073073818,4.74547752975129,52.482761954322214,36.619086846312406,NORMAL
176.83419608539384,6.645573558820356,73.798245858071,41.58117049693131,NORMAL
164.9014456565655,5.648512409741665,62.43315615591972,36.11548382661494,NORMAL
165.76556302077006,5.157676469440666,68.33219362576052,37.14827257864197,NORMAL
169.96920351053367,10.971189329602211,68.94189846752018,35.066632041832484,HIGH_PRESSURE
176.68683105711824,11.477481894926708,62.60403054792197,43.427865330654775,HIGH_PRESSURE
149.3917184907693,6.164252331393332,69.1457664768956,39.238478921469316,NORMAL
157.52608748681632,6.617538347960224,65.26322910634569,37.89958958234393,NORMAL
228.97555664368613,8.208108927298538,67.0523865078928,36.34904210304873,HIGH_TEMPERATURE
166.9411541705909,6.952503221278637,69.00359915170553,40.12945586978379,NORMAL
158.54438499871978,6.105586252581955,12.81919860764077,42.7010521177927,LOW_LEVEL
156.93352890980591,5.447584710509316,72.48783068043568,41.39957293652567,NORMAL
159.38586442986573,5.856834922578761,61.63710957980251,34.88389113576745,NORMAL
195.0,11.667421454030034,66.11693083695401,38.45845278187573,HIGH_PRESSURE
165.7322115139109,7.353670079121972,66.98838982522858,34.78304085644313,NORMAL
169.29041145766618,6.325345203470367,64.18799990047138,37.26845539105278,NORMAL
154.55214101769914,6.435744836267936,69.79297040388673,35.00872630127896,NORMAL
166.01277368222154,5.1975893659899315,62.296872557173884,32.960021697837206,NORMAL
155.9271367062807,5.70293051284387,14.084031561356104,36.236015360360355,LOW_LEVEL
169.44340906920857,5.222457203956798,10.791198337609979,41.27806199918444,LOW_LEVEL
164.61549450089356,6.125547861207478,10.64136734619498,35.543844901884626,LOW_LEVEL
173.1523495459341,4.557629737012982,57.971563150910434,37.20505295440265,NORMAL
156.26254138330432,6.176887542144327,62.35461649268294,38.07355075861528,NORMAL
166.51874714269954,6.787357175619866,57.592575164037356,36.782941814348945,NORMAL
171.0033884352286,5.9988220326535195,64.43613973226856,34.113956987403256,NORMAL
161.09584078750453,6.553301150278964,58.75473123899795,44.455276925540105,NORMAL
165.75456125104878,5.708330874926753,65.80181832844903,38.53262359564112,NORMAL
165.24868470216921,4.981760682074728,63.697352181018964,38.554116485023116,NORMAL
165.24837760390844,5.687093378061702,58.67399982490263,37.389429109228566,NORMAL
161.579485083263,5.935576345323746,62.47366308144217,38.73130043057729,NORMAL
214.38468663206194,7.955410164889163,66.48652122979729,36.27897762441048,HIGH_TEMPERATURE
173.45287879233285,6.089674287454808,62.528913515490345,40.28450066652182,NORMAL
177.6257936746701,11.31210784582391,68.63354585668881,38.4152292633858,HIGH_PRESSURE
184.65939273660715,6.468876394641507,58.2610512490972,34.39903545956212,NORMAL
161.53879868317551,6.1631677170838985,12.021375775595262,39.2462198389853,LOW_LEVEL
164.1505445550194,6.123404834767522,53.22202322806968,36.32637966778919,NORMAL
156.1036459651264,5.84321248537796,68.52590162985041,44.166683131279,NORMAL
154.01559472345087,6.485353406758963,69.86106252109994,33.71674957105225,NORMAL
185.0,4.30088422864339,63.4980028351944,36.2891499745629,NORMAL
157.934402950759,6.94452263391547,59.5423527171721,39.70809426620554,NORMAL
160.12994461083738,5.388856056582824,67.01099457998266,36.91874642797218,NORMAL
162.21292519150143,5.914650178333106,56.754293626078784,40.128497370374674,NORMAL
158.86783642416904,5.430192793584879,64.08513258119771,37.22176490457267,NORMAL
155.64259199180464,5.000516456960679,62.76347596499265,43.61764333467146,NORMAL
217.98862215631587,7.172740321882893,65.13413927094788,33.77034690032807,HIGH_TEMPERATURE
176.23057113653246,5.8877363548383155,67.29140606645075,37.98540284533612,NORMAL
165.71674213894747,6.236936429582323,60.11521083432106,40.71215860202154,NORMAL
166.51171782506938,10.5,58.68217971184079,37.46109366225923,HIGH_PRESSURE
165.0878841082202,5.446727942422443,70.37018543993807,40.96422564355818,NORMAL
220.61582138923467,7.9453110833400835,61.1268028312509,40.19354998555102,HIGH_TEMPERATURE
174.1825012858685,4.453038878268654,64.20399532186482,35.182480903711664,NORMAL
178.8090589973561,5.1175841868401,62.0561323981215,36.22609168495469,NORMAL
215.59147928867196,9.269029812411825,58.42068561818768,42.156810860212175,HIGH_TEMPERATURE
215.3582870643301,8.575864515167833,65.82609454660889,41.5878566782434,HIGH_TEMPERATURE
173.9742732078767,6.114962497518725,62.55835287964328,32.97584340321533,NORMAL
150.90968476285963,5.133542646376299,59.95057281963903,34.11268136357834,NORMAL
165.09156351273174,5.9608441041577045,70.11162497608241,34.94341769879986,NORMAL
170.7076836995559,5.485186876532074,68.52387251302514,41.54599415577662,NORMAL
169.10559848861746,5.546149110462552,65.41942173922291,35.93646216492712,NORMAL
152.02459898535832,6.22753131883041,65.90617077189921,37.13106381967506,NORMAL
164.56973959345345,6.463034876251837,66.07445623376732,35.48453013163443,NORMAL
170.9170496398925,4.820239694628314,60.52997767380755,39.19056106788965,NORMAL
160.69347037710736,6.573538644122109,62.184511467604004,30.720096737506687,NORMAL
153.74799498390215,6.592188925829754,62.79276061491895,40.0294638745584,NORMAL
178.622889537645,6.362403905208116,65.69975077545088,8.107530055865292,LOW_FLOW
157.74820840421296,5.424735170059779,69.31824000632302,34.49816379453627,NORMAL
178.14187441550104,5.197957614870339,69.45666283131521,34.42406952214113,NORMAL
161.3012823558297,5.321092384032341,56.38670565547049,36.669468886467534,NORMAL
160.34724852574715,5.404860256475896,63.69257693381289,40.931287156675324,NORMAL
173.21717375140034,10.5,62.25741945050619,37.489037837060366,HIGH_PRESSURE
166.50378869988884,6.137152445110778,68.35496647723545,34.63857050496486,NORMAL
225.66915681778102,8.231732249691502,72.20922015132842,36.09450664186027,HIGH_TEMPERATURE
170.31482939391944,5.6218925121492695,60.065390526246745,37.190596641582175,NORMAL
163.6170313404525,6.307067717191907,70.62175080699348,39.19107428313251,NORMAL
155.48989556541719,6.961222442522053,68.41473396569162,36.63828418418499,NORMAL
169.6702923623436,6.338458187347067,65.18362514132242,42.45968976195947,NORMAL
165.51309441902524,6.166627565381464,61.709066352062294,34.82437341789983,NORMAL
171.02420804667065,5.959293162324917,62.899311807853216,9.76470003204433,LOW_FLOW
162.78224445679137,7.00872782245585,10.668950810420112,42.26900756343381,LOW_LEVEL
167.54398955531238,5.9080998436637495,70.94516804420094,38.47466145886038,NORMAL
168.7069584482615,5.474737284171464,68.10786386209709,39.083933823763566,NORMAL
161.0782227996898,6.114716538353228,65.66578789841526,47.473268551475485,NORMAL
178.7893257662664,6.074540336221877,63.07108470039618,34.08027240027631,NORMAL
165.03037001297167,7.013399088291849,67.04065041487856,40.25111672084247,NORMAL
173.745370053926,12.724651221276503,55.63173609312393,39.14897307604872,HIGH_PRESSURE
163.39116276384937,4.707102675966561,74.19969044995926,39.31628745056396,NORMAL
168.50787225985692,5.565057113496303,71.04575014403225,9.360464285180127,LOW_FLOW
171.1034118586955,5.848679443674624,69.86562936525621,36.362913480756184,NORMAL
171.12947173480228,5.873739423230186,65.68395878041147,39.50101334845842,NORMAL
152.7291087606709,5.43333778000858,71.29488747786051,40.010312275211476,NORMAL
165.06395223639052,6.2015824955999035,64.98597073754112,34.578703686527824,NORMAL
161.61054230878185,5.006328201172307,55.41231895771176,12.0,LOW_FLOW
163.77051916510385,5.635487746021202,59.62367949269569,33.19750013226977,NORMAL
163.02631961541823,6.793765275005253,61.63574451087804,7.914168713936519,LOW_FLOW
163.87411277542242,4.410454143847132,67.77098806254898,9.784208087314004,LOW_FLOW
157.4676991821616,4.979308606852794,63.52204008391171,38.79556206895155,NORMAL
165.76310791304337,6.384318145832891,58.93486356072827,10.79113775541996,LOW_FLOW
164.38115056143317,5.325667550671319,70.33406013133376,35.61181855452465,NORMAL
180.14439108338036,5.632547239671725,63.63908002665522,39.04255051741672,NORMAL
162.645218211782,5.429521485333785,71.44058608915518,43.0899190344267,NORMAL
160.7521879635543,6.858574321924617,63.52524902463647,34.66637021599255,NORMAL
167.95000627266,5.346241683147616,65.94863089599318,41.038159457476105,NORMAL
167.66839209308964,6.1767639372220495,67.61736377573526,37.508702273891146,NORMAL
163.31887200487265,6.428287473371598,63.97737153686788,4.85217910750823,LOW_FLOW
172.0473877055936,5.603321370213897,58.86225491183908,41.21076192152633,NORMAL
179.2795849830411,5.139419368610736,60.42641907324335,44.70900204207092,NORMAL
167.4916226744275,5.7108230330423,59.72954904935132,35.31205744126787,NORMAL
168.4820316573685,5.240305358236646,64.68343114948705,40.28451599722023,NORMAL
157.76046225746325,6.1076751241405,61.415505956667936,11.189490030707644,LOW_FLOW
222.33243709588672,7.941773395339459,67.85001075611868,40.47605107970388,HIGH_TEMPERATURE
168.26428941505014,6.8691460840291185,65.34657875470563,36.75688654420637,NORMAL
165.97481387219986,6.582559824035287,12.65676786279619,30.860278005940746,LOW_LEVEL
158.33123293544082,6.053875068276369,63.83919382662229,36.18353904434919,NORMAL
166.82582664111123,6.271013245381454,67.17353934385198,38.9508619817175,NORMAL
164.43218612394088,5.855258837163531,11.856037340832025,35.20109599213863,LOW_LEVEL
162.2387450620568,5.469879748168324,57.804495944290174,37.62150785585295,NORMAL
219.86958804577347,8.080962051937526,63.18995570492443,38.47222629272289,HIGH_TEMPERATURE
164.08542265596202,6.236790556679049,63.87992738239194,37.959102302210574,NORMAL
165.4091364684173,6.313194497841665,61.418627166650715,37.55448561511675,NORMAL
159.7890056794596,6.524454627837644,66.34415085247738,37.13080601470883,NORMAL
167.50900005891333,5.888057066880769,13.018314316258866,37.850867675904055,LOW_LEVEL
164.7705562391901,6.133923605851332,12.545474547112704,43.71171958860467,LOW_LEVEL
160.74498004845793,6.43657342853538,74.28563676471553,39.601523049724804,NORMAL
158.12635185139544,5.95817767472769,64.25763965796517,36.39398325539513,NORMAL
161.62930180283442,6.977040506968576,66.03103063404045,34.32553475004882,NORMAL
165.94482772005168,5.819330788914334,70.90263957564453,35.62070063820598,NORMAL
159.3031836649685,5.855259485513674,61.79452308629576,36.59551479432089,NORMAL
167.3216024318695,6.527758681751975,56.697169140723766,7.463367427690214,LOW_FLOW
161.7777364711501,5.315847566214934,57.19298888543718,37.773782515988245,NORMAL
151.44519105430973,5.500133363971654,69.60779273903611,9.35419562484967,LOW_FLOW
164.97048779481287,4.957354268368239,61.01193170816571,42.45260816526087,NORMAL
165.24510659612136,6.140632870834774,61.36400510737081,7.961919534867006,LOW_FLOW
155.43712820561518,6.632845464510182,60.37700129032885,37.77999575299931,NORMAL
179.78174394251863,10.635566693154242,56.80641260973781,37.08712917776232,HIGH_PRESSURE
210.0655113070824,8.05841938049201,59.98628155411974,33.63303464530036,HIGH_TEMPERATURE
167.23433870345718,5.990114057549384,69.64073904208513,3.6342873238408493,LOW_FLOW
163.6368926131511,6.263266757287794,66.88311492339747,41.956430180367185,NORMAL
168.51939173350132,4.4305518959050305,59.81306999673898,36.22912717697417,NORMAL
167.62639076723596,6.143607893501114,69.72024267341702,9.698276223992464,LOW_FLOW
165.4278530145752,7.09938052050331,68.9931963052432,37.88811064113046,NORMAL
169.67584656375922,5.445379925084117,61.36452732302558,5.696689591043841,LOW_FLOW
226.03654432668029,6.538626763130473,62.657300525489035,34.09748400182596,HIGH_TEMPERATURE
157.279065902141,5.962731440952646,60.479373467201285,41.245351001492374,NORMAL
164.40189949269353,7.059020672327475,63.15473507315611,40.62751934090844,NORMAL
227.31097017938058,8.34950676484016,60.393908565642924,34.24649144582272,HIGH_TEMPERATURE
161.12775894741858,5.361819606570235,65.22647482162542,39.86718509511061,NORMAL
177.3898044677029,7.063919552577058,66.55478226074786,35.88516215918901,NORMAL
161.12215390760804,5.885495818584378,67.74946263281014,35.297079890329066,NORMAL
169.57793936149818,5.958349630199284,57.49697441589383,34.805219957772465,NORMAL
168.67920213046216,5.1939469820385895,68.18677370334521,36.21018101985404,NORMAL
168.02370100827258,5.314724479865381,61.08551140206685,43.1642704673267,NORMAL
143.08950850445333,4.502147708572772,67.50879236701837,36.85810460459529,NORMAL
163.59330078284967,6.184459443567888,10.967696977041202,42.17018817727228,LOW_LEVEL
164.7805331665302,4.920837058792162,62.65923413676557,38.44898940550263,NORMAL
223.13485474578692,8.412804467351615,70.26314869818283,39.27319543602097,HIGH_TEMPERATURE
160.6837185446309,6.592715370933745,64.99735243247068,36.572574303394255,NORMAL
168.1981938137875,5.3370560210342335,80.0,36.66670707594636,NORMAL
164.17563685682146,5.228875925506453,68.41249215798376,5.80144441844808,LOW_FLOW
171.71654472619403,7.071278461017736,65.5233268277529,43.85619761014133,NORMAL
169.5193382501833,6.3819646059207855,71.63860196590466,40.52253320248114,NORMAL
157.1051433725741,7.0348303703081605,70.04986824769529,38.344568114858646,NORMAL
170.32666478245372,6.218446496855228,72.05208984308169,39.90417556753766,NORMAL
167.5463296212249,5.259262028360552,67.43802861824442,33.45034972478734,NORMAL
167.32032317186827,7.205103842107841,69.41230575032904,36.61737715226081,NORMAL
240.60787952240844,6.818523076072909,62.97457416103062,36.4992984792592,HIGH_TEMPERATURE
163.57075864788888,5.324180325461695,57.90141308411785,39.156337746833266,NORMAL
160.01416653243092,6.016649261603699,66.23756427902549,38.30949345492263,NORMAL
162.14710818752556,6.567228211737965,65.97219035026767,40.59934103320931,NORMAL
156.72711088376232,4.098284388123278,71.45265722609801,34.91430455465405,NORMAL
161.2738546811354,5.797465508222911,68.34405450238661,33.67334971367414,NORMAL
158.42531762873958,7.194800546917131,70.85651816058207,32.76622150452326,NORMAL
168.20211724048247,6.104626513560173,10.589991720283644,35.36310847226879,LOW_LEVEL
174.47373402697826,6.991194760723211,17.36942970674582,43.09475545447947,LOW_LEVEL
160.9982811299499,5.257515245637723,77.07723080905195,40.461497616139226,NORMAL
170.58253471200004,7.23444461739182,56.97953999155718,42.91868769569185,NORMAL
155.5403954223485,5.785792913832234,64.64278628002833,39.30550601394515,NORMAL
160.6975092291429,5.031113601094029,58.644273117204634,40.61542553672338,NORMAL
173.51367591086407,5.519099486260264,70.04977778408181,42.445364226323676,NORMAL
161.05712184883552,7.827771874871488,69.66059762627673,35.51480445472838,NORMAL
183.2123095163447,5.1551012042429,72.24905915185478,37.8231848363863,NORMAL
157.54383939479573,5.698156354693032,68.36679503129551,7.916170847839694,LOW_FLOW
154.65196112529298,4.301864116545731,55.90960308199264,37.70241163973731,NORMAL
166.09325205003066,5.4272813374698465,65.76096440885952,34.7114982958802,NORMAL
172.28982404152518,5.773279082695587,63.807579589407865,36.64690755936261,NORMAL
171.3265118739228,4.798415374940997,13.229611709173986,45.23447333138569,LOW_LEVEL
175.5473883383543,11.717726423860345,66.71417926193672,43.5544515426887,HIGH_PRESSURE
156.01634360714297,6.698169208594457,65.75237961004308,39.5986016239221,NORMAL
166.18543102297133,5.9091924866925885,66.46421879969034,40.93777790976138,NORMAL
159.82071835438705,4.7153375464884775,62.5525279437149,41.335209976545364,NORMAL
169.47176338629473,5.724996449282869,64.08044276867989,6.742136358116861,LOW_FLOW
160.0426725269711,4.8194663056669,69.67157239867151,35.08567004983858,NORMAL
163.1664967105738,5.218829436330643,13.145664589425582,33.866255148582134,LOW_LEVEL
155.44125935257574,5.852663224275421,65.41492224288648,7.062384913953832,LOW_FLOW
230.3496529624424,8.504975418856201,63.92832121102747,39.11751091585359,HIGH_TEMPERATURE
166.85735911701005,6.347995368270266,64.72065435060777,33.15190575408192,NORMAL
234.5936501392673,6.503717542064703,74.65744426483317,44.702326630344494,HIGH_TEMPERATURE
165.99757822121077,5.316178304528791,54.11156190952331,41.2571202299151,NORMAL
173.5080714276122,6.894303565080239,65.22596377261327,31.94299371223149,NORMAL
221.05969507509053,8.389829973513168,69.6194455266602,36.125620748454054,HIGH_TEMPERATURE
172.2197225394005,5.96057193781911,9.579105940681693,34.586302618037834,LOW_LEVEL
161.66930648433097,5.25436654241254,10.24879395874175,42.406255696841086,LOW_LEVEL
163.37104415937574,5.891296763928227,68.61375528848816,8.428671494821208,LOW_FLOW
162.56458589714666,5.913773792968766,61.736610067063694,38.18946610412958,NORMAL
158.75086006173777,7.978078878265637,75.96091251078145,35.795434788701314,NORMAL
168.34886655767332,5.455181988111362,64.02884780325374,8.979222860422324,LOW_FLOW
160.08732179724507,5.8868619651826135,67.99950216991449,35.48119100336694,NORMAL
159.711194078782,6.047359691548199,69.396025551838,5.899354088755011,LOW_FLOW
217.83261499042166,8.773180131108235,56.8046250041882,35.32612316168103,HIGH_TEMPERATURE
160.31158688019553,5.866225653154063,65.77912534820103,43.55956749850454,NORMAL
158.72593192867856,7.210798953524465,66.8452658800328,34.1251104079378,NORMAL
158.18770248651384,5.309887517505218,71.92453468822626,42.44620711338925,NORMAL
153.0210146392437,5.95823206360763,72.25793685922994,44.130010761286336,NORMAL
160.86791406271334,6.417023534698202,71.54072046753025,35.3393911044853,NORMAL
180.10339177223574,5.816720964804978,63.76465985085706,40.19692940596679,NORMAL
173.01467175639527,6.367544876988758,63.47373271216322,42.373044648473446,NORMAL
160.10322560752152,7.109682849929701,64.01785538996914,37.687437339795665,NORMAL
216.3664711336618,7.716840205366243,68.75078873130836,41.4982145984939,HIGH_TEMPERATURE
166.58704928501152,5.221367659653051,66.52765504378208,34.17058684529104,NORMAL
172.67672420600059,7.127630655490064,59.048169318812,42.57619300662377,NORMAL
155.0948689576001,7.49676555824243,62.962406787644944,8.756554171208498,LOW_FLOW
161.75283327787602,6.411481881284979,12.682858691248759,38.22957173121732,LOW_LEVEL
162.08457265548606,5.3464304509074685,68.7456158596829,39.57555157086824,NORMAL
162.40966636570718,6.118123316659733,66.51106731789997,37.344100950659616,NORMAL
150.18270515679038,6.045618346454962,58.374448064381205,33.93952528558094,NORMAL
178.6541411233518,5.1504780553026,67.64160161639438,41.510072906200826,NORMAL
162.91817095549504,6.349060886734701,66.19567431166018,40.12571740601829,NORMAL
171.38287360223416,6.369220116402891,61.18201171186032,30.143961760189278,NORMAL
161.92603269695545,5.525743618183554,65.51548016254903,39.14809926240081,NORMAL
163.5801801032513,7.927504050971336,65.91996178887572,33.989698825464174,NORMAL
151.51522146092154,6.160619532111264,67.12795125184134,36.591791805098424,NORMAL
173.5830917625,6.814079888414691,18.0,35.438809438275705,LOW_LEVEL
165.6276010462233,5.307720092533682,59.46416201126726,36.72855247090325,NORMAL
151.24671092899163,5.018984196593074,68.42948679921702,36.23481988127838,NORMAL
161.84315901712327,5.179769153681706,62.06017981626951,39.199576489288056,NORMAL
171.95740605355593,4.853666487939061,61.8471380421339,39.46364605895841,NORMAL
176.75949784752984,5.682991920234605,74.64166472233553,37.58352170442204,NORMAL
177.77622287880786,5.953094444472342,64.30347448922129,45.087852673360615,NORMAL
165.66896861928447,5.659018932721661,66.7472561164207,37.5424939213548,NORMAL
161.17177204193786,5.825899969524583,62.85894158293481,38.70555986687424,NORMAL
178.75287256018342,6.104879388974986,66.26358810588926,37.53469838209795,NORMAL
167.73602765936818,6.108756022280915,59.74809229300619,43.53956343468435,NORMAL
165.72467925521397,5.344986760570954,62.22999527058176,33.07687611669295,NORMAL
169.08566359370812,5.179005801301144,62.089254968211634,40.72302384508468,NORMAL
157.7095080901306,6.451335478701092,73.14687586401317,43.06333936049097,NORMAL
154.81439580774358,5.995081410473462,10.958268049988735,38.68590066795476,LOW_LEVEL
229.96450161304867,9.465602628044586,60.127125142923695,38.66976925668004,HIGH_TEMPERATURE
153.4641701148799,5.041109574351499,64.59216939784707,39.18615825468914,NORMAL
228.3871062739643,8.420577824879068,67.77477929919607,38.81879848268329,HIGH_TEMPERATURE
161.28959646918852,5.244985065664287,65.01345413207346,38.7449505186668,NORMAL
167.07846285444407,5.759389929923501,61.68654719525066,39.48676476689875,NORMAL
184.86758523148922,10.681189398259265,70.39208147432143,34.841742710453765,HIGH_PRESSURE
171.20332421108105,10.5,63.14881818865658,39.95468979715844,HIGH_PRESSURE
223.2629352627799,8.22854270026158,64.21450587401927,37.880092732546,HIGH_TEMPERATURE
154.52723958089612,6.143601281116319,71.36266566993312,37.86206544888196,NORMAL
156.0081572222522,6.061850416092044,64.40443791956783,4.516205935448326,LOW_FLOW
233.84496362779046,8.372741190626519,59.973208049006544,38.72017765075074,HIGH_TEMPERATURE
167.22860731609444,5.410977892833746,58.498868274333205,40.348177000637506,NORMAL
212.85287957569477,7.8911988515782845,55.320686232500364,39.941714282088526,HIGH_TEMPERATURE
161.4592236786323,6.29189086377338,14.5272036989389,39.928693189465264,LOW_LEVEL
172.19860665702626,5.653263981686914,64.58891602940021,39.06225164608521,NORMAL
171.5416928501033,6.753038645595005,71.53394874812696,31.83064019007007,NORMAL
160.82769084170894,5.936949462933977,58.507840154517375,39.05509330374699,NORMAL
157.6787510732326,5.5717365815781426,68.75157794658465,38.533029823286604,NORMAL
154.77894115865246,6.579916787069037,67.12548264465501,6.9323595760434635,LOW_FLOW
162.32703413295752,6.173875845532578,67.73138618281988,38.39354736354986,NORMAL
159.40598321468764,6.816596994572771,64.87969103169966,32.41435075958705,NORMAL
150.87823747757722,5.774846155950625,64.3665717342064,37.18844620584087,NORMAL
157.45472060504488,5.603490678402244,67.8878865920883,33.3187111397467,NORMAL
181.43636075696622,6.208886721141669,71.84697248439007,39.311852823801225,NORMAL
161.4875687191605,7.040305452102347,57.1376229310328,40.21147267507164,NORMAL
157.4405293150392,6.867844816024924,71.97545768660393,37.39268547662896,NORMAL
164.54925676980466,5.467704322441043,67.07173999739666,9.114962790732807,LOW_FLOW
210.0,8.454529705535627,58.9174167459995,39.168118274367245,HIGH_TEMPERATURE
170.3769145207715,5.095155638601476,66.16813175622157,37.7712420385397,NORMAL
164.4557645129779,11.937790077070751,66.22254066914171,42.799668763873925,HIGH_PRESSURE
169.7225645838911,5.520325774630719,72.49090315088246,34.78623194241581,NORMAL
185.0,5.022113918957377,59.858678003393166,38.44074429177765,NORMAL
174.2323736733695,7.596653783139088,64.43338354608962,5.461924592818811,LOW_FLOW
227.53299034341038,7.1864074979972195,68.31294880818903,38.600067366543946,HIGH_TEMPERATURE
170.05443759369544,5.088881854222585,64.39735529961138,39.66780042681711,NORMAL
162.368641037333,6.537214446121102,69.57535377084045,37.54004282383002,NORMAL
160.75342537496283,6.053266135245761,60.33288731099667,37.26014338038736,NORMAL
162.26127249068895,6.200336459788022,52.77266989992357,42.92254524866761,NORMAL
165.25252533831932,4.719048886369433,61.9387689651409,37.1071117398107,NORMAL
172.21561570470766,11.319667146466113,61.0225758625287,37.72730300803218,HIGH_PRESSURE
159.18460032855876,5.979027266120615,64.91555338817591,42.93293186367025,NORMAL
158.98377022030752,4.937128421092678,65.65602972940098,38.54629128855971,NORMAL
163.49600718786562,4.683039262330504,73.98849918897402,36.48962474276748,NORMAL
217.66528722352896,7.77973715675814,71.93037214441483,37.965435153465215,HIGH_TEMPERATURE
221.14150835846533,8.31239039728538,72.57580861897964,36.399444459906874,HIGH_TEMPERATURE
170.1798775256758,5.442129642703156,64.66638430508584,32.785605666847154,NORMAL
148.8871792410777,6.435708732731626,64.35488939693094,36.95521813926571,NORMAL
228.36993830913,9.069015485862604,67.45837215153423,39.687711295783224,HIGH_TEMPERATURE
163.35029609064543,10.5,73.95289421557567,32.67900012427254,HIGH_PRESSURE
167.92389876030805,5.102218759207209,62.11165307627435,38.43384886109925,NORMAL
160.94821332708187,5.14056239587327,65.33509495166669,5.545577670478264,LOW_FLOW
166.5711568400815,6.481960218680388,65.92614665468207,37.113286380430615,NORMAL
157.0286509919809,4.766728127344662,63.1514148738199,34.86302763410698,NORMAL
176.15608873132402,11.4754137655113,68.42718990881563,34.789987439505346,HIGH_PRESSURE
221.57481418857066,8.845269376364314,67.41630499041483,34.366911109546784,HIGH_TEMPERATURE
164.2784606929809,6.028956314576611,65.72753276315808,36.32820233484364,NORMAL
172.51536337438546,6.396485517870124,75.52637548430333,33.30534342364478,NORMAL
225.417913478931,8.45803889876466,65.42781132148491,35.14602649678449,HIGH_TEMPERATURE
157.05041698314812,6.768703776531423,54.83236710516022,37.40884016933233,NORMAL
169.93825264393806,4.357948230247622,65.54593863152681,37.1128233380377,NORMAL
179.3863016073845,5.93174773975827,75.32597619044161,42.937340188261814,NORMAL
171.5811618274613,11.766458165680419,60.37588162010098,37.830475423562,HIGH_PRESSURE
163.48252788967784,5.8026165425093925,62.11323347539671,4.638244482696965,LOW_FLOW
164.37355773754908,5.708232738844684,60.17614623118653,5.953351229465966,LOW_FLOW
157.59137567719605,5.1707117723089615,63.841295566771855,41.756225063775766,NORMAL
242.15362141774938,7.771164264995453,70.95912659008049,36.36588073176695,HIGH_TEMPERATURE
168.9296684555549,11.13613603503654,67.18980510501464,37.8288041511275,HIGH_PRESSURE
153.26206405210587,6.198199581653296,65.63582780642517,37.66368604053875,NORMAL
162.07426571483032,6.519350943796251,58.59793493526518,37.62560642703681,NORMAL
174.42760680254665,5.714323866825496,60.65692729573225,38.41253691838396,NORMAL
166.90880632742756,5.899499147353286,58.63235337280755,43.256372331993234,NORMAL
170.73392561070514,5.957269692797688,71.21888196313904,7.475487813954968,LOW_FLOW
154.88455711058228,5.241004279415249,62.08976658943961,39.87197288108954,NORMAL
163.75893495055524,6.003153545856546,65.44994234554416,33.24292763244632,NORMAL
213.5841194015581,8.020778351333943,58.22629857453859,36.22787117970353,HIGH_TEMPERATURE
162.8921819985677,4.779690225604847,62.562639425992174,36.97398964481515,NORMAL
173.6996369611877,5.574983039699192,65.88032331857922,40.308453210639996,NORMAL
159.69838873315788,5.590371146431334,61.80952766162989,35.79488649631598,NORMAL
177.53181101744127,11.34442295093688,54.12585569988317,36.2692806119878,HIGH_PRESSURE
166.49317275877365,6.32295412226274,58.045051236291414,7.642969319883677,LOW_FLOW
168.55781454556185,6.770834773365439,67.14940786580742,35.861092547802045,NORMAL
140.0,5.452349772387848,60.17047754187447,46.294465585562584,NORMAL
167.0763341245723,6.2792172641636474,61.34916857067174,37.09417421095829,NORMAL
159.1918792183922,6.3836613928574995,60.76325942826092,43.30379582894475,NORMAL
166.4480380893376,5.939296844842254,9.526366081686373,39.92970189462615,LOW_LEVEL
167.77542315149356,6.0935613887606666,71.9804863060706,10.042354756958115,LOW_FLOW
183.14115363119404,5.153615086723331,59.017801930265016,41.68000092991022,NORMAL
165.39953845205918,5.952131650889094,9.593650376877214,43.82879126351419,LOW_LEVEL
171.5754976088694,4.62420197392502,71.28078746865889,39.170754390981706,NORMAL
171.00763723153028,11.042859860846878,65.16866099874167,41.82691483028517,HIGH_PRESSURE
158.8757177805623,5.073205533688923,69.07251910725749,38.696834093763115,NORMAL
176.8367229892075,5.681189436131245,62.73648760350405,39.06087149417308,NORMAL
165.67184802651565,6.337844849619043,70.94662324276699,39.39642421115882,NORMAL
171.2208762422283,6.463501697043422,67.23125382029927,32.819443418667554,NORMAL
215.84250812412773,6.874769546701357,69.09458299947295,41.33426062614613,HIGH_TEMPERATURE
184.997296285279,11.139372582653598,60.25652057353215,33.94348185702734,HIGH_PRESSURE
158.25415783765703,4.971234190550787,63.768134781259846,40.915561911750345,NORMAL
168.42108975103795,6.259136819935144,62.2745407781711,41.57317128559087,NORMAL
167.2309142771779,6.124061101687678,62.37516326050371,38.36112754150713,NORMAL
157.2414554939054,6.076649387892663,54.63266821670654,34.2274641240353,NORMAL
159.24415813372167,5.236538017941501,61.79672545748783,39.28283069852941,NORMAL
164.96293622220523,6.598271160543913,72.05351701594329,42.83344876648098,NORMAL
153.938094637611,4.605950656285224,72.68852800398571,42.00671523699228,NORMAL
154.76402563268883,6.172797750391851,65.1219653493142,40.25055459564388,NORMAL
244.37748757573425,7.137264432284364,65.68112562243346,39.98713840373421,HIGH_TEMPERATURE
162.42034669079794,5.402873400200603,71.77558445252924,7.227653734629512,LOW_FLOW
185.5522757293289,11.189626026884815,59.3497778367158,34.402507340041296,HIGH_PRESSURE
165.20102968972827,5.506366153749472,64.79070397967477,44.06717845624124,NORMAL
163.6898871670224,6.741170126992956,72.35462226252653,38.39905698705101,NORMAL
231.4367844964892,7.500426164528312,69.53750047460326,39.69357995466929,HIGH_TEMPERATURE
154.58452343869197,5.909914033018708,57.56837512099939,41.2147525752638,NORMAL
170.14685762607735,5.765278549378,16.192075841695225,45.11725410223871,LOW_LEVEL
175.29864889284053,5.782365329549199,62.63098411296153,34.91213325109886,NORMAL
230.7225399214348,8.274281193609124,65.35873716533943,38.24763551075629,HIGH_TEMPERATURE
153.18153796546133,5.768173724163495,61.02982406662465,39.35831184069138,NORMAL
161.71572809587988,5.771315187989135,60.334064671882764,35.89265997768039,NORMAL
174.44421809929577,5.669586270702589,66.92242166665059,39.474632777284825,NORMAL
164.4342752662043,5.965662008577045,67.7376872243992,37.910712141168695,NORMAL
161.44552438243454,4.745063219629876,61.89250482288844,38.531237837785454,NORMAL
241.27041967348453,7.952666389013044,60.750309295902206,37.64740753344448,HIGH_TEMPERATURE
167.70059639039147,6.176642081939013,59.27798093975054,34.827138816123295,NORMAL
159.34659588891267,5.6672506341138496,11.522139208949506,40.36337696455861,LOW_LEVEL
169.73056583081987,7.244611253765101,64.7996306272644,40.49680413052364,NORMAL
156.4379969472551,5.543328269713801,11.762775554211494,39.46275061961011,LOW_LEVEL
160.62769765577298,5.481878126994041,71.56943262984217,41.343639472642664,NORMAL
165.90696430420178,6.772417243298758,66.02540039772067,33.946167492634586,NORMAL
222.50737258424965,7.754096815609528,77.42940668973048,38.64113932225662,HIGH_TEMPERATURE
159.57320096927086,5.529588150003704,71.09321794509478,33.63764151409011,NORMAL
156.83137238944298,6.174307495197216,11.160875033575687,41.89709258914853,LOW_LEVEL
165.73035017740364,5.681135913286346,61.370695740721224,39.6531960535889,NORMAL
225.69582488114347,8.755443742317798,67.56863996897505,38.724170383993346,HIGH_TEMPERATURE
165.43482868312304,5.004179545851888,64.01289041167684,41.05711484004983,NORMAL
148.60108687208998,7.352167077755626,67.24665927189791,6.983922986667915,LOW_FLOW
228.747280081814,7.364588333950398,62.92460647781667,37.59481489059699,HIGH_TEMPERATURE
182.96479007601778,12.176163769849431,72.38757270971631,41.3853389201779,HIGH_PRESSURE
156.16809091702672,4.619107043064315,70.1243961641332,41.14947143459744,NORMAL
172.63478663273358,6.664226836758454,65.649655644975,39.22070231509973,NORMAL
144.1848934795865,6.137885513214821,79.11558705633573,39.90054042165476,NORMAL
176.25949528282106,12.0719902130631,66.93992792194408,38.39216429847789,HIGH_PRESSURE
189.3666784750342,12.05472470898131,67.08359909892536,36.41197438926665,HIGH_PRESSURE
150.52306424866217,6.886160508904019,66.2770155563571,36.94575651446623,NORMAL
170.68981263834283,5.793303669095964,60.511463005123744,40.349994407059526,NORMAL
158.95482626859845,6.345298263375888,66.03345350239873,40.96481700775145,NORMAL
167.18290014420617,6.438021180162711,70.94344325804686,36.95683329520407,NORMAL
182.66859882830505,11.523734246608813,59.67796984370844,36.182950804438406,HIGH_PRESSURE
162.71001013155447,5.854800234312233,59.21393098491556,38.960252416327265,NORMAL
161.3384045523454,6.694733629508137,58.21153362843104,38.34620025815948,NORMAL
152.55297533487024,5.894863762833531,12.815854491403226,36.85252480559893,LOW_LEVEL
163.21368222356813,6.150038752759216,64.2096257274355,41.1279011801791,NORMAL
166.4074374286425,7.20638307897297,18.0,34.32435261231098,LOW_LEVEL
159.4773633665778,6.998056831504078,59.94928222907538,41.97865928677303,NORMAL
177.74182764815654,7.004425152115174,66.18146099298338,35.63570106199231,NORMAL
175.55210558193116,7.438833801033033,77.10469257829419,36.653633251521754,NORMAL
164.17263909140294,6.896861394633801,67.15880503925142,43.25190509041989,NORMAL
167.49607577240994,6.624661362158016,67.0511742221081,36.9466227865248,NORMAL
170.67491765492267,5.790418325131599,62.582174178456654,8.398843444019553,LOW_FLOW
163.94595614823626,6.39767370096297,12.347034443715833,36.35406548779499,LOW_LEVEL
165.41738654926027,6.718152492106159,65.15065514625817,37.38921796236732,NORMAL
165.18684252891646,5.916612476398568,72.21849651473828,30.360401188014254,NORMAL
171.7136108412181,6.319675901847582,80.0,39.43394289152666,NORMAL
159.5796798967448,6.800152911953959,66.7113271238599,35.724079465938246,NORMAL
178.5004243158931,5.142371019868195,66.91285344045376,32.816756027042615,NORMAL
169.00371619988096,5.5116068005535785,61.04379590870974,39.72667679992888,NORMAL
163.98957463544937,5.925478697634076,10.755186737775885,40.091314616220004,LOW_LEVEL
167.82176130421075,4.971099738725005,67.63803257444629,37.294718294350155,NORMAL
160.5164042495754,5.608370479795768,72.60061408425663,41.82433082514498,NORMAL
159.72401843061385,6.734285485889027,56.70582011669069,40.89545601002167,NORMAL
159.19819148371397,4.963851137212633,61.410198596923365,34.86153311454446,NORMAL
226.43764249047487,7.780640038280453,68.32550347610619,40.20967887465362,HIGH_TEMPERATURE
159.05738712604347,5.5009165585800455,63.55454144731424,5.08127666748687,LOW_FLOW
159.87948776826374,6.7892705400101905,71.45280342927943,9.271562287757483,LOW_FLOW
161.42029089434814,6.407305454117948,61.450653362732865,36.55170630619063,NORMAL
160.46964067535194,6.875776637618525,65.37842935182985,37.710174339795536,NORMAL
179.80370587075004,6.561555674508599,58.44935172638219,38.090290857829665,NORMAL
176.49384327760504,10.989860940359431,64.9681512633247,35.94400452826738,HIGH_PRESSURE
161.86219189663774,5.632585044300572,64.55110375164396,33.27018998519762,NORMAL
153.69887181919023,6.102267050012679,70.45067002237862,39.25883077935011,NORMAL
167.5283829651543,4.804338606210672,65.13283805678773,36.329125669479886,NORMAL
171.1655902567581,6.138131091662215,71.40386658071584,37.86409762043587,NORMAL
170.62420367236328,7.113883378860142,59.365134138106,38.053126885544025,NORMAL
152.0326918535348,5.7439702966667285,68.19561178826689,35.11043633738,NORMAL
156.80376869669595,5.9710639033252635,57.56105034845824,35.32545745901816,NORMAL
168.3479925964031,5.484988944108412,61.32565746586742,40.344106128477115,NORMAL
173.3744036176703,6.216764734628244,9.436519135241316,39.6553006319429,LOW_LEVEL
169.92783538060397,6.709727783871929,61.26070586276545,41.59194420286167,NORMAL
166.36764281750004,7.037602859553255,66.18496251699663,35.008536807039164,NORMAL
166.62237821518224,6.222187314159595,69.66033404488056,28.690712148903437,NORMAL
148.20634925951003,5.845723854552719,63.112949842766305,34.94501990488117,NORMAL
161.87457917920642,5.6189747454090755,65.61294282799622,45.90078674161808,NORMAL
185.5697662655375,11.659294800132827,69.37677873735034,32.810302091617764,HIGH_PRESSURE
183.17581988125477,5.58667437284426,12.544824230401622,41.970553802540046,LOW_LEVEL
171.89600040329708,6.024294246999486,65.48474290461864,36.26701755689995,NORMAL
160.17617349946397,6.825976017620312,61.02811930073078,40.903775388167894,NORMAL
165.07338598545704,5.256525023870026,66.36486622062128,38.61744648989199,NORMAL
170.28029993432267,6.805156630948217,67.86060075790651,37.99284887072861,NORMAL
164.24589956597956,5.510865606829629,63.98823120127259,38.69732928201791,NORMAL
178.7788795359652,5.518064762393944,59.25765012812496,42.922772603160354,NORMAL
168.84267436705105,6.864835018224903,68.23262872929745,39.85162860093581,NORMAL
169.1232832232065,7.182875834308711,70.45945264447332,40.37342191548271,NORMAL
157.33590719439016,4.469594728061148,61.609927707397595,38.64342521689109,NORMAL
188.28048586301048,11.323843412044848,64.21288594857373,37.09376617255289,HIGH_PRESSURE
168.21711422886858,5.554136783830888,9.106231878166454,38.30721789459832,LOW_LEVEL
161.82244552066342,5.032085573900206,72.08363427994043,39.98034911853906,NORMAL
170.5538498404582,5.564362844316661,15.605542806236322,38.214634238475995,LOW_LEVEL
169.92205413574848,4.939573914952346,66.59421520070228,39.884628189279354,NORMAL
155.27597712923443,5.875195584607613,63.49388903136843,37.536439151936875,NORMAL
163.30762717535578,5.753284613445694,65.14727683732143,44.58003015822444,NORMAL
162.5503833682276,6.348101157600465,63.075833412478424,42.04423350016207,NORMAL
147.92245066018515,6.8897503096021,62.567518087011166,31.892817517014386,NORMAL
170.29665227665402,6.791970733370817,56.929902835280295,41.59179146398893,NORMAL
156.39411233083814,4.977906529103754,60.97986239435954,40.33733055637001,NORMAL
160.031905961541,5.76389909451063,54.37200837734677,44.107571843732885,NORMAL
161.2998289284574,4.6951285774935,70.07904721092933,38.87364776395067,NORMAL
164.7948875172186,7.054738014482992,70.42168503459722,39.02130596511076,NORMAL
178.20742345784998,5.268633773985389,64.95439773736862,37.2912426056906,NORMAL
168.81628101781166,6.764334505033296,66.05184689993558,42.85756235696716,NORMAL
156.66729893902982,6.002593745558232,70.19174002124664,38.99816632469591,NORMAL
161.2410780062434,6.435606714240863,65.53914573720428,37.14072116414678,NORMAL
168.98338347415503,6.5082903392808875,67.47655020853716,43.872290005753975,NORMAL
176.48004942391148,5.665468922158596,67.13241202115144,43.54609317970274,NORMAL
168.46075561380923,6.253487483159888,62.88138266317537,41.94439738812688,NORMAL
169.95336893580316,6.188430052179361,62.68555412287385,33.083045639862476,NORMAL
161.7288072783297,5.479955462463675,72.87139929500631,38.19388375870776,NORMAL
155.88675139572575,6.377814162079446,76.46752661662931,39.258459756390465,NORMAL
172.30732332783245,6.305905341456146,10.500381547913577,37.54810884445401,LOW_LEVEL
172.7972615256016,4.0,64.5223394549818,38.273601445334826,NORMAL
168.40899157455542,6.232217289538878,67.73972016695649,36.017522272732066,NORMAL
177.9886974237831,6.4119990109464,65.31903546206874,37.975109697140645,NORMAL
164.91489058705446,6.706780016963175,63.629838685871405,37.53099371307054,NORMAL
163.6314733685664,5.99807633652257,11.891861732106394,34.35707615920192,LOW_LEVEL
172.89911823242866,10.5,61.6404281688991,40.94318188842031,HIGH_PRESSURE
163.76194767760703,11.935072156667077,73.4321283796763,33.637833198174775,HIGH_PRESSURE
165.81977893682526,6.52694910615506,58.86840580351364,43.17509882610371,NORMAL
156.1325082810255,6.5927327283127015,59.74569948832299,8.936597246800057,LOW_FLOW
215.6494798295486,8.673117621105195,62.23383757812949,39.22979049344581,HIGH_TEMPERATURE
170.64775797359053,5.924315413248155,68.57313944794777,34.09814751717276,NORMAL
178.4545329544066,6.104638870517657,66.74359862744737,39.16059363333038,NORMAL
170.12170927463006,4.79463411131738,62.09175327983884,40.13374075568943,NORMAL
161.88152157475386,5.344381527672826,67.64900759973766,39.95759051809708,NORMAL
172.29721916781423,7.588728798499638,60.85428181916917,36.10040940871525,NORMAL
170.5088936078311,5.496317163729308,66.44990249246749,37.037741732078054,NORMAL
173.8480503320223,6.496155521333664,76.21370361794884,42.01402715663024,NORMAL
155.42175086911465,6.180548613546899,13.078539933564748,40.76888939085259,LOW_LEVEL
223.27860569553349,6.300804814403626,59.46354920259076,38.1566703151918,HIGH_TEMPERATURE
166.3652155340004,5.468571628778389,57.93536551669967,34.4413551827902,NORMAL
176.79269609783088,12.009567042843846,65.828456226186,33.657200138337046,HIGH_PRESSURE
162.6544673068099,6.564745881383671,68.48844019507042,35.96158271415779,NORMAL
158.11935064461017,7.378176459415688,14.127775937183685,41.387123999799044,LOW_LEVEL
225.29384787497239,8.06204937985271,64.54269422192338,37.8373511261543,HIGH_TEMPERATURE
172.49901573535718,6.483897469246041,70.22742462756186,40.093856477444454,NORMAL
168.36289700674098,5.857859983051936,74.58463395750164,35.50242877942827,NORMAL
183.1871994966841,11.555850865206441,62.921628665270426,35.52495209006063,HIGH_PRESSURE
161.71167793569902,10.5,67.31543408081134,38.25640347959148,HIGH_PRESSURE
190.65581850598764,12.478494061011416,63.989480554102116,40.67781815677362,HIGH_PRESSURE
157.1438446413576,6.839419328074045,66.02599808976971,34.439200787897526,NORMAL
