timestamp,cycle,temperature,pressure,level,flow,heater_on,pump_on,valve_position,safety_status
2026-08-21 16:10:20,1,150.0,5.0,70.0,35.0,True,True,45.0,NORMAL
2026-08-21 16:10:21,2,148.79,4.89,70.18,35.92,True,True,40.0,NORMAL
2026-08-21 16:10:22,3,147.62,4.74,70.35,36.59,True,True,35.0,NORMAL
2026-08-21 16:10:23,4,146.65,4.63,70.52,36.72,True,True,30.0,NORMAL
2026-08-21 16:10:24,5,145.69,4.52,70.76,36.93,True,True,25.0,NORMAL
2026-08-21 16:10:25,6,144.73,4.42,70.92,36.72,True,True,20.0,NORMAL
2026-08-21 16:10:26,7,143.83,4.34,71.14,36.57,True,True,20.0,NORMAL
2026-08-21 16:10:28,8,142.97,4.23,71.39,36.44,True,True,20.0,NORMAL
2026-08-21 16:10:29,9,141.93,4.13,71.58,35.86,True,True,20.0,NORMAL
2026-08-21 16:10:30,10,141.03,4.07,71.81,35.84,True,True,20.0,NORMAL
2026-08-21 16:10:31,11,140.15,4.0,72.02,35.73,True,True,20.0,NORMAL
2026-08-21 16:10:32,12,139.25,3.94,72.27,35.16,True,True,20.0,NORMAL
2026-08-21 16:10:33,13,138.2,3.88,72.45,35.0,True,True,20.0,NORMAL
2026-08-21 16:10:34,14,137.18,3.81,72.66,34.91,True,True,20.0,NORMAL
2026-08-21 16:10:35,15,136.18,3.74,72.88,34.97,True,True,20.0,NORMAL
2026-08-21 16:10:36,16,135.24,3.7,73.1,34.98,True,True,20.0,NORMAL
2026-08-21 16:10:37,17,134.28,3.63,73.3,34.88,True,True,20.0,NORMAL
2026-08-21 16:10:38,18,133.32,3.58,73.53,34.72,True,True,20.0,NORMAL
2026-08-21 16:10:40,19,132.48,3.49,73.72,34.63,True,True,20.0,NORMAL
2026-08-21 16:10:41,20,131.61,3.42,73.99,34.51,True,True,20.0,NORMAL
2026-08-21 16:10:42,21,130.74,3.38,74.19,34.31,True,True,20.0,NORMAL
2026-08-21 16:10:43,22,129.82,3.33,74.45,34.02,True,True,20.0,NORMAL
2026-08-21 16:10:44,23,129.01,3.29,74.63,33.94,True,True,20.0,NORMAL
2026-08-21 16:10:45,24,128.35,3.21,74.89,33.79,True,True,20.0,NORMAL
2026-08-21 16:10:46,25,127.64,3.18,75.13,33.39,True,True,20.0,NORMAL
2026-08-21 16:10:47,26,126.82,3.14,75.36,33.15,True,True,20.0,NORMAL
2026-08-21 16:10:48,27,125.98,3.1,75.56,32.91,True,True,20.0,NORMAL
2026-08-21 16:10:49,28,125.23,3.03,75.78,33.07,True,True,20.0,NORMAL
2026-08-21 16:10:50,29,124.6,3.01,76.05,32.8,True,True,20.0,NORMAL
2026-08-21 16:10:52,30,123.93,2.95,76.26,32.81,True,True,20.0,NORMAL
2026-08-21 16:10:53,31,123.24,2.9,76.52,32.62,True,True,20.0,NORMAL
2026-08-21 16:10:54,32,122.63,2.88,76.77,32.46,True,True,20.0,NORMAL
2026-08-21 16:10:55,33,122.05,2.83,77.03,32.49,True,True,20.0,NORMAL
2026-08-21 16:10:56,34,121.47,2.81,77.28,32.37,True,True,20.0,NORMAL
2026-08-21 16:10:57,35,120.82,2.74,77.57,32.5,True,True,20.0,NORMAL
2026-08-21 16:10:58,36,120.14,2.68,77.79,32.61,True,True,20.0,NORMAL
2026-08-21 16:10:59,37,119.5,2.64,78.05,32.34,True,True,20.0,NORMAL
2026-08-21 16:11:00,38,118.74,2.61,78.28,32.51,True,True,20.0,NORMAL
2026-08-21 16:11:01,39,118.11,2.58,78.51,32.63,True,True,20.0,NORMAL
2026-08-21 16:11:02,40,117.52,2.55,78.72,32.58,True,True,20.0,NORMAL
2026-08-21 16:11:04,41,116.86,2.48,79.01,32.34,True,True,20.0,NORMAL
2026-08-21 16:11:05,42,116.38,2.46,79.22,32.31,True,True,20.0,NORMAL
2026-08-21 16:11:06,43,115.91,2.43,79.47,32.4,True,True,20.0,NORMAL
2026-08-21 16:11:07,44,115.47,2.39,79.67,32.49,True,True,20.0,NORMAL
2026-08-21 16:11:08,45,114.94,2.35,79.89,32.68,True,True,20.0,NORMAL
2026-08-21 16:11:09,46,114.39,2.32,80.17,32.56,True,True,20.0,NORMAL
2026-08-21 16:11:10,47,113.83,2.3,80.43,32.73,True,True,20.0,NORMAL
2026-08-21 16:11:11,48,113.42,2.24,80.69,32.55,True,True,20.0,NORMAL
2026-08-21 16:11:12,49,112.87,2.2,80.99,32.8,True,True,20.0,NORMAL
2026-08-21 16:11:13,50,112.22,2.16,81.26,32.72,True,True,20.0,NORMAL
2026-08-21 16:11:14,51,111.85,2.12,81.53,32.47,True,True,20.0,NORMAL
2026-08-21 16:11:16,52,111.22,2.08,81.8,32.41,True,True,20.0,NORMAL
2026-08-21 16:11:17,53,110.77,2.03,82.05,32.19,True,True,20.0,NORMAL
2026-08-21 16:11:18,54,110.34,2.01,82.35,32.43,True,True,20.0,NORMAL
2026-08-21 16:11:19,55,109.74,1.96,82.59,32.23,True,True,20.0,NORMAL
2026-08-21 16:11:20,56,109.24,1.96,82.8,32.42,True,True,20.0,NORMAL
2026-08-21 16:11:21,57,108.64,1.95,83.08,32.46,True,True,20.0,NORMAL
2026-08-21 16:11:22,58,108.23,1.91,83.37,32.3,True,True,20.0,NORMAL
2026-08-21 16:11:23,59,107.81,1.92,83.61,32.0,True,True,20.0,NORMAL
2026-08-21 16:11:24,60,107.5,1.89,83.89,32.22,True,True,20.0,NORMAL
2026-08-21 16:11:25,61,107.2,1.85,84.15,31.93,True,True,20.0,NORMAL
2026-08-21 16:11:26,62,106.78,1.8,84.39,31.95,True,True,20.0,NORMAL
2026-08-21 16:11:27,63,106.46,1.77,84.66,31.82,True,True,20.0,NORMAL
2026-08-21 16:11:29,64,106.06,1.75,84.94,31.63,True,True,20.0,NORMAL
2026-08-21 16:11:30,65,105.71,1.7,85.22,31.75,True,False,20.0,NORMAL
2026-08-21 16:11:31,66,105.42,1.69,85.11,29.58,True,False,20.0,NORMAL
2026-08-21 16:11:32,67,104.99,1.66,85.05,27.29,True,False,20.0,NORMAL
2026-08-21 16:11:33,68,104.67,1.65,84.95,25.42,True,False,20.0,NORMAL
2026-08-21 16:11:34,69,104.4,1.63,84.85,23.81,True,False,20.0,NORMAL
2026-08-21 16:11:35,70,104.08,1.61,84.75,22.05,True,False,20.0,NORMAL
2026-08-21 16:11:36,71,103.77,1.59,84.67,20.7,True,False,20.0,NORMAL
2026-08-21 16:11:37,72,103.25,1.56,84.6,19.09,True,False,20.0,NORMAL
2026-08-21 16:11:38,73,102.85,1.52,84.53,18.01,True,False,20.0,NORMAL
2026-08-21 16:11:39,74,102.45,1.51,84.4,16.74,True,False,20.0,NORMAL
2026-08-21 16:11:40,75,101.96,1.52,84.3,15.85,True,False,20.0,NORMAL
2026-08-21 16:11:42,76,101.55,1.48,84.18,14.99,True,True,20.0,NORMAL
2026-08-21 16:11:43,77,101.1,1.44,84.41,16.21,True,True,20.0,NORMAL
2026-08-21 16:11:44,78,100.89,1.45,84.62,17.48,True,True,20.0,NORMAL
2026-08-21 16:11:45,79,100.45,1.43,84.91,18.65,True,True,20.0,NORMAL
2026-08-21 16:11:46,80,100.16,1.43,85.19,19.61,True,False,20.0,NORMAL
2026-08-21 16:11:47,81,99.95,1.44,85.05,18.56,True,False,20.0,NORMAL
2026-08-21 16:11:48,82,99.58,1.41,84.93,17.62,True,False,20.0,NORMAL
2026-08-21 16:11:49,83,99.11,1.41,84.85,16.67,True,False,20.0,NORMAL
2026-08-21 16:11:50,84,98.76,1.37,84.7,15.51,True,False,20.0,NORMAL
2026-08-21 16:11:51,85,98.39,1.37,84.61,14.78,True,True,20.0,NORMAL
2026-08-21 16:11:52,86,98.0,1.36,84.86,16.06,True,True,20.0,NORMAL
2026-08-21 16:11:54,87,97.85,1.34,85.09,17.17,True,False,20.0,NORMAL
2026-08-21 16:11:55,88,97.5,1.29,85.04,16.07,True,False,20.0,NORMAL
2026-08-21 16:11:56,89,97.19,1.3,84.97,14.79,True,True,20.0,NORMAL
2026-08-21 16:11:57,90,96.76,1.26,85.21,16.4,True,False,20.0,NORMAL
2026-08-21 16:11:58,91,96.59,1.24,85.13,15.64,True,False,20.0,NORMAL
2026-08-21 16:11:59,92,96.26,1.23,84.99,14.77,True,True,20.0,NORMAL
2026-08-21 16:12:00,93,96.13,1.22,85.28,16.27,True,False,20.0,NORMAL
2026-08-21 16:12:01,94,95.81,1.18,85.19,15.24,True,False,20.0,NORMAL
2026-08-21 16:12:02,95,95.62,1.17,85.05,14.31,True,True,20.0,NORMAL
2026-08-21 16:12:03,96,95.28,1.17,85.27,15.48,True,False,20.0,NORMAL
2026-08-21 16:12:04,97,94.99,1.15,85.19,14.47,True,True,20.0,NORMAL
2026-08-21 16:12:05,98,94.88,1.14,85.46,16.14,True,False,20.0,NORMAL
2026-08-21 16:12:07,99,94.57,1.15,85.34,15.22,True,False,20.0,NORMAL
2026-08-21 16:12:08,100,94.41,1.16,85.25,14.52,True,True,20.0,NORMAL
2026-08-21 16:12:09,101,94.26,1.16,85.54,15.78,True,False,20.0,NORMAL
2026-08-21 16:12:10,102,94.11,1.14,85.49,14.72,True,True,20.0,NORMAL
2026-08-21 16:12:11,103,93.99,1.1,85.69,16.09,True,False,20.0,NORMAL
2026-08-21 16:12:12,104,93.79,1.07,85.61,15.01,True,False,20.0,NORMAL
2026-08-21 16:12:13,105,93.5,1.04,85.51,14.08,True,True,20.0,NORMAL
2026-08-21 16:12:14,106,93.35,1.02,85.77,15.44,True,False,20.0,NORMAL
2026-08-21 16:12:15,107,93.27,1.03,85.71,14.17,True,True,20.0,NORMAL
2026-08-21 16:12:16,108,93.18,1.02,85.97,15.59,True,False,20.0,NORMAL
2026-08-21 16:12:17,109,92.85,1.02,85.85,14.31,True,True,20.0,NORMAL
2026-08-21 16:12:18,110,92.59,1.03,86.07,15.62,True,False,20.0,NORMAL
2026-08-21 16:12:20,111,92.28,1.01,85.94,14.89,True,True,20.0,NORMAL
2026-08-21 16:12:21,112,92.03,1.0,86.19,16.21,True,False,20.0,NORMAL
2026-08-21 16:12:22,113,91.72,0.95,86.1,15.41,True,False,20.0,NORMAL
2026-08-21 16:12:23,114,91.48,0.97,86.04,14.35,True,True,20.0,NORMAL
2026-08-21 16:12:24,115,91.38,0.97,86.25,16.05,True,False,20.0,NORMAL
2026-08-21 16:12:25,116,91.29,0.93,86.11,14.83,True,True,20.0,NORMAL
2026-08-21 16:12:26,117,91.04,0.93,86.37,15.96,True,False,20.0,NORMAL
2026-08-21 16:12:27,118,90.84,0.9,86.29,15.17,True,False,20.0,NORMAL
2026-08-21 16:12:28,119,90.68,0.86,86.19,14.39,True,True,20.0,NORMAL
2026-08-21 16:12:29,120,90.61,0.87,86.46,15.64,True,False,20.0,NORMAL
2026-08-21 16:12:30,121,90.31,0.89,86.36,14.63,True,True,20.0,NORMAL
2026-08-21 16:12:31,122,90.24,0.84,86.6,16.21,True,False,20.0,NORMAL
2026-08-21 16:12:33,123,89.95,0.84,86.47,15.12,True,False,20.0,NORMAL
2026-08-21 16:12:34,124,89.74,0.85,86.42,14.41,True,True,20.0,NORMAL
2026-08-21 16:12:35,125,89.51,0.87,86.63,15.87,True,False,20.0,NORMAL
2026-08-21 16:12:36,126,89.28,0.84,86.5,14.88,True,True,20.0,NORMAL
2026-08-21 16:12:37,127,89.13,0.8,86.77,16.28,True,False,20.0,NORMAL
2026-08-21 16:12:38,128,88.95,0.78,86.66,15.18,True,False,20.0,NORMAL
2026-08-21 16:12:39,129,88.78,0.77,86.51,14.14,True,True,20.0,NORMAL
2026-08-21 16:12:40,130,88.57,0.78,86.78,15.67,True,False,20.0,NORMAL
2026-08-21 16:12:41,131,88.54,0.77,86.65,14.61,True,True,20.0,NORMAL
2026-08-21 16:12:42,132,88.33,0.78,86.89,15.89,True,False,20.0,NORMAL
2026-08-21 16:12:43,133,88.22,0.76,86.77,15.12,True,False,20.0,NORMAL
2026-08-21 16:12:45,134,88.0,0.73,86.72,13.89,True,True,20.0,NORMAL
2026-08-21 16:12:46,135,87.99,0.74,87.01,15.16,True,False,20.0,NORMAL
2026-08-21 16:12:47,136,87.78,0.75,86.9,14.2,True,True,20.0,NORMAL
2026-08-21 16:12:48,137,87.75,0.72,87.15,15.43,True,False,20.0,NORMAL
2026-08-21 16:12:49,138,87.57,0.73,87.09,14.71,True,True,20.0,NORMAL
2026-08-21 16:12:50,139,87.38,0.73,87.35,16.16,True,False,20.0,NORMAL
2026-08-21 16:12:51,140,87.17,0.74,87.24,15.01,True,False,20.0,NORMAL
2026-08-21 16:12:52,141,86.97,0.72,87.1,14.35,True,True,20.0,NORMAL
2026-08-21 16:12:53,142,86.78,0.71,87.33,15.91,True,False,20.0,NORMAL
2026-08-21 16:12:54,143,86.59,0.68,87.2,15.06,True,False,20.0,NORMAL
2026-08-21 16:12:55,144,86.34,0.7,87.1,13.92,True,True,20.0,NORMAL
2026-08-21 16:12:56,145,86.12,0.65,87.31,15.25,True,False,20.0,NORMAL
2026-08-21 16:12:57,146,85.89,0.63,87.24,14.58,True,True,20.0,NORMAL
2026-08-21 16:12:58,147,85.66,0.64,87.5,16.13,True,False,20.0,NORMAL
2026-08-21 16:13:00,148,85.62,0.62,87.4,15.2,True,False,20.0,NORMAL
2026-08-21 16:13:01,149,85.48,0.6,87.28,14.29,True,True,20.0,NORMAL
2026-08-21 16:13:02,150,85.26,0.56,87.52,15.93,True,False,20.0,NORMAL
2026-08-21 16:13:03,151,85.15,0.56,87.47,14.66,True,True,20.0,NORMAL
2026-08-21 16:13:04,152,84.97,0.57,87.7,15.77,True,False,20.0,NORMAL
2026-08-21 16:13:05,153,84.9,0.58,87.62,14.92,True,True,20.0,NORMAL
2026-08-21 16:13:06,154,84.68,0.58,87.88,16.15,True,False,20.0,NORMAL
2026-08-21 16:13:07,155,84.58,0.54,87.75,14.92,True,True,20.0,NORMAL
2026-08-21 16:13:08,156,84.59,0.51,88.01,16.03,True,False,20.0,NORMAL
2026-08-21 16:13:09,157,84.35,0.5,87.9,14.84,True,True,20.0,NORMAL
2026-08-21 16:13:10,158,84.27,0.49,88.15,16.5,True,False,20.0,NORMAL
2026-08-21 16:13:11,159,84.15,0.47,88.06,15.54,True,False,20.0,NORMAL
2026-08-21 16:13:13,160,84.15,0.48,87.97,14.73,True,True,20.0,NORMAL
2026-08-21 16:13:14,161,83.92,0.45,88.2,15.97,True,False,20.0,NORMAL
2026-08-21 16:13:15,162,83.72,0.46,88.14,14.95,True,True,20.0,NORMAL
2026-08-21 16:13:16,163,83.6,0.43,88.38,16.55,True,False,20.0,NORMAL
2026-08-21 16:13:17,164,83.64,0.44,88.32,15.75,True,False,20.0,NORMAL
2026-08-21 16:13:18,165,83.64,0.41,88.24,14.67,True,True,20.0,NORMAL
2026-08-21 16:13:19,166,83.58,0.42,88.52,15.81,True,False,20.0,NORMAL
2026-08-21 16:13:20,167,83.5,0.44,88.39,15.07,True,False,20.0,NORMAL
2026-08-21 16:13:21,168,83.36,0.42,88.32,14.34,True,True,20.0,NORMAL
2026-08-21 16:13:22,169,83.27,0.4,88.61,15.97,True,False,20.0,NORMAL
2026-08-21 16:13:23,170,83.32,0.39,88.54,14.93,True,True,20.0,NORMAL
2026-08-21 16:13:24,171,83.26,0.39,88.81,16.0,True,False,20.0,NORMAL
2026-08-21 16:13:25,172,83.1,0.38,88.75,14.85,True,True,20.0,NORMAL
2026-08-21 16:13:26,173,83.07,0.35,89.0,16.49,True,False,20.0,NORMAL
2026-08-21 16:13:27,174,82.99,0.34,88.92,15.62,True,False,20.0,NORMAL
2026-08-21 16:13:28,175,82.93,0.33,88.8,14.43,True,True,20.0,NORMAL
2026-08-21 16:13:30,176,82.76,0.32,89.05,16.12,True,False,20.0,NORMAL
2026-08-21 16:13:31,177,82.67,0.34,88.97,15.34,True,False,20.0,NORMAL
2026-08-21 16:13:32,178,82.49,0.31,88.88,14.55,True,True,20.0,NORMAL
2026-08-21 16:13:33,179,82.44,0.32,89.1,16.1,True,False,20.0,NORMAL
2026-08-21 16:13:34,180,82.35,0.32,88.97,14.96,True,True,20.0,NORMAL
2026-08-21 16:13:35,181,82.36,0.3,89.25,16.5,True,False,20.0,NORMAL
2026-08-21 16:13:36,182,82.36,0.27,89.18,15.14,True,False,20.0,NORMAL
2026-08-21 16:13:37,183,82.21,0.25,89.06,14.37,True,True,20.0,NORMAL
2026-08-21 16:13:38,184,82.27,0.27,89.31,15.87,True,False,20.0,NORMAL
2026-08-21 16:13:39,185,82.28,0.27,89.25,14.97,True,True,20.0,NORMAL
2026-08-21 16:13:40,186,82.35,0.25,89.52,16.16,True,False,20.0,NORMAL
2026-08-21 16:13:42,187,82.31,0.28,89.4,15.01,True,False,20.0,NORMAL
2026-08-21 16:13:43,188,82.39,0.29,89.28,13.91,True,True,20.0,NORMAL
2026-08-21 16:13:44,189,82.26,0.26,89.54,15.1,True,False,20.0,NORMAL
2026-08-21 16:13:45,190,82.18,0.29,89.47,14.05,True,True,20.0,NORMAL
2026-08-21 16:13:46,191,82.12,0.28,89.67,15.34,True,False,20.0,NORMAL
2026-08-21 16:13:47,192,81.91,0.29,89.57,14.58,True,True,20.0,NORMAL
2026-08-21 16:13:48,193,81.99,0.29,89.77,15.82,True,False,20.0,NORMAL
2026-08-21 16:13:49,194,81.84,0.3,89.63,14.84,True,True,20.0,NORMAL
2026-08-21 16:13:50,195,81.77,0.27,89.86,16.39,True,False,20.0,NORMAL
2026-08-21 16:13:51,196,81.67,0.29,89.73,15.51,True,False,20.0,NORMAL
2026-08-21 16:13:52,197,81.49,0.31,89.65,14.25,True,True,20.0,NORMAL
2026-08-21 16:13:53,198,81.41,0.3,89.88,15.85,True,False,20.0,NORMAL
2026-08-21 16:13:55,199,81.24,0.3,89.8,14.74,True,True,20.0,NORMAL
2026-08-21 16:13:56,200,81.18,0.28,90.09,16.03,True,False,20.0,NORMAL
2026-08-21 16:13:57,201,81.23,0.25,90.0,15.17,True,False,20.0,NORMAL
2026-08-21 16:13:58,202,81.28,0.25,89.88,14.3,True,True,20.0,NORMAL
2026-08-21 16:13:59,203,81.26,0.25,90.1,15.5,True,False,20.0,NORMAL
2026-08-21 16:14:00,204,81.18,0.25,89.96,14.54,True,True,20.0,NORMAL
2026-08-21 16:14:01,205,81.17,0.25,90.25,15.87,True,False,20.0,NORMAL
2026-08-21 16:14:02,206,81.03,0.27,90.11,15.08,True,False,20.0,NORMAL
2026-08-21 16:14:03,207,80.92,0.25,90.05,13.86,True,True,20.0,NORMAL
2026-08-21 16:14:04,208,80.8,0.23,90.35,15.55,True,False,20.0,NORMAL
2026-08-21 16:14:05,209,80.91,0.22,90.24,14.86,True,True,20.0,NORMAL
2026-08-21 16:14:07,210,80.86,0.2,90.45,16.39,True,False,20.0,NORMAL
2026-08-21 16:14:08,211,80.9,0.2,90.31,15.37,True,False,20.0,NORMAL
2026-08-21 16:14:09,212,81.01,0.2,90.24,14.58,True,True,20.0,NORMAL
2026-08-21 16:14:10,213,80.98,0.18,90.5,15.94,True,False,20.0,NORMAL
2026-08-21 16:14:11,214,80.88,0.18,90.37,14.73,True,True,20.0,NORMAL
2026-08-21 16:14:12,215,80.78,0.16,90.64,15.91,True,False,20.0,NORMAL
2026-08-21 16:14:13,216,80.6,0.17,90.51,15.0,True,False,20.0,NORMAL
2026-08-21 16:14:14,217,80.57,0.19,90.37,13.78,True,True,20.0,NORMAL
2026-08-21 16:14:15,218,80.57,0.21,90.58,15.25,True,False,20.0,NORMAL
2026-08-21 16:14:16,219,80.51,0.22,90.45,14.58,True,True,20.0,NORMAL
2026-08-21 16:14:17,220,80.39,0.24,90.67,15.92,True,False,20.0,NORMAL
2026-08-21 16:14:18,221,80.24,0.24,90.62,15.07,True,False,20.0,NORMAL
2026-08-21 16:14:20,222,80.15,0.21,90.54,14.19,True,True,20.0,NORMAL
2026-08-21 16:14:21,223,80.24,0.2,90.77,15.37,True,False,20.0,NORMAL
2026-08-21 16:14:22,224,80.31,0.2,90.7,14.63,True,True,20.0,NORMAL
2026-08-21 16:14:23,225,80.17,0.18,90.95,16.07,True,False,20.0,NORMAL
2026-08-21 16:14:24,226,80.26,0.18,90.86,14.84,True,True,20.0,NORMAL
2026-08-21 16:14:25,227,80.27,0.18,91.14,16.34,True,False,20.0,NORMAL
2026-08-21 16:14:26,228,80.25,0.19,91.03,15.33,True,False,20.0,NORMAL
2026-08-21 16:14:27,229,80.24,0.21,90.91,14.39,True,True,20.0,NORMAL
2026-08-21 16:14:28,230,80.24,0.21,91.13,15.51,True,False,20.0,NORMAL
2026-08-21 16:14:29,231,80.35,0.19,91.02,14.32,True,True,20.0,NORMAL
2026-08-21 16:14:30,232,80.24,0.22,91.23,15.56,True,False,20.0,NORMAL
2026-08-21 16:14:32,233,80.33,0.22,91.17,14.36,True,True,20.0,NORMAL
2026-08-21 16:14:33,234,80.29,0.22,91.46,15.7,True,False,20.0,NORMAL
2026-08-21 16:14:34,235,80.39,0.24,91.35,14.74,True,True,20.0,NORMAL
2026-08-21 16:14:35,236,80.26,0.21,91.6,16.14,True,False,20.0,NORMAL
2026-08-21 16:14:36,237,80.22,0.22,91.46,15.25,True,False,20.0,NORMAL
2026-08-21 16:14:37,238,80.32,0.24,91.37,14.04,True,True,20.0,NORMAL
2026-08-21 16:14:38,239,80.19,0.25,91.6,15.56,True,False,20.0,NORMAL
2026-08-21 16:14:39,240,80.13,0.24,91.54,14.68,True,True,20.0,NORMAL
2026-08-21 16:14:40,241,80.02,0.25,91.84,15.92,True,False,20.0,NORMAL
2026-08-21 16:14:41,242,79.93,0.26,91.74,14.77,True,True,20.0,NORMAL
2026-08-21 16:14:42,243,79.87,0.23,91.96,16.2,True,False,20.0,NORMAL
2026-08-21 16:14:43,244,79.99,0.25,91.88,15.13,True,False,20.0,NORMAL
2026-08-21 16:14:45,245,79.84,0.23,91.73,14.22,True,True,20.0,NORMAL
2026-08-21 16:14:46,246,79.76,0.25,92.01,15.87,True,False,20.0,NORMAL
2026-08-21 16:14:47,247,79.8,0.27,91.9,14.99,True,True,20.0,NORMAL
2026-08-21 16:14:48,248,79.64,0.29,92.19,16.34,True,False,20.0,NORMAL
2026-08-21 16:14:49,249,79.68,0.29,92.08,15.22,True,False,20.0,NORMAL
2026-08-21 16:14:50,250,79.79,0.29,91.95,14.37,True,True,20.0,NORMAL
2026-08-21 16:14:51,251,79.83,0.25,92.16,15.54,True,False,20.0,NORMAL
2026-08-21 16:14:52,252,79.73,0.26,92.11,14.78,True,True,20.0,NORMAL
2026-08-21 16:14:53,253,79.78,0.23,92.37,16.41,True,False,20.0,NORMAL
2026-08-21 16:14:54,254,79.67,0.22,92.23,15.09,True,False,20.0,NORMAL
2026-08-21 16:14:55,255,79.68,0.23,92.16,14.16,True,True,20.0,NORMAL
2026-08-21 16:14:57,256,79.51,0.24,92.38,15.75,True,False,20.0,NORMAL
2026-08-21 16:14:58,257,79.64,0.24,92.32,14.78,True,True,20.0,NORMAL
2026-08-21 16:14:59,258,79.57,0.23,92.61,16.32,True,False,20.0,NORMAL
2026-08-21 16:15:00,259,79.63,0.22,92.52,15.35,True,False,20.0,NORMAL
2026-08-21 16:15:01,260,79.56,0.24,92.41,14.49,True,True,20.0,NORMAL
2026-08-21 16:15:02,261,79.5,0.25,92.68,15.81,True,False,20.0,NORMAL
2026-08-21 16:15:03,262,79.37,0.23,92.54,15.09,True,False,20.0,NORMAL
2026-08-21 16:15:04,263,79.35,0.23,92.46,13.95,True,True,20.0,NORMAL
2026-08-21 16:15:05,264,79.32,0.25,92.7,15.28,True,False,20.0,NORMAL
2026-08-21 16:15:06,265,79.45,0.22,92.6,14.13,True,True,20.0,NORMAL
2026-08-21 16:15:07,266,79.53,0.2,92.88,15.55,True,False,20.0,NORMAL
2026-08-21 16:15:08,267,79.56,0.17,92.79,14.69,True,True,20.0,NORMAL
2026-08-21 16:15:10,268,79.66,0.14,93.02,16.08,True,False,20.0,NORMAL
2026-08-21 16:15:11,269,79.64,0.13,92.92,15.12,True,False,20.0,NORMAL
2026-08-21 16:15:12,270,79.59,0.12,92.8,14.13,True,True,20.0,NORMAL
2026-08-21 16:15:13,271,79.57,0.12,93.07,15.5,True,False,20.0,NORMAL
2026-08-21 16:15:14,272,79.6,0.12,93.0,14.47,True,True,20.0,NORMAL
2026-08-21 16:15:15,273,79.52,0.12,93.28,15.71,True,False,20.0,NORMAL
2026-08-21 16:15:16,274,79.37,0.13,93.2,14.56,True,True,20.0,NORMAL
2026-08-21 16:15:17,275,79.47,0.12,93.45,16.05,True,False,20.0,NORMAL
2026-08-21 16:15:18,276,79.46,0.12,93.31,15.01,True,False,20.0,NORMAL
2026-08-21 16:15:19,277,79.54,0.11,93.19,13.94,True,True,20.0,NORMAL
2026-08-21 16:15:20,278,79.64,0.11,93.46,15.66,True,False,20.0,NORMAL
2026-08-21 16:15:21,279,79.58,0.11,93.32,14.42,True,True,20.0,NORMAL
2026-08-21 16:15:23,280,79.53,0.11,93.55,15.62,True,False,20.0,NORMAL
2026-08-21 16:15:24,281,79.52,0.09,93.42,14.64,True,True,20.0,NORMAL
2026-08-21 16:15:25,282,79.37,0.08,93.65,16.07,True,False,20.0,NORMAL
2026-08-21 16:15:26,283,79.35,0.06,93.59,15.14,True,False,20.0,NORMAL
2026-08-21 16:15:27,284,79.19,0.09,93.51,14.08,True,True,20.0,NORMAL
2026-08-21 16:15:28,285,79.13,0.07,93.81,15.24,True,False,20.0,NORMAL
2026-08-21 16:15:29,286,79.08,0.06,93.74,14.09,True,True,20.0,NORMAL
2026-08-21 16:15:30,287,78.95,0.09,93.99,15.59,True,False,20.0,NORMAL
2026-08-21 16:15:31,288,78.9,0.09,93.84,14.69,True,True,20.0,NORMAL
2026-08-21 16:15:32,289,78.9,0.11,94.07,16.22,True,False,20.0,NORMAL
2026-08-21 16:15:33,290,78.82,0.11,93.94,15.47,True,False,20.0,NORMAL
2026-08-21 16:15:35,291,78.79,0.14,93.87,14.75,True,True,20.0,NORMAL
2026-08-21 16:15:36,292,78.85,0.13,94.17,16.16,True,False,20.0,NORMAL
2026-08-21 16:15:37,293,78.97,0.11,94.03,15.24,True,False,20.0,NORMAL
2026-08-21 16:15:38,294,79.04,0.11,93.95,14.21,True,True,20.0,NORMAL
2026-08-21 16:15:39,295,78.91,0.09,94.21,15.68,True,False,20.0,NORMAL
2026-08-21 16:15:40,296,78.91,0.1,94.09,14.42,True,True,20.0,NORMAL
2026-08-21 16:15:41,297,78.91,0.07,94.36,15.83,True,False,20.0,NORMAL
2026-08-21 16:15:42,298,78.99,0.06,94.26,14.63,True,True,20.0,NORMAL
2026-08-21 16:15:43,299,79.04,0.04,94.52,15.85,True,False,20.0,NORMAL
2026-08-21 16:15:44,300,79.12,0.06,94.41,14.99,True,True,20.0,NORMAL
2026-08-21 16:15:45,301,79.23,0.08,94.67,16.39,True,False,20.0,NORMAL
2026-08-21 16:15:47,302,79.31,0.11,94.58,15.05,True,False,20.0,NORMAL
2026-08-21 16:15:48,303,79.17,0.12,94.52,13.95,True,True,20.0,NORMAL
2026-08-21 16:15:49,304,79.1,0.13,94.75,15.62,True,False,20.0,NORMAL
2026-08-21 16:15:50,305,78.97,0.12,94.67,14.88,True,True,20.0,NORMAL
2026-08-21 16:15:51,306,79.1,0.09,94.91,16.55,True,False,20.0,NORMAL
2026-08-21 16:15:52,307,79.02,0.09,94.77,15.46,True,False,20.0,NORMAL
2026-08-21 16:15:53,308,79.01,0.09,94.64,14.49,True,True,20.0,NORMAL
2026-08-21 16:15:54,309,79.02,0.1,94.93,15.62,True,False,20.0,NORMAL
2026-08-21 16:15:55,310,78.87,0.08,94.83,14.72,True,True,20.0,NORMAL
2026-08-21 16:15:56,311,78.87,0.08,95.11,16.37,True,False,20.0,NORMAL
2026-08-21 16:15:57,312,78.74,0.09,95.03,15.46,True,False,20.0,NORMAL
2026-08-21 16:15:58,313,78.8,0.09,94.9,14.77,True,True,20.0,NORMAL
2026-08-21 16:16:00,314,78.65,0.11,95.12,15.95,True,False,20.0,NORMAL
2026-08-21 16:16:01,315,78.51,0.13,95.03,15.08,True,False,20.0,NORMAL
2026-08-21 16:16:02,316,78.36,0.12,94.94,14.29,True,True,20.0,NORMAL
2026-08-21 16:16:03,317,78.41,0.15,95.17,15.49,True,False,20.0,NORMAL
2026-08-21 16:16:04,318,78.27,0.12,95.11,14.64,True,True,20.0,NORMAL
2026-08-21 16:16:05,319,78.32,0.11,95.34,16.1,True,False,20.0,NORMAL
2026-08-21 16:16:06,320,78.24,0.11,95.23,15.35,True,False,20.0,NORMAL
2026-08-21 16:16:07,321,78.19,0.1,95.17,14.5,True,True,20.0,NORMAL
2026-08-21 16:16:08,322,78.07,0.12,95.46,15.64,True,False,20.0,NORMAL
2026-08-21 16:16:09,323,78.11,0.13,95.34,14.5,True,True,20.0,NORMAL
2026-08-21 16:16:10,324,77.98,0.1,95.57,15.8,True,False,20.0,NORMAL
2026-08-21 16:16:12,325,77.87,0.08,95.43,14.65,True,True,20.0,NORMAL
2026-08-21 16:16:13,326,78.01,0.08,95.65,15.92,True,False,20.0,NORMAL
2026-08-21 16:16:14,327,78.12,0.08,95.58,15.1,True,False,20.0,NORMAL
2026-08-21 16:16:15,328,78.23,0.07,95.5,14.13,True,True,20.0,NORMAL
2026-08-21 16:16:16,329,78.34,0.09,95.76,15.59,True,False,20.0,NORMAL
2026-08-21 16:16:17,330,78.26,0.06,95.65,14.46,True,True,20.0,NORMAL
2026-08-21 16:16:18,331,78.27,0.07,95.86,16.03,True,False,20.0,NORMAL
2026-08-21 16:16:19,332,78.25,0.1,95.8,15.1,True,False,20.0,NORMAL
2026-08-21 16:16:20,333,78.31,0.12,95.68,14.01,True,True,20.0,NORMAL
2026-08-21 16:16:21,334,78.16,0.12,95.96,15.69,True,False,20.0,NORMAL
2026-08-21 16:16:22,335,78.24,0.14,95.85,14.53,True,True,20.0,NORMAL
2026-08-21 16:16:24,336,78.15,0.11,96.12,15.82,True,False,20.0,NORMAL
2026-08-21 16:16:25,337,78.18,0.08,96.0,15.08,True,False,20.0,NORMAL
2026-08-21 16:16:26,338,78.19,0.06,95.88,14.08,True,True,20.0,NORMAL
2026-08-21 16:16:27,339,78.24,0.04,96.17,15.37,True,False,20.0,NORMAL
2026-08-21 16:16:28,340,78.19,0.04,96.05,14.09,True,True,20.0,NORMAL
2026-08-21 16:16:29,341,78.11,0.07,96.33,15.29,True,False,20.0,NORMAL
2026-08-21 16:16:30,342,78.26,0.09,96.21,14.29,True,True,20.0,NORMAL
2026-08-21 16:16:31,343,78.17,0.08,96.42,15.54,True,False,20.0,NORMAL
2026-08-21 16:16:32,344,78.11,0.06,96.36,14.29,True,True,20.0,NORMAL
2026-08-21 16:16:33,345,78.27,0.06,96.61,15.62,True,False,20.0,NORMAL
2026-08-21 16:16:34,346,78.29,0.04,96.48,14.42,True,True,20.0,NORMAL
2026-08-21 16:16:35,347,78.39,0.02,96.72,15.99,True,False,20.0,NORMAL
2026-08-21 16:16:37,348,78.4,0.01,96.62,15.2,True,False,20.0,NORMAL
2026-08-21 16:16:38,349,78.33,0.0,96.57,14.23,True,True,20.0,NORMAL
2026-08-21 16:16:39,350,78.45,0.02,96.84,15.66,True,False,20.0,NORMAL
2026-08-21 16:16:40,351,78.52,0.04,96.72,14.79,True,True,20.0,NORMAL
2026-08-21 16:16:41,352,78.64,0.05,96.92,16.18,True,False,20.0,NORMAL
2026-08-21 16:16:42,353,78.56,0.03,96.82,15.02,True,False,20.0,NORMAL
2026-08-21 16:16:43,354,78.55,0.06,96.68,13.9,True,True,20.0,NORMAL
2026-08-21 16:16:44,355,78.64,0.08,96.98,15.6,True,False,20.0,NORMAL
2026-08-21 16:16:45,356,78.63,0.06,96.86,14.38,True,True,20.0,NORMAL
2026-08-21 16:16:46,357,78.61,0.06,97.06,15.64,True,False,20.0,NORMAL
2026-08-21 16:16:47,358,78.68,0.05,96.94,14.74,True,True,20.0,NORMAL
2026-08-21 16:16:49,359,78.76,0.03,97.15,16.38,True,False,20.0,NORMAL
2026-08-21 16:16:50,360,78.67,0.01,97.03,15.44,True,False,20.0,NORMAL
2026-08-21 16:16:51,361,78.68,0.01,96.89,14.34,True,True,20.0,NORMAL
2026-08-21 16:16:52,362,78.68,0.01,97.09,15.92,True,False,20.0,NORMAL
2026-08-21 16:16:53,363,78.58,0.04,97.03,15.04,True,False,20.0,NORMAL
2026-08-21 16:16:54,364,78.44,0.07,96.94,14.28,True,True,20.0,NORMAL
2026-08-21 16:16:55,365,78.41,0.08,97.21,15.5,True,False,20.0,NORMAL
2026-08-21 16:16:56,366,78.39,0.06,97.1,14.46,True,True,20.0,NORMAL
2026-08-21 16:16:57,367,78.32,0.08,97.35,16.09,True,False,20.0,NORMAL
2026-08-21 16:16:58,368,78.23,0.09,97.3,14.98,True,True,20.0,NORMAL
2026-08-21 16:16:59,369,78.15,0.07,97.59,16.47,True,False,20.0,NORMAL
2026-08-21 16:17:01,370,78.03,0.09,97.47,15.25,True,False,20.0,NORMAL
2026-08-21 16:17:02,371,78.17,0.11,97.39,14.52,True,True,20.0,NORMAL
2026-08-21 16:17:03,372,78.05,0.11,97.64,15.9,True,False,20.0,NORMAL
2026-08-21 16:17:04,373,78.12,0.14,97.55,15.06,True,False,20.0,NORMAL
2026-08-21 16:17:05,374,78.24,0.13,97.42,14.06,True,True,20.0,NORMAL
2026-08-21 16:17:06,375,78.23,0.15,97.67,15.76,True,False,20.0,NORMAL
2026-08-21 16:17:07,376,78.09,0.13,97.54,14.53,True,True,20.0,NORMAL
2026-08-21 16:17:08,377,77.97,0.12,97.75,16.1,True,False,20.0,NORMAL
2026-08-21 16:17:09,378,78.05,0.14,97.6,15.31,True,False,20.0,NORMAL
2026-08-21 16:17:10,379,78.02,0.11,97.51,14.14,True,True,20.0,NORMAL
2026-08-21 16:17:11,380,77.93,0.13,97.79,15.66,True,False,20.0,NORMAL
2026-08-21 16:17:13,381,77.88,0.1,97.65,14.37,True,True,20.0,NORMAL
2026-08-21 16:17:14,382,77.82,0.12,97.87,16.02,True,False,20.0,NORMAL
2026-08-21 16:17:15,383,77.89,0.12,97.81,15.29,True,False,20.0,NORMAL
2026-08-21 16:17:16,384,78.02,0.14,97.73,14.33,True,True,20.0,NORMAL
2026-08-21 16:17:17,385,77.99,0.14,98.0,15.79,True,False,20.0,NORMAL
2026-08-21 16:17:18,386,78.12,0.16,97.91,15.0,True,False,20.0,NORMAL
2026-08-21 16:17:19,387,78.23,0.12,97.85,14.3,True,True,20.0,NORMAL
2026-08-21 16:17:20,388,78.09,0.1,98.1,15.67,True,False,20.0,NORMAL
2026-08-21 16:17:21,389,78.02,0.11,98.04,14.57,True,True,20.0,NORMAL
2026-08-21 16:17:22,390,77.94,0.11,98.34,15.87,True,False,20.0,NORMAL
2026-08-21 16:17:23,391,77.9,0.13,98.24,15.09,True,False,20.0,NORMAL
2026-08-21 16:17:24,392,78.02,0.14,98.16,14.26,True,True,20.0,NORMAL
2026-08-21 16:17:25,393,78.11,0.13,98.41,15.4,True,False,20.0,NORMAL
2026-08-21 16:17:27,394,77.97,0.15,98.26,14.49,True,True,20.0,NORMAL
2026-08-21 16:17:28,395,78.06,0.13,98.54,15.88,True,False,20.0,NORMAL
2026-08-21 16:17:29,396,77.94,0.15,98.48,14.58,True,True,20.0,NORMAL
2026-08-21 16:17:30,397,78.06,0.14,98.72,15.73,True,False,20.0,NORMAL
2026-08-21 16:17:31,398,78.09,0.12,98.57,14.59,True,True,20.0,NORMAL
2026-08-21 16:17:32,399,78.22,0.14,98.78,16.16,True,False,20.0,NORMAL
2026-08-21 16:17:33,400,78.21,0.16,98.68,15.09,True,False,20.0,NORMAL
2026-08-21 16:17:34,401,78.14,0.16,98.53,13.86,True,True,20.0,NORMAL
2026-08-21 16:17:35,402,78.25,0.16,98.75,15.18,True,False,20.0,NORMAL
2026-08-21 16:17:36,403,78.25,0.15,98.61,14.23,True,True,20.0,NORMAL
2026-08-21 16:17:37,404,78.28,0.14,98.85,15.52,True,False,20.0,NORMAL
2026-08-21 16:17:38,405,78.33,0.14,98.73,14.61,True,True,20.0,NORMAL
2026-08-21 16:17:39,406,78.23,0.13,99.01,15.82,True,False,20.0,NORMAL
2026-08-21 16:17:41,407,78.1,0.12,98.94,14.57,True,True,20.0,NORMAL
2026-08-21 16:17:42,408,78.02,0.13,99.23,15.98,True,False,20.0,NORMAL
2026-08-21 16:17:43,409,77.95,0.11,99.12,15.11,True,False,20.0,NORMAL
2026-08-21 16:17:44,410,77.82,0.1,99.07,13.97,True,True,20.0,NORMAL
2026-08-21 16:17:45,411,77.97,0.08,99.34,15.49,True,False,20.0,NORMAL
2026-08-21 16:17:46,412,78.06,0.1,99.25,14.57,True,True,20.0,NORMAL
2026-08-21 16:17:47,413,78.1,0.11,99.51,16.0,True,False,20.0,NORMAL
2026-08-21 16:17:48,414,78.02,0.08,99.45,15.17,True,False,20.0,NORMAL
2026-08-21 16:17:49,415,78.05,0.06,99.33,14.34,True,True,20.0,NORMAL
2026-08-21 16:17:50,416,78.09,0.03,99.56,15.78,True,False,20.0,NORMAL
2026-08-21 16:17:51,417,78.08,0.05,99.49,14.69,True,True,20.0,NORMAL
2026-08-21 16:17:52,418,78.1,0.08,99.7,15.8,True,False,20.0,NORMAL
2026-08-21 16:17:54,419,78.06,0.11,99.61,14.84,True,True,20.0,NORMAL
2026-08-21 16:17:55,420,77.99,0.13,99.86,16.39,True,False,20.0,NORMAL
2026-08-21 16:17:56,421,78.1,0.11,99.79,15.36,True,False,20.0,NORMAL
2026-08-21 16:17:57,422,78.24,0.09,99.64,14.38,True,True,20.0,NORMAL
2026-08-21 16:17:58,423,78.19,0.09,99.9,15.85,True,False,20.0,NORMAL
2026-08-21 16:17:59,424,78.12,0.09,99.8,14.89,True,True,20.0,NORMAL
2026-08-21 16:18:00,425,77.98,0.09,100.0,16.17,True,False,20.0,NORMAL
2026-08-21 16:18:01,426,78.13,0.12,99.87,15.35,True,False,20.0,NORMAL
2026-08-21 16:18:02,427,78.18,0.1,99.8,14.6,True,True,20.0,NORMAL
2026-08-21 16:18:03,428,78.09,0.1,100.0,15.94,True,False,20.0,NORMAL
2026-08-21 16:18:04,429,78.21,0.11,99.86,14.79,True,True,20.0,NORMAL
2026-08-21 16:18:06,430,78.24,0.1,100.0,16.38,True,False,20.0,NORMAL
2026-08-21 16:18:07,431,78.36,0.08,99.93,15.32,True,False,20.0,NORMAL
2026-08-21 16:18:08,432,78.33,0.08,99.78,14.19,True,True,20.0,NORMAL
2026-08-21 16:18:09,433,78.46,0.11,100.0,15.85,True,False,20.0,NORMAL
2026-08-21 16:18:10,434,78.54,0.11,99.85,14.74,True,True,20.0,NORMAL
2026-08-21 16:18:11,435,78.61,0.1,100.0,16.1,True,False,20.0,NORMAL
2026-08-21 16:18:12,436,78.61,0.11,99.87,14.85,True,True,20.0,NORMAL
2026-08-21 16:18:13,437,78.66,0.09,100.0,16.31,True,False,20.0,NORMAL
2026-08-21 16:18:14,438,78.52,0.07,99.87,15.3,True,False,20.0,NORMAL
2026-08-21 16:18:15,439,78.51,0.07,99.81,14.54,True,True,20.0,NORMAL
2026-08-21 16:18:16,440,78.42,0.07,100.0,16.18,True,False,20.0,NORMAL
2026-08-21 16:18:17,441,78.41,0.08,99.92,15.0,True,False,20.0,NORMAL
2026-08-21 16:18:19,442,78.48,0.06,99.78,13.89,True,True,20.0,NORMAL
2026-08-21 16:18:20,443,78.37,0.04,100.0,15.33,True,False,20.0,NORMAL
2026-08-21 16:18:21,444,78.52,0.08,99.94,14.33,True,True,20.0,NORMAL
2026-08-21 16:18:22,445,78.39,0.06,100.0,15.71,True,False,20.0,NORMAL
2026-08-21 16:18:23,446,78.32,0.04,99.89,14.44,True,True,20.0,NORMAL
2026-08-21 16:18:24,447,78.2,0.04,100.0,15.97,True,False,20.0,NORMAL
2026-08-21 16:18:25,448,78.06,0.03,99.85,15.16,True,False,20.0,NORMAL
2026-08-21 16:18:26,449,77.99,0.05,99.75,14.16,True,True,20.0,NORMAL
2026-08-21 16:18:27,450,78.11,0.04,99.98,15.37,True,False,20.0,NORMAL
2026-08-21 16:18:28,451,78.24,0.07,99.88,14.1,True,True,20.0,NORMAL
2026-08-21 16:18:29,452,78.39,0.09,100.0,15.34,True,False,20.0,NORMAL
2026-08-21 16:18:30,453,78.53,0.08,99.88,14.2,True,True,20.0,NORMAL
2026-08-21 16:18:31,454,78.58,0.1,100.0,15.52,True,False,20.0,NORMAL
2026-08-21 16:18:33,455,78.47,0.11,99.95,14.64,True,True,20.0,NORMAL
2026-08-21 16:18:34,456,78.48,0.08,100.0,16.08,True,False,20.0,NORMAL
2026-08-21 16:18:35,457,78.56,0.11,99.91,15.09,True,False,20.0,NORMAL
2026-08-21 16:18:36,458,78.51,0.11,99.84,14.31,True,True,20.0,NORMAL
2026-08-21 16:18:37,459,78.52,0.09,100.0,15.56,True,False,20.0,NORMAL
2026-08-21 16:18:38,460,78.63,0.09,99.92,14.54,True,True,20.0,NORMAL
2026-08-21 16:18:39,461,78.49,0.09,100.0,15.86,True,False,20.0,NORMAL
2026-08-21 16:18:40,462,78.49,0.08,99.91,14.58,True,True,20.0,NORMAL
2026-08-21 16:18:41,463,78.44,0.08,100.0,15.9,True,False,20.0,NORMAL
2026-08-21 16:18:42,464,78.3,0.07,99.94,14.62,True,True,20.0,NORMAL
2026-08-21 16:18:43,465,78.26,0.06,100.0,15.96,True,False,20.0,NORMAL
2026-08-21 16:18:44,466,78.17,0.09,99.88,15.0,True,False,20.0,NORMAL
2026-08-21 16:18:46,467,78.08,0.09,99.74,13.81,True,True,20.0,NORMAL
2026-08-21 16:18:47,468,78.01,0.11,100.0,15.02,True,False,20.0,NORMAL
2026-08-21 16:18:48,469,77.96,0.13,99.86,14.26,True,True,20.0,NORMAL
2026-08-21 16:18:49,470,78.03,0.12,100.0,15.57,True,False,20.0,NORMAL
2026-08-21 16:18:50,471,78.15,0.14,99.94,14.3,True,True,20.0,NORMAL
2026-08-21 16:18:51,472,78.09,0.11,100.0,15.89,True,False,20.0,NORMAL
2026-08-21 16:18:52,473,78.19,0.13,99.86,14.83,True,True,20.0,NORMAL
2026-08-21 16:18:53,474,78.22,0.11,100.0,16.32,True,False,20.0,NORMAL
2026-08-21 16:18:54,475,78.23,0.13,99.86,15.32,True,False,20.0,NORMAL
2026-08-21 16:18:55,476,78.2,0.14,99.76,14.58,True,True,20.0,NORMAL
2026-08-21 16:18:56,477,78.27,0.13,100.0,16.14,True,False,20.0,NORMAL
2026-08-21 16:18:57,478,78.12,0.12,99.9,15.07,True,False,20.0,NORMAL
2026-08-21 16:18:59,479,78.21,0.11,99.81,14.37,True,True,20.0,NORMAL
2026-08-21 16:19:00,480,78.13,0.09,100.0,15.58,True,False,20.0,NORMAL
2026-08-21 16:19:01,481,78.17,0.09,99.87,14.31,True,True,20.0,NORMAL
2026-08-21 16:19:02,482,78.12,0.12,100.0,15.87,True,False,20.0,NORMAL
2026-08-21 16:19:03,483,78.08,0.13,99.88,14.86,True,True,20.0,NORMAL
2026-08-21 16:19:04,484,78.11,0.13,100.0,16.24,True,False,20.0,NORMAL
2026-08-21 16:19:05,485,78.1,0.1,99.92,15.1,True,False,20.0,NORMAL
2026-08-21 16:19:06,486,77.99,0.13,99.85,14.32,True,True,20.0,NORMAL
2026-08-21 16:19:07,487,77.98,0.15,100.0,15.92,True,False,20.0,NORMAL
2026-08-21 16:19:08,488,77.99,0.12,99.85,14.64,True,True,20.0,NORMAL
2026-08-21 16:19:09,489,77.88,0.14,100.0,15.88,True,False,20.0,NORMAL
2026-08-21 16:19:10,490,77.79,0.12,99.92,15.1,True,False,20.0,NORMAL
2026-08-21 16:19:12,491,77.74,0.13,99.86,14.0,True,True,20.0,NORMAL
2026-08-21 16:19:13,492,77.63,0.12,100.0,15.18,True,False,20.0,NORMAL
2026-08-21 16:19:14,493,77.69,0.08,99.89,14.5,True,True,20.0,NORMAL
2026-08-21 16:19:15,494,77.63,0.1,100.0,15.93,True,False,20.0,NORMAL
2026-08-21 16:19:16,495,77.53,0.12,99.88,15.2,True,False,20.0,NORMAL
2026-08-21 16:19:17,496,77.46,0.1,99.83,14.14,True,True,20.0,NORMAL
2026-08-21 16:19:18,497,77.38,0.09,100.0,15.67,True,False,20.0,NORMAL
2026-08-21 16:19:19,498,77.49,0.09,99.93,14.9,True,True,20.0,NORMAL
2026-08-21 16:19:20,499,77.41,0.07,100.0,16.54,True,False,20.0,NORMAL
2026-08-21 16:19:21,500,77.48,0.06,99.94,15.31,True,False,20.0,NORMAL
2026-08-21 16:19:22,501,77.35,0.04,99.81,14.45,True,True,20.0,NORMAL
2026-08-21 16:19:24,502,77.41,0.06,100.0,16.06,True,False,20.0,NORMAL
2026-08-21 16:19:25,503,77.57,0.07,99.9,14.75,True,True,20.0,NORMAL
2026-08-21 16:19:26,504,77.59,0.08,100.0,16.16,True,False,20.0,NORMAL
2026-08-21 16:19:27,505,77.67,0.05,99.94,14.93,True,True,20.0,NORMAL
2026-08-21 16:19:28,506,77.55,0.05,100.0,16.04,True,False,20.0,NORMAL
2026-08-21 16:19:29,507,77.56,0.06,99.9,15.21,True,False,20.0,NORMAL
2026-08-21 16:19:30,508,77.47,0.05,99.8,14.49,True,True,20.0,NORMAL
2026-08-21 16:19:31,509,77.4,0.06,100.0,16.03,True,False,20.0,NORMAL
2026-08-21 16:19:32,510,77.55,0.05,99.87,15.27,True,False,20.0,NORMAL
2026-08-21 16:19:33,511,77.55,0.05,99.74,14.36,True,True,20.0,NORMAL
2026-08-21 16:19:34,512,77.42,0.03,99.98,15.97,True,False,20.0,NORMAL
2026-08-21 16:19:35,513,77.42,0.0,99.92,15.06,True,False,20.0,NORMAL
2026-08-21 16:19:37,514,77.56,0.0,99.87,13.93,True,True,20.0,NORMAL
2026-08-21 16:19:38,515,77.45,0.0,100.0,15.32,True,False,20.0,NORMAL
2026-08-21 16:19:39,516,77.39,0.0,99.88,14.62,True,True,20.0,NORMAL
2026-08-21 16:19:40,517,77.46,0.0,100.0,16.12,True,False,20.0,NORMAL
2026-08-21 16:19:41,518,77.44,0.0,99.86,14.89,True,True,20.0,NORMAL
2026-08-21 16:19:42,519,77.54,0.0,100.0,16.37,True,False,20.0,NORMAL
2026-08-21 16:19:43,520,77.45,0.01,99.93,15.42,True,False,20.0,NORMAL
2026-08-21 16:19:44,521,77.44,0.03,99.79,14.43,True,True,20.0,NORMAL
2026-08-21 16:19:45,522,77.38,0.04,100.0,15.95,True,False,20.0,NORMAL
2026-08-21 16:19:46,523,77.33,0.07,99.87,15.16,True,False,20.0,NORMAL
2026-08-21 16:19:47,524,77.36,0.07,99.79,13.93,True,True,20.0,NORMAL
2026-08-21 16:19:49,525,77.43,0.04,100.0,15.38,True,False,20.0,NORMAL
2026-08-21 16:19:50,526,77.47,0.03,99.93,14.62,True,True,20.0,NORMAL
2026-08-21 16:19:51,527,77.55,0.05,100.0,15.89,True,False,20.0,NORMAL
2026-08-21 16:19:52,528,77.49,0.04,99.9,14.9,True,True,20.0,NORMAL
2026-08-21 16:19:53,529,77.65,0.05,100.0,16.24,True,False,20.0,NORMAL
2026-08-21 16:19:54,530,77.57,0.07,99.86,14.99,True,True,20.0,NORMAL
2026-08-21 16:19:55,531,77.66,0.06,100.0,16.38,True,False,20.0,NORMAL
2026-08-21 16:19:56,532,77.68,0.04,99.91,15.03,True,False,20.0,NORMAL
2026-08-21 16:19:57,533,77.83,0.03,99.81,14.05,True,True,20.0,NORMAL
2026-08-21 16:19:58,534,77.7,0.02,100.0,15.6,True,False,20.0,NORMAL
2026-08-21 16:19:59,535,77.67,0.03,99.89,14.84,True,True,20.0,NORMAL
2026-08-21 16:20:00,536,77.63,0.04,100.0,16.13,True,False,20.0,NORMAL
2026-08-21 16:20:02,537,77.66,0.05,99.92,14.91,True,True,20.0,NORMAL
2026-08-21 16:20:03,538,77.6,0.07,100.0,16.4,True,False,20.0,NORMAL
2026-08-21 16:20:04,539,77.52,0.1,99.87,15.5,True,False,20.0,NORMAL
2026-08-21 16:20:05,540,77.65,0.07,99.79,14.54,True,True,20.0,NORMAL
2026-08-21 16:20:06,541,77.79,0.09,100.0,15.72,True,False,20.0,NORMAL
2026-08-21 16:20:07,542,77.8,0.1,99.93,14.82,True,True,20.0,NORMAL
2026-08-21 16:20:08,543,77.7,0.11,100.0,15.98,True,False,20.0,NORMAL
2026-08-21 16:20:09,544,77.67,0.1,99.93,14.86,True,True,20.0,NORMAL
2026-08-21 16:20:10,545,77.64,0.07,100.0,16.37,True,False,20.0,NORMAL
2026-08-21 16:20:11,546,77.71,0.05,99.89,15.61,True,False,20.0,NORMAL
2026-08-21 16:20:12,547,77.8,0.03,99.82,14.58,True,True,20.0,NORMAL
2026-08-21 16:20:13,548,77.76,0.02,100.0,15.69,True,False,20.0,NORMAL
2026-08-21 16:20:15,549,77.78,0.02,99.93,14.68,True,True,20.0,NORMAL
2026-08-21 16:20:16,550,77.93,0.03,100.0,15.9,True,False,20.0,NORMAL
2026-08-21 16:20:17,551,77.79,0.04,99.94,14.83,True,True,20.0,NORMAL
2026-08-21 16:20:18,552,77.73,0.07,100.0,16.04,True,False,20.0,NORMAL
2026-08-21 16:20:19,553,77.81,0.07,99.91,15.3,True,False,20.0,NORMAL
2026-08-21 16:20:20,554,77.85,0.08,99.78,14.05,True,True,20.0,NORMAL
2026-08-21 16:20:21,555,77.75,0.1,100.0,15.7,True,False,20.0,NORMAL
2026-08-21 16:20:22,556,77.82,0.1,99.87,14.8,True,True,20.0,NORMAL
2026-08-21 16:20:23,557,77.83,0.12,100.0,16.14,True,False,20.0,NORMAL
2026-08-21 16:20:24,558,77.82,0.1,99.88,15.28,True,False,20.0,NORMAL
2026-08-21 16:20:25,559,77.83,0.12,99.74,14.06,True,True,20.0,NORMAL
2026-08-21 16:20:26,560,77.92,0.12,99.94,15.52,True,False,20.0,NORMAL
2026-08-21 16:20:28,561,77.97,0.13,99.87,14.35,True,True,20.0,NORMAL
2026-08-21 16:20:29,562,77.87,0.15,100.0,15.63,True,False,20.0,NORMAL
2026-08-21 16:20:30,563,77.81,0.12,99.86,14.41,True,True,20.0,NORMAL
2026-08-21 16:20:31,564,77.7,0.12,100.0,15.77,True,False,20.0,NORMAL
2026-08-21 16:20:32,565,77.65,0.11,99.92,14.99,True,True,20.0,NORMAL
2026-08-21 16:20:33,566,77.57,0.1,100.0,16.19,True,False,20.0,NORMAL
2026-08-21 16:20:34,567,77.73,0.09,99.88,15.09,True,False,20.0,NORMAL
2026-08-21 16:20:35,568,77.78,0.07,99.8,14.33,True,True,20.0,NORMAL
2026-08-21 16:20:36,569,77.72,0.07,100.0,15.6,True,False,20.0,NORMAL
2026-08-21 16:20:37,570,77.84,0.04,99.93,14.89,True,True,20.0,NORMAL
2026-08-21 16:20:38,571,77.8,0.06,100.0,16.51,True,False,20.0,NORMAL
2026-08-21 16:20:40,572,77.96,0.08,99.85,15.64,True,False,20.0,NORMAL
2026-08-21 16:20:41,573,78.04,0.05,99.76,14.66,True,True,20.0,NORMAL
2026-08-21 16:20:42,574,77.96,0.08,100.0,16.29,True,False,20.0,NORMAL
2026-08-21 16:20:43,575,77.99,0.09,99.91,15.09,True,False,20.0,NORMAL
2026-08-21 16:20:44,576,78.13,0.08,99.82,14.21,True,True,20.0,NORMAL
2026-08-21 16:20:45,577,78.27,0.08,100.0,15.61,True,False,20.0,NORMAL
2026-08-21 16:20:46,578,78.18,0.08,99.91,14.75,True,True,20.0,NORMAL
2026-08-21 16:20:47,579,78.22,0.06,100.0,16.03,True,False,20.0,NORMAL
2026-08-21 16:20:48,580,78.26,0.05,99.95,15.2,True,False,20.0,NORMAL
2026-08-21 16:20:49,581,78.3,0.07,99.89,14.22,True,True,20.0,NORMAL
2026-08-21 16:20:50,582,78.45,0.07,100.0,15.42,True,False,20.0,NORMAL
2026-08-21 16:20:52,583,78.44,0.09,99.94,14.73,True,True,20.0,NORMAL
2026-08-21 16:20:53,584,78.34,0.12,100.0,16.31,True,False,20.0,NORMAL
2026-08-21 16:20:54,585,78.26,0.1,99.87,15.19,True,False,20.0,NORMAL
2026-08-21 16:20:55,586,78.11,0.12,99.8,14.34,True,True,20.0,NORMAL
2026-08-21 16:20:56,587,78.15,0.09,100.0,15.94,True,False,20.0,NORMAL
2026-08-21 16:20:57,588,78.21,0.11,99.93,15.06,True,False,20.0,NORMAL
2026-08-21 16:20:58,589,78.28,0.09,99.84,14.22,True,True,20.0,NORMAL
2026-08-21 16:20:59,590,78.42,0.07,100.0,15.75,True,False,20.0,NORMAL
2026-08-21 16:21:00,591,78.39,0.09,99.88,14.97,True,True,20.0,NORMAL
2026-08-21 16:21:01,592,78.36,0.06,100.0,16.51,True,False,20.0,NORMAL
2026-08-21 16:21:02,593,78.46,0.04,99.93,15.65,True,False,20.0,NORMAL
2026-08-21 16:21:03,594,78.48,0.07,99.79,14.64,True,True,20.0,NORMAL
2026-08-21 16:21:05,595,78.61,0.05,100.0,16.19,True,False,20.0,NORMAL
2026-08-21 16:21:06,596,78.55,0.07,99.86,14.87,True,True,20.0,NORMAL
2026-08-21 16:21:07,597,78.62,0.05,100.0,16.1,True,False,20.0,NORMAL
2026-08-21 16:21:08,598,78.56,0.03,99.93,15.15,True,False,20.0,NORMAL
2026-08-21 16:21:09,599,78.52,0.02,99.85,14.48,True,True,20.0,NORMAL
2026-08-21 16:21:10,600,78.65,0.04,100.0,15.8,True,False,20.0,NORMAL
2026-08-21 16:21:11,601,78.6,0.07,99.9,14.65,True,True,20.0,NORMAL
2026-08-21 16:21:12,602,78.53,0.09,100.0,16.27,True,False,20.0,NORMAL
2026-08-21 16:21:13,603,78.64,0.08,99.86,15.4,True,False,20.0,NORMAL
2026-08-21 16:21:14,604,78.66,0.09,99.79,14.63,True,True,20.0,NORMAL
2026-08-21 16:21:16,605,78.67,0.1,100.0,15.96,True,False,20.0,NORMAL
2026-08-21 16:21:17,606,78.72,0.1,99.89,15.05,True,False,20.0,NORMAL
2026-08-21 16:21:18,607,78.8,0.11,99.81,14.25,True,True,20.0,NORMAL
2026-08-21 16:21:19,608,78.79,0.11,100.0,15.38,True,False,20.0,NORMAL
2026-08-21 16:21:20,609,78.92,0.13,99.94,14.42,True,True,20.0,NORMAL
2026-08-21 16:21:21,610,78.84,0.13,100.0,15.63,True,False,20.0,NORMAL
2026-08-21 16:21:22,611,78.76,0.12,99.94,14.49,True,True,20.0,NORMAL
2026-08-21 16:21:23,612,78.77,0.12,100.0,16.0,True,False,20.0,NORMAL
2026-08-21 16:21:24,613,78.78,0.15,99.92,15.08,True,False,20.0,NORMAL
2026-08-21 16:21:25,614,78.76,0.12,99.83,14.35,True,True,20.0,NORMAL
2026-08-21 16:21:26,615,78.88,0.14,100.0,16.05,True,False,20.0,NORMAL
2026-08-21 16:21:28,616,78.77,0.15,99.93,15.04,True,False,20.0,NORMAL
2026-08-21 16:21:29,617,78.78,0.13,99.85,14.29,True,True,20.0,NORMAL
2026-08-21 16:21:30,618,78.83,0.11,100.0,15.66,True,False,20.0,NORMAL
2026-08-21 16:21:31,619,78.7,0.08,99.91,14.39,True,True,20.0,NORMAL
2026-08-21 16:21:32,620,78.55,0.06,100.0,16.01,True,False,20.0,NORMAL
2026-08-21 16:21:33,621,78.69,0.07,99.88,14.75,True,True,20.0,NORMAL
2026-08-21 16:21:34,622,78.77,0.04,100.0,15.93,True,False,20.0,NORMAL
2026-08-21 16:21:35,623,78.79,0.03,99.91,15.1,True,False,20.0,NORMAL
2026-08-21 16:21:36,624,78.67,0.04,99.84,14.33,True,True,20.0,NORMAL
2026-08-21 16:21:37,625,78.58,0.02,100.0,15.84,True,False,20.0,NORMAL
2026-08-21 16:21:38,626,78.63,0.03,99.89,15.04,True,False,20.0,NORMAL
2026-08-21 16:21:39,627,78.69,0.04,99.83,13.85,True,True,20.0,NORMAL
2026-08-21 16:21:41,628,78.6,0.08,100.0,15.19,True,False,20.0,NORMAL
2026-08-21 16:21:42,629,78.63,0.07,99.87,14.21,True,True,20.0,NORMAL
2026-08-21 16:21:43,630,78.65,0.08,100.0,15.65,True,False,20.0,NORMAL
2026-08-21 16:21:44,631,78.63,0.1,99.88,14.6,True,True,20.0,NORMAL
2026-08-21 16:21:45,632,78.52,0.13,100.0,15.94,True,False,20.0,NORMAL
2026-08-21 16:21:46,633,78.5,0.15,99.9,14.97,True,True,20.0,NORMAL
2026-08-21 16:21:47,634,78.38,0.15,100.0,16.45,True,False,20.0,NORMAL
2026-08-21 16:21:48,635,78.28,0.16,99.85,15.61,True,False,20.0,NORMAL
2026-08-21 16:21:49,636,78.39,0.17,99.77,14.58,True,True,20.0,NORMAL
2026-08-21 16:21:50,637,78.53,0.15,100.0,16.16,True,False,20.0,NORMAL
2026-08-21 16:21:51,638,78.56,0.13,99.85,14.97,True,True,20.0,NORMAL
2026-08-21 16:21:53,639,78.59,0.15,100.0,16.45,True,False,20.0,NORMAL
2026-08-21 16:21:54,640,78.6,0.12,99.89,15.41,True,False,20.0,NORMAL
2026-08-21 16:21:55,641,78.56,0.1,99.79,14.16,True,True,20.0,NORMAL
2026-08-21 16:21:56,642,78.53,0.09,100.0,15.57,True,False,20.0,NORMAL
2026-08-21 16:21:57,643,78.55,0.08,99.91,14.59,True,True,20.0,NORMAL
2026-08-21 16:21:58,644,78.48,0.05,100.0,16.16,True,False,20.0,NORMAL
2026-08-21 16:21:59,645,78.62,0.09,99.93,15.28,True,False,20.0,NORMAL
2026-08-21 16:22:00,646,78.75,0.09,99.88,14.28,True,True,20.0,NORMAL
2026-08-21 16:22:01,647,78.75,0.09,100.0,15.68,True,False,20.0,NORMAL
2026-08-21 16:22:02,648,78.66,0.11,99.91,14.52,True,True,20.0,NORMAL
2026-08-21 16:22:03,649,78.57,0.12,100.0,15.84,True,False,20.0,NORMAL
2026-08-21 16:22:04,650,78.61,0.13,99.93,14.72,True,True,20.0,NORMAL
2026-08-21 16:22:05,651,78.61,0.11,100.0,16.39,True,False,20.0,NORMAL
2026-08-21 16:22:07,652,78.74,0.09,99.94,15.1,True,False,20.0,NORMAL
2026-08-21 16:22:08,653,78.76,0.1,99.86,13.89,True,True,20.0,NORMAL
2026-08-21 16:22:09,654,78.85,0.11,100.0,15.33,True,False,20.0,NORMAL
2026-08-21 16:22:10,655,78.75,0.09,99.95,14.61,True,True,20.0,NORMAL
2026-08-21 16:22:11,656,78.67,0.11,100.0,16.25,True,False,20.0,NORMAL
2026-08-21 16:22:12,657,78.7,0.1,99.87,15.45,True,False,20.0,NORMAL
2026-08-21 16:22:13,658,78.78,0.11,99.76,14.24,True,True,20.0,NORMAL
2026-08-21 16:22:14,659,78.88,0.11,99.97,15.93,True,False,20.0,NORMAL
2026-08-21 16:22:15,660,78.89,0.14,99.85,15.14,True,False,20.0,NORMAL
2026-08-21 16:22:16,661,78.78,0.17,99.75,14.44,True,True,20.0,NORMAL
2026-08-21 16:22:17,662,78.81,0.18,99.96,15.6,True,False,20.0,NORMAL
2026-08-21 16:22:18,663,78.9,0.18,99.87,14.65,True,True,20.0,NORMAL
2026-08-21 16:22:20,664,78.8,0.2,100.0,15.95,True,False,20.0,NORMAL
2026-08-21 16:22:21,665,78.79,0.22,99.91,14.98,True,True,20.0,NORMAL
2026-08-21 16:22:22,666,78.74,0.23,100.0,16.31,True,False,20.0,NORMAL
2026-08-21 16:22:23,667,78.63,0.22,99.85,15.5,True,False,20.0,NORMAL
2026-08-21 16:22:24,668,78.76,0.24,99.78,14.75,True,True,20.0,NORMAL
2026-08-21 16:22:25,669,78.9,0.2,99.99,16.03,True,False,20.0,NORMAL
2026-08-21 16:22:26,670,78.88,0.22,99.88,14.95,True,True,20.0,NORMAL
2026-08-21 16:22:27,671,78.84,0.18,100.0,16.01,True,False,20.0,NORMAL
2026-08-21 16:22:28,672,78.7,0.16,99.89,15.04,True,False,20.0,NORMAL
2026-08-21 16:22:29,673,78.8,0.16,99.83,14.23,True,True,20.0,NORMAL
2026-08-21 16:22:30,674,78.72,0.15,100.0,15.4,True,False,20.0,NORMAL
2026-08-21 16:22:32,675,78.73,0.15,99.86,14.43,True,True,20.0,NORMAL
2026-08-21 16:22:33,676,78.83,0.17,100.0,15.57,True,False,20.0,NORMAL
2026-08-21 16:22:34,677,78.76,0.16,99.93,14.52,True,True,20.0,NORMAL
2026-08-21 16:22:35,678,78.73,0.14,100.0,15.99,True,False,20.0,NORMAL
2026-08-21 16:22:36,679,78.77,0.13,99.86,15.25,True,False,20.0,NORMAL
2026-08-21 16:22:37,680,78.73,0.12,99.76,14.38,True,True,20.0,NORMAL
2026-08-21 16:22:38,681,78.72,0.1,100.0,15.97,True,False,20.0,NORMAL
2026-08-21 16:22:39,682,78.86,0.12,99.9,14.94,True,True,20.0,NORMAL
2026-08-21 16:22:40,683,79.0,0.11,100.0,16.12,True,False,20.0,NORMAL
2026-08-21 16:22:41,684,79.1,0.11,99.87,15.37,True,False,20.0,NORMAL
2026-08-21 16:22:42,685,79.04,0.13,99.74,14.37,True,True,20.0,NORMAL
2026-08-21 16:22:43,686,79.02,0.13,99.99,15.99,True,False,20.0,NORMAL
2026-08-21 16:22:45,687,78.9,0.14,99.94,14.88,True,True,20.0,NORMAL
2026-08-21 16:22:46,688,78.99,0.12,100.0,16.32,True,False,20.0,NORMAL
2026-08-21 16:22:47,689,78.99,0.1,99.91,15.15,True,False,20.0,NORMAL
2026-08-21 16:22:48,690,78.95,0.11,99.81,14.24,True,True,20.0,NORMAL
2026-08-21 16:22:49,691,79.05,0.1,100.0,15.64,True,False,20.0,NORMAL
2026-08-21 16:22:50,692,79.01,0.08,99.87,14.56,True,True,20.0,NORMAL
2026-08-21 16:22:51,693,79.0,0.1,100.0,15.75,True,False,20.0,NORMAL
2026-08-21 16:22:52,694,79.0,0.09,99.85,14.53,True,True,20.0,NORMAL
2026-08-21 16:22:53,695,78.99,0.07,100.0,16.16,True,False,20.0,NORMAL
2026-08-21 16:22:54,696,79.04,0.08,99.86,15.14,True,False,20.0,NORMAL
2026-08-21 16:22:55,697,78.98,0.08,99.77,14.13,True,True,20.0,NORMAL
2026-08-21 16:22:56,698,79.06,0.12,100.0,15.41,True,False,20.0,NORMAL
2026-08-21 16:22:58,699,78.91,0.1,99.9,14.66,True,True,20.0,NORMAL
2026-08-21 16:22:59,700,78.92,0.1,100.0,16.1,True,False,20.0,NORMAL
2026-08-21 16:23:00,701,78.88,0.1,99.94,15.35,True,False,20.0,NORMAL
2026-08-21 16:23:01,702,78.96,0.08,99.86,14.45,True,True,20.0,NORMAL
2026-08-21 16:23:02,703,78.91,0.09,100.0,15.95,True,False,20.0,NORMAL
2026-08-21 16:23:03,704,78.99,0.08,99.89,15.08,True,False,20.0,NORMAL
2026-08-21 16:23:04,705,79.01,0.06,99.83,14.21,True,True,20.0,NORMAL
2026-08-21 16:23:05,706,79.08,0.08,100.0,15.8,True,False,20.0,NORMAL
2026-08-21 16:23:06,707,78.99,0.06,99.95,15.05,True,False,20.0,NORMAL
2026-08-21 16:23:07,708,78.95,0.04,99.8,14.39,True,True,20.0,NORMAL
2026-08-21 16:23:08,709,78.99,0.06,100.0,15.53,True,False,20.0,NORMAL
2026-08-21 16:23:09,710,78.99,0.09,99.86,14.7,True,True,20.0,NORMAL
2026-08-21 16:23:10,711,79.04,0.1,100.0,16.07,True,False,20.0,NORMAL
2026-08-21 16:23:12,712,79.12,0.09,99.9,15.14,True,False,20.0,NORMAL
2026-08-21 16:23:13,713,79.2,0.07,99.75,14.1,True,True,20.0,NORMAL
2026-08-21 16:23:14,714,79.32,0.1,100.0,15.65,True,False,20.0,NORMAL
2026-08-21 16:23:15,715,79.21,0.09,99.92,14.68,True,True,20.0,NORMAL
2026-08-21 16:23:16,716,79.17,0.09,100.0,15.83,True,False,20.0,NORMAL
2026-08-21 16:23:17,717,79.26,0.06,99.94,14.67,True,True,20.0,NORMAL
2026-08-21 16:23:18,718,79.09,0.05,100.0,15.84,True,False,20.0,NORMAL
2026-08-21 16:23:19,719,78.94,0.04,99.86,14.65,True,True,20.0,NORMAL
2026-08-21 16:23:20,720,78.87,0.07,100.0,16.11,True,False,20.0,NORMAL
2026-08-21 16:23:21,721,78.84,0.06,99.88,14.99,True,True,20.0,NORMAL
2026-08-21 16:23:22,722,78.97,0.04,100.0,16.6,True,False,20.0,NORMAL
2026-08-21 16:23:23,723,78.97,0.06,99.86,15.64,True,False,20.0,NORMAL
2026-08-21 16:23:25,724,78.87,0.05,99.79,14.44,True,True,20.0,NORMAL
2026-08-21 16:23:26,725,78.97,0.09,100.0,15.88,True,False,20.0,NORMAL
2026-08-21 16:23:27,726,78.82,0.09,99.89,14.72,True,True,20.0,NORMAL
2026-08-21 16:23:28,727,78.68,0.09,100.0,16.19,True,False,20.0,NORMAL
2026-08-21 16:23:29,728,78.57,0.1,99.89,14.86,True,True,20.0,NORMAL
2026-08-21 16:23:30,729,78.55,0.11,100.0,16.21,True,False,20.0,NORMAL
2026-08-21 16:23:31,730,78.67,0.13,99.88,15.41,True,False,20.0,NORMAL
2026-08-21 16:23:32,731,78.75,0.16,99.81,14.45,True,True,20.0,NORMAL
2026-08-21 16:23:33,732,78.88,0.16,100.0,15.9,True,False,20.0,NORMAL
2026-08-21 16:23:34,733,78.93,0.14,99.95,15.15,True,False,20.0,NORMAL
2026-08-21 16:23:35,734,78.98,0.16,99.85,14.4,True,True,20.0,NORMAL
2026-08-21 16:23:37,735,78.86,0.15,100.0,15.6,True,False,20.0,NORMAL
2026-08-21 16:23:38,736,78.91,0.14,99.89,14.67,True,True,20.0,NORMAL
2026-08-21 16:23:39,737,78.94,0.12,100.0,15.89,True,False,20.0,NORMAL
2026-08-21 16:23:40,738,78.84,0.1,99.86,14.7,True,True,20.0,NORMAL
2026-08-21 16:23:41,739,78.79,0.11,100.0,16.33,True,False,20.0,NORMAL
2026-08-21 16:23:42,740,78.93,0.13,99.92,15.48,True,False,20.0,NORMAL
2026-08-21 16:23:43,741,79.02,0.12,99.86,14.62,True,True,20.0,NORMAL
2026-08-21 16:23:44,742,78.96,0.15,100.0,15.76,True,False,20.0,NORMAL
2026-08-21 16:23:45,743,79.0,0.13,99.92,14.59,True,True,20.0,NORMAL
2026-08-21 16:23:46,744,79.04,0.15,100.0,15.74,True,False,20.0,NORMAL
2026-08-21 16:23:47,745,79.16,0.18,99.89,14.75,True,True,20.0,NORMAL
2026-08-21 16:23:48,746,79.29,0.17,100.0,16.31,True,False,20.0,NORMAL
2026-08-21 16:23:49,747,79.14,0.18,99.85,15.13,True,False,20.0,NORMAL
2026-08-21 16:23:51,748,79.06,0.2,99.78,14.38,True,True,20.0,NORMAL
2026-08-21 16:23:52,749,79.07,0.2,99.99,15.66,True,False,20.0,NORMAL
2026-08-21 16:23:53,750,79.02,0.21,99.88,14.76,True,True,20.0,NORMAL
2026-08-21 16:23:54,751,79.04,0.18,100.0,16.42,True,False,20.0,NORMAL
2026-08-21 16:23:55,752,78.98,0.16,99.9,15.56,True,False,20.0,NORMAL
2026-08-21 16:23:56,753,79.03,0.16,99.77,14.7,True,True,20.0,NORMAL
2026-08-21 16:23:57,754,78.97,0.13,99.97,15.95,True,False,20.0,NORMAL
2026-08-21 16:23:58,755,79.1,0.13,99.89,15.17,True,False,20.0,NORMAL
2026-08-21 16:23:59,756,78.99,0.15,99.83,14.13,True,True,20.0,NORMAL
2026-08-21 16:24:00,757,78.92,0.15,100.0,15.51,True,False,20.0,NORMAL
2026-08-21 16:24:01,758,79.02,0.16,99.9,14.59,True,True,20.0,NORMAL
2026-08-21 16:24:02,759,79.01,0.14,100.0,15.69,True,False,20.0,NORMAL
2026-08-21 16:24:04,760,78.97,0.15,99.93,14.43,True,True,20.0,NORMAL
2026-08-21 16:24:05,761,79.01,0.15,100.0,15.94,True,False,20.0,NORMAL
2026-08-21 16:24:06,762,79.06,0.16,99.92,14.76,True,True,20.0,NORMAL
2026-08-21 16:24:07,763,79.05,0.15,100.0,16.12,True,False,20.0,NORMAL
2026-08-21 16:24:08,764,79.08,0.15,99.95,14.8,True,True,20.0,NORMAL
2026-08-21 16:24:09,765,78.93,0.14,100.0,16.22,True,False,20.0,NORMAL
2026-08-21 16:24:10,766,78.86,0.17,99.95,15.47,True,False,20.0,NORMAL
2026-08-21 16:24:11,767,78.81,0.18,99.84,14.24,True,True,20.0,NORMAL
2026-08-21 16:24:12,768,78.74,0.2,100.0,15.66,True,False,20.0,NORMAL
2026-08-21 16:24:13,769,78.78,0.19,99.85,14.83,True,True,20.0,NORMAL
2026-08-21 16:24:14,770,78.92,0.21,100.0,16.43,True,False,20.0,NORMAL
2026-08-21 16:24:15,771,78.93,0.18,99.89,15.33,True,False,20.0,NORMAL
2026-08-21 16:24:16,772,78.94,0.16,99.77,14.57,True,True,20.0,NORMAL
2026-08-21 16:24:18,773,78.83,0.17,100.0,16.01,True,False,20.0,NORMAL
2026-08-21 16:24:19,774,78.68,0.19,99.85,14.69,True,True,20.0,NORMAL
2026-08-21 16:24:20,775,78.57,0.16,100.0,15.78,True,False,20.0,NORMAL
2026-08-21 16:24:21,776,78.5,0.16,99.92,14.96,True,True,20.0,NORMAL
2026-08-21 16:24:22,777,78.53,0.15,100.0,16.26,True,False,20.0,NORMAL
2026-08-21 16:24:23,778,78.45,0.17,99.91,15.51,True,False,20.0,NORMAL
2026-08-21 16:24:24,779,78.56,0.18,99.81,14.42,True,True,20.0,NORMAL
2026-08-21 16:24:25,780,78.57,0.18,100.0,16.12,True,False,20.0,NORMAL
2026-08-21 16:24:26,781,78.64,0.17,99.94,14.8,True,True,20.0,NORMAL
2026-08-21 16:24:27,782,78.55,0.17,100.0,16.44,True,False,20.0,NORMAL
2026-08-21 16:24:28,783,78.48,0.14,99.9,15.12,True,False,20.0,NORMAL
2026-08-21 16:24:29,784,78.45,0.14,99.76,14.41,True,True,20.0,NORMAL
2026-08-21 16:24:31,785,78.5,0.12,99.96,15.97,True,False,20.0,NORMAL
2026-08-21 16:24:32,786,78.57,0.09,99.88,14.65,True,True,20.0,NORMAL
2026-08-21 16:24:33,787,78.69,0.1,100.0,16.06,True,False,20.0,NORMAL
2026-08-21 16:24:34,788,78.63,0.13,99.85,14.85,True,True,20.0,NORMAL
2026-08-21 16:24:35,789,78.55,0.14,100.0,16.02,True,False,20.0,NORMAL
2026-08-21 16:24:36,790,78.65,0.14,99.91,15.29,True,False,20.0,NORMAL
2026-08-21 16:24:37,791,78.79,0.17,99.82,14.49,True,True,20.0,NORMAL
2026-08-21 16:24:38,792,78.63,0.16,100.0,15.88,True,False,20.0,NORMAL
2026-08-21 16:24:39,793,78.71,0.18,99.9,15.01,True,False,20.0,NORMAL
2026-08-21 16:24:40,794,78.7,0.18,99.77,14.27,True,True,20.0,NORMAL
2026-08-21 16:24:41,795,78.58,0.2,100.0,15.92,True,False,20.0,NORMAL
2026-08-21 16:24:42,796,78.62,0.2,99.92,14.7,True,True,20.0,NORMAL
2026-08-21 16:24:44,797,78.56,0.21,100.0,15.83,True,False,20.0,NORMAL
2026-08-21 16:24:45,798,78.47,0.2,99.89,14.9,True,True,20.0,NORMAL
2026-08-21 16:24:46,799,78.45,0.21,100.0,16.09,True,False,20.0,NORMAL
2026-08-21 16:24:47,800,78.53,0.22,99.89,15.1,True,False,20.0,NORMAL
2026-08-21 16:24:48,801,78.51,0.23,99.79,14.24,True,True,20.0,NORMAL
2026-08-21 16:24:49,802,78.41,0.21,100.0,15.52,True,False,20.0,NORMAL
2026-08-21 16:24:50,803,78.4,0.21,99.86,14.41,True,True,20.0,NORMAL
2026-08-21 16:24:51,804,78.27,0.23,100.0,15.6,True,False,20.0,NORMAL
2026-08-21 16:24:52,805,78.24,0.22,99.88,14.6,True,True,20.0,NORMAL
2026-08-21 16:24:53,806,78.26,0.19,100.0,15.87,True,False,20.0,NORMAL
2026-08-21 16:24:54,807,78.16,0.18,99.9,14.66,True,True,20.0,NORMAL
2026-08-21 16:24:55,808,78.25,0.19,100.0,16.3,True,False,20.0,NORMAL
2026-08-21 16:24:56,809,78.39,0.2,99.88,15.47,True,False,20.0,NORMAL
2026-08-21 16:24:58,810,78.36,0.2,99.77,14.41,True,True,20.0,NORMAL
2026-08-21 16:24:59,811,78.46,0.16,100.0,16.02,True,False,20.0,NORMAL
2026-08-21 16:25:00,812,78.58,0.18,99.89,15.24,True,False,20.0,NORMAL
2026-08-21 16:25:01,813,78.61,0.18,99.8,14.56,True,True,20.0,NORMAL
2026-08-21 16:25:02,814,78.51,0.18,100.0,16.17,True,False,20.0,NORMAL
2026-08-21 16:25:03,815,78.55,0.16,99.93,14.95,True,True,20.0,NORMAL
2026-08-21 16:25:04,816,78.47,0.18,100.0,16.61,True,False,20.0,NORMAL
2026-08-21 16:25:05,817,78.56,0.2,99.92,15.79,True,False,20.0,NORMAL
2026-08-21 16:25:06,818,78.64,0.22,99.8,14.79,True,True,20.0,NORMAL
2026-08-21 16:25:07,819,78.75,0.19,100.0,16.38,True,False,20.0,NORMAL
2026-08-21 16:25:08,820,78.89,0.16,99.93,15.56,True,False,20.0,NORMAL
2026-08-21 16:25:09,821,78.81,0.14,99.81,14.59,True,True,20.0,NORMAL
2026-08-21 16:25:11,822,78.71,0.12,100.0,16.09,True,False,20.0,NORMAL
2026-08-21 16:25:12,823,78.55,0.13,99.87,14.99,True,True,20.0,NORMAL
2026-08-21 16:25:13,824,78.55,0.12,100.0,16.51,True,False,20.0,NORMAL
2026-08-21 16:25:14,825,78.67,0.11,99.86,15.33,True,False,20.0,NORMAL
2026-08-21 16:25:15,826,78.53,0.09,99.81,14.22,True,True,20.0,NORMAL
2026-08-21 16:25:16,827,78.45,0.11,100.0,15.61,True,False,20.0,NORMAL
2026-08-21 16:25:17,828,78.58,0.14,99.91,14.54,True,True,20.0,NORMAL
2026-08-21 16:25:18,829,78.46,0.11,100.0,15.68,True,False,20.0,NORMAL
2026-08-21 16:25:19,830,78.5,0.14,99.85,14.63,True,True,20.0,NORMAL
2026-08-21 16:25:20,831,78.38,0.16,100.0,16.1,True,False,20.0,NORMAL
2026-08-21 16:25:21,832,78.44,0.14,99.89,15.36,True,False,20.0,NORMAL
2026-08-21 16:25:22,833,78.55,0.16,99.84,14.45,True,True,20.0,NORMAL
2026-08-21 16:25:24,834,78.44,0.19,100.0,15.71,True,False,20.0,NORMAL
2026-08-21 16:25:25,835,78.58,0.15,99.91,14.57,True,True,20.0,NORMAL
2026-08-21 16:25:26,836,78.58,0.16,100.0,15.96,True,False,20.0,NORMAL
2026-08-21 16:25:27,837,78.5,0.17,99.9,15.1,True,False,20.0,NORMAL
2026-08-21 16:25:28,838,78.46,0.16,99.78,14.31,True,True,20.0,NORMAL
2026-08-21 16:25:29,839,78.37,0.14,100.0,16.02,True,False,20.0,NORMAL
2026-08-21 16:25:30,840,78.34,0.15,99.92,15.21,True,False,20.0,NORMAL
2026-08-21 16:25:31,841,78.47,0.15,99.86,14.42,True,True,20.0,NORMAL
2026-08-21 16:25:32,842,78.33,0.14,100.0,15.93,True,False,20.0,NORMAL
2026-08-21 16:25:33,843,78.28,0.14,99.86,14.65,True,True,20.0,NORMAL
2026-08-21 16:25:34,844,78.37,0.16,100.0,16.17,True,False,20.0,NORMAL
2026-08-21 16:25:36,845,78.5,0.17,99.93,15.12,True,False,20.0,NORMAL
2026-08-21 16:25:37,846,78.36,0.17,99.79,14.07,True,True,20.0,NORMAL
2026-08-21 16:25:38,847,78.39,0.17,100.0,15.64,True,False,20.0,NORMAL
2026-08-21 16:25:39,848,78.28,0.15,99.89,14.91,True,True,20.0,NORMAL
2026-08-21 16:25:40,849,78.24,0.13,100.0,15.97,True,False,20.0,NORMAL
2026-08-21 16:25:41,850,78.31,0.15,99.88,15.25,True,False,20.0,NORMAL
2026-08-21 16:25:42,851,78.3,0.12,99.78,14.56,True,True,20.0,NORMAL
2026-08-21 16:25:43,852,78.25,0.14,100.0,15.67,True,False,20.0,NORMAL
2026-08-21 16:25:44,853,78.15,0.16,99.94,14.89,True,True,20.0,NORMAL
2026-08-21 16:25:45,854,78.14,0.14,100.0,16.16,True,False,20.0,NORMAL
2026-08-21 16:25:46,855,78.24,0.16,99.92,15.21,True,False,20.0,NORMAL
2026-08-21 16:25:47,856,78.12,0.17,99.83,14.5,True,True,20.0,NORMAL
2026-08-21 16:25:49,857,77.98,0.17,100.0,16.08,True,False,20.0,NORMAL
2026-08-21 16:25:50,858,78.0,0.14,99.89,14.77,True,True,20.0,NORMAL
2026-08-21 16:25:51,859,78.05,0.16,100.0,16.41,True,False,20.0,NORMAL
2026-08-21 16:25:52,860,78.15,0.19,99.92,15.49,True,False,20.0,NORMAL
2026-08-21 16:25:53,861,78.22,0.16,99.77,14.78,True,True,20.0,NORMAL
2026-08-21 16:25:54,862,78.14,0.18,99.98,16.21,True,False,20.0,NORMAL
2026-08-21 16:25:55,863,78.01,0.19,99.88,15.16,True,False,20.0,NORMAL
2026-08-21 16:25:56,864,78.15,0.21,99.77,14.05,True,True,20.0,NORMAL
2026-08-21 16:25:57,865,78.24,0.22,100.0,15.44,True,False,20.0,NORMAL
2026-08-21 16:25:58,866,78.34,0.19,99.91,14.35,True,True,20.0,NORMAL
2026-08-21 16:25:59,867,78.29,0.16,100.0,16.06,True,False,20.0,NORMAL
2026-08-21 16:26:00,868,78.41,0.14,99.95,15.1,True,False,20.0,NORMAL
2026-08-21 16:26:02,869,78.35,0.16,99.8,14.41,True,True,20.0,NORMAL
2026-08-21 16:26:03,870,78.45,0.14,100.0,15.63,True,False,20.0,NORMAL
2026-08-21 16:26:04,871,78.47,0.12,99.86,14.92,True,True,20.0,NORMAL
2026-08-21 16:26:05,872,78.61,0.12,100.0,16.5,True,False,20.0,NORMAL
2026-08-21 16:26:06,873,78.68,0.15,99.89,15.64,True,False,20.0,NORMAL
2026-08-21 16:26:07,874,78.56,0.13,99.8,14.49,True,True,20.0,NORMAL
2026-08-21 16:26:08,875,78.44,0.14,100.0,15.7,True,False,20.0,NORMAL
2026-08-21 16:26:09,876,78.48,0.15,99.93,14.73,True,True,20.0,NORMAL
2026-08-21 16:26:10,877,78.51,0.15,100.0,16.24,True,False,20.0,NORMAL
2026-08-21 16:26:11,878,78.56,0.17,99.94,14.93,True,True,20.0,NORMAL
2026-08-21 16:26:12,879,78.43,0.17,100.0,16.27,True,False,20.0,NORMAL
2026-08-21 16:26:13,880,78.57,0.18,99.88,15.17,True,False,20.0,NORMAL
2026-08-21 16:26:14,881,78.65,0.15,99.75,14.28,True,True,20.0,NORMAL
2026-08-21 16:26:16,882,78.66,0.13,99.99,15.63,True,False,20.0,NORMAL
2026-08-21 16:26:17,883,78.56,0.1,99.92,14.67,True,True,20.0,NORMAL
2026-08-21 16:26:18,884,78.46,0.09,100.0,16.33,True,False,20.0,NORMAL
2026-08-21 16:26:19,885,78.42,0.11,99.91,15.55,True,False,20.0,NORMAL
2026-08-21 16:26:20,886,78.29,0.08,99.8,14.56,True,True,20.0,NORMAL
2026-08-21 16:26:21,887,78.35,0.12,100.0,16.25,True,False,20.0,NORMAL
2026-08-21 16:26:22,888,78.48,0.09,99.87,15.36,True,False,20.0,NORMAL
2026-08-21 16:26:23,889,78.57,0.09,99.77,14.39,True,True,20.0,NORMAL
2026-08-21 16:26:24,890,78.71,0.12,99.98,15.77,True,False,20.0,NORMAL
2026-08-21 16:26:25,891,78.82,0.13,99.88,14.68,True,True,20.0,NORMAL
2026-08-21 16:26:26,892,78.67,0.1,100.0,16.06,True,False,20.0,NORMAL
2026-08-21 16:26:27,893,78.57,0.08,99.87,14.94,True,True,20.0,NORMAL
2026-08-21 16:26:29,894,78.47,0.08,100.0,16.08,True,False,20.0,NORMAL
2026-08-21 16:26:30,895,78.33,0.1,99.86,15.09,True,False,20.0,NORMAL
2026-08-21 16:26:31,896,78.46,0.13,99.74,14.36,True,True,20.0,NORMAL
2026-08-21 16:26:32,897,78.39,0.14,99.97,15.69,True,False,20.0,NORMAL
2026-08-21 16:26:33,898,78.48,0.12,99.91,14.58,True,True,20.0,NORMAL
2026-08-21 16:26:34,899,78.43,0.1,100.0,15.85,True,False,20.0,NORMAL
2026-08-21 16:26:35,900,78.35,0.1,99.9,14.91,True,True,20.0,NORMAL
2026-08-21 16:26:36,901,78.32,0.09,100.0,16.22,True,False,20.0,NORMAL
2026-08-21 16:26:37,902,78.39,0.07,99.92,14.92,True,True,20.0,NORMAL
2026-08-21 16:26:38,903,78.49,0.05,100.0,16.06,True,False,20.0,NORMAL
2026-08-21 16:26:39,904,78.35,0.07,99.87,15.33,True,False,20.0,NORMAL
2026-08-21 16:26:40,905,78.29,0.06,99.73,14.46,True,True,20.0,NORMAL
2026-08-21 16:26:41,906,78.33,0.07,99.96,15.82,True,False,20.0,NORMAL
2026-08-21 16:26:43,907,78.2,0.06,99.82,14.57,True,True,20.0,NORMAL
2026-08-21 16:26:44,908,78.35,0.08,100.0,16.22,True,False,20.0,NORMAL
2026-08-21 16:26:45,909,78.42,0.08,99.89,15.22,True,False,20.0,NORMAL
2026-08-21 16:26:46,910,78.4,0.07,99.78,14.42,True,True,20.0,NORMAL
2026-08-21 16:26:47,911,78.5,0.08,100.0,15.58,True,False,20.0,NORMAL
2026-08-21 16:26:48,912,78.38,0.08,99.92,14.52,True,True,20.0,NORMAL
2026-08-21 16:26:49,913,78.49,0.08,100.0,15.76,True,False,20.0,NORMAL
2026-08-21 16:26:50,914,78.44,0.07,99.91,14.75,True,True,20.0,NORMAL
2026-08-21 16:26:51,915,78.39,0.07,100.0,16.21,True,False,20.0,NORMAL
2026-08-21 16:26:52,916,78.41,0.09,99.91,14.95,True,True,20.0,NORMAL
2026-08-21 16:26:53,917,78.49,0.11,100.0,16.33,True,False,20.0,NORMAL
2026-08-21 16:26:54,918,78.63,0.12,99.9,15.16,True,False,20.0,NORMAL
2026-08-21 16:26:56,919,78.56,0.1,99.84,14.28,True,True,20.0,NORMAL
2026-08-21 16:26:57,920,78.69,0.1,100.0,15.61,True,False,20.0,NORMAL
2026-08-21 16:26:58,921,78.54,0.08,99.89,14.4,True,True,20.0,NORMAL
2026-08-21 16:26:59,922,78.44,0.07,100.0,15.97,True,False,20.0,NORMAL
2026-08-21 16:27:00,923,78.41,0.09,99.91,14.79,True,True,20.0,NORMAL
2026-08-21 16:27:01,924,78.49,0.08,100.0,15.88,True,False,20.0,NORMAL
2026-08-21 16:27:02,925,78.47,0.11,99.93,15.14,True,False,20.0,NORMAL
2026-08-21 16:27:03,926,78.6,0.08,99.87,14.34,True,True,20.0,NORMAL
2026-08-21 16:27:04,927,78.57,0.11,100.0,15.51,True,False,20.0,NORMAL
2026-08-21 16:27:05,928,78.42,0.13,99.85,14.58,True,True,20.0,NORMAL
2026-08-21 16:27:06,929,78.47,0.11,100.0,15.69,True,False,20.0,NORMAL
2026-08-21 16:27:07,930,78.47,0.1,99.89,14.56,True,True,20.0,NORMAL
2026-08-21 16:27:09,931,78.37,0.09,100.0,16.1,True,False,20.0,NORMAL
2026-08-21 16:27:10,932,78.42,0.1,99.94,14.81,True,True,20.0,NORMAL
2026-08-21 16:27:11,933,78.51,0.08,100.0,15.97,True,False,20.0,NORMAL
2026-08-21 16:27:12,934,78.57,0.08,99.9,14.65,True,True,20.0,NORMAL
2026-08-21 16:27:13,935,78.46,0.06,100.0,16.22,True,False,20.0,NORMAL
2026-08-21 16:27:14,936,78.58,0.06,99.87,15.46,True,False,20.0,NORMAL
2026-08-21 16:27:15,937,78.62,0.09,99.74,14.53,True,True,20.0,NORMAL
2026-08-21 16:27:16,938,78.52,0.08,99.96,15.75,True,False,20.0,NORMAL
2026-08-21 16:27:17,939,78.56,0.08,99.89,14.47,True,True,20.0,NORMAL
2026-08-21 16:27:18,940,78.59,0.1,100.0,16.1,True,False,20.0,NORMAL
2026-08-21 16:27:19,941,78.58,0.09,99.92,14.82,True,True,20.0,NORMAL
2026-08-21 16:27:20,942,78.51,0.07,100.0,16.08,True,False,20.0,NORMAL
2026-08-21 16:27:22,943,78.42,0.07,99.88,15.32,True,False,20.0,NORMAL
2026-08-21 16:27:23,944,78.49,0.04,99.75,14.31,True,True,20.0,NORMAL
2026-08-21 16:27:24,945,78.41,0.04,99.97,15.93,True,False,20.0,NORMAL
2026-08-21 16:27:25,946,78.43,0.05,99.87,14.86,True,True,20.0,NORMAL
2026-08-21 16:27:26,947,78.35,0.04,100.0,16.4,True,False,20.0,NORMAL
2026-08-21 16:27:27,948,78.35,0.05,99.88,15.05,True,False,20.0,NORMAL
2026-08-21 16:27:28,949,78.21,0.07,99.78,13.96,True,True,20.0,NORMAL
2026-08-21 16:27:29,950,78.18,0.07,100.0,15.36,True,False,20.0,NORMAL
2026-08-21 16:27:30,951,78.31,0.1,99.87,14.58,True,True,20.0,NORMAL
2026-08-21 16:27:31,952,78.21,0.1,100.0,15.93,True,False,20.0,NORMAL
2026-08-21 16:27:32,953,78.21,0.13,99.94,15.03,True,False,20.0,NORMAL
2026-08-21 16:27:34,954,78.32,0.13,99.87,14.16,True,True,20.0,NORMAL
2026-08-21 16:27:35,955,78.32,0.15,100.0,15.8,True,False,20.0,NORMAL
2026-08-21 16:27:36,956,78.35,0.17,99.92,14.59,True,True,20.0,NORMAL
2026-08-21 16:27:37,957,78.22,0.19,100.0,16.18,True,False,20.0,NORMAL
2026-08-21 16:27:38,958,78.14,0.2,99.89,15.15,True,False,20.0,NORMAL
2026-08-21 16:27:39,959,78.08,0.18,99.82,14.43,True,True,20.0,NORMAL
2026-08-21 16:27:40,960,78.11,0.16,100.0,15.92,True,False,20.0,NORMAL
2026-08-21 16:27:41,961,77.97,0.15,99.94,14.98,True,True,20.0,NORMAL
2026-08-21 16:27:42,962,77.98,0.12,100.0,16.24,True,False,20.0,NORMAL
2026-08-21 16:27:43,963,78.02,0.11,99.85,15.29,True,False,20.0,NORMAL
2026-08-21 16:27:44,964,77.9,0.13,99.75,14.57,True,True,20.0,NORMAL
2026-08-21 16:27:46,965,77.81,0.13,99.97,16.23,True,False,20.0,NORMAL
2026-08-21 16:27:47,966,77.87,0.14,99.82,15.12,True,False,20.0,NORMAL
2026-08-21 16:27:48,967,77.75,0.17,99.74,14.02,True,True,20.0,NORMAL
2026-08-21 16:27:49,968,77.73,0.15,100.0,15.74,True,False,20.0,NORMAL
2026-08-21 16:27:50,969,77.7,0.15,99.92,14.72,True,True,20.0,NORMAL
2026-08-21 16:27:51,970,77.78,0.13,100.0,15.84,True,False,20.0,NORMAL
2026-08-21 16:27:52,971,77.76,0.1,99.85,15.02,True,False,20.0,NORMAL
2026-08-21 16:27:53,972,77.9,0.12,99.72,14.26,True,True,20.0,NORMAL
2026-08-21 16:27:54,973,77.92,0.11,100.0,15.94,True,False,20.0,NORMAL
2026-08-21 16:27:55,974,77.84,0.12,99.94,15.09,True,False,20.0,NORMAL
2026-08-21 16:27:56,975,77.87,0.1,99.8,13.99,True,True,20.0,NORMAL
2026-08-21 16:27:58,976,77.95,0.1,100.0,15.25,True,False,20.0,NORMAL
2026-08-21 16:27:59,977,77.88,0.13,99.92,14.08,True,True,20.0,NORMAL
2026-08-21 16:28:00,978,77.98,0.12,100.0,15.58,True,False,20.0,NORMAL
2026-08-21 16:28:01,979,77.98,0.11,99.89,14.38,True,True,20.0,NORMAL
2026-08-21 16:28:02,980,78.09,0.08,100.0,15.98,True,False,20.0,NORMAL
2026-08-21 16:28:03,981,78.05,0.08,99.88,15.2,True,False,20.0,NORMAL
2026-08-21 16:28:04,982,78.02,0.1,99.78,14.11,True,True,20.0,NORMAL
2026-08-21 16:28:05,983,78.04,0.12,100.0,15.3,True,False,20.0,NORMAL
2026-08-21 16:28:06,984,77.98,0.15,99.94,14.5,True,True,20.0,NORMAL
2026-08-21 16:28:07,985,78.11,0.13,100.0,15.96,True,False,20.0,NORMAL
2026-08-21 16:28:08,986,78.17,0.14,99.93,14.82,True,True,20.0,NORMAL
2026-08-21 16:28:09,987,78.16,0.17,100.0,16.3,True,False,20.0,NORMAL
2026-08-21 16:28:10,988,78.27,0.15,99.94,15.23,True,False,20.0,NORMAL
2026-08-21 16:28:12,989,78.2,0.16,99.84,14.56,True,True,20.0,NORMAL
2026-08-21 16:28:13,990,78.14,0.18,100.0,16.19,True,False,20.0,NORMAL
2026-08-21 16:28:14,991,78.28,0.2,99.9,15.21,True,False,20.0,NORMAL
2026-08-21 16:28:15,992,78.13,0.18,99.77,14.53,True,True,20.0,NORMAL
2026-08-21 16:28:16,993,78.22,0.2,100.0,15.85,True,False,20.0,NORMAL
2026-08-21 16:28:17,994,78.08,0.21,99.95,14.54,True,True,20.0,NORMAL
2026-08-21 16:28:18,995,77.96,0.2,100.0,15.65,True,False,20.0,NORMAL
2026-08-21 16:28:19,996,78.03,0.22,99.95,14.59,True,True,20.0,NORMAL
2026-08-21 16:28:20,997,78.08,0.21,100.0,16.03,True,False,20.0,NORMAL
2026-08-21 16:28:21,998,78.03,0.2,99.9,15.27,True,False,20.0,NORMAL
2026-08-21 16:28:22,999,78.0,0.22,99.76,14.29,True,True,20.0,NORMAL
2026-08-21 16:28:24,1000,78.06,0.21,100.0,15.85,True,False,20.0,NORMAL
2026-08-21 16:28:25,1001,78.1,0.2,99.87,14.99,True,True,20.0,NORMAL
2026-08-21 16:28:26,1002,78.05,0.16,100.0,16.09,True,False,20.0,NORMAL
2026-08-21 16:28:27,1003,78.11,0.14,99.91,14.78,True,True,20.0,NORMAL
2026-08-21 16:28:28,1004,78.1,0.16,100.0,16.39,True,False,20.0,NORMAL
2026-08-21 16:28:29,1005,78.12,0.19,99.87,15.28,True,False,20.0,NORMAL
2026-08-21 16:28:30,1006,78.21,0.16,99.82,14.31,True,True,20.0,NORMAL
2026-08-21 16:28:31,1007,78.25,0.17,100.0,15.69,True,False,20.0,NORMAL
2026-08-21 16:28:32,1008,78.18,0.17,99.93,14.9,True,True,20.0,NORMAL
2026-08-21 16:28:33,1009,78.08,0.15,100.0,16.38,True,False,20.0,NORMAL
2026-08-21 16:28:34,1010,78.21,0.12,99.87,15.53,True,False,20.0,NORMAL
2026-08-21 16:28:36,1011,78.28,0.1,99.74,14.63,True,True,20.0,NORMAL
2026-08-21 16:28:37,1012,78.3,0.12,100.0,16.06,True,False,20.0,NORMAL
2026-08-21 16:28:38,1013,78.16,0.11,99.88,15.23,True,False,20.0,NORMAL
2026-08-21 16:28:39,1014,78.04,0.11,99.77,14.3,True,True,20.0,NORMAL
2026-08-21 16:28:40,1015,78.16,0.08,100.0,16.0,True,False,20.0,NORMAL
2026-08-21 16:28:41,1016,78.01,0.11,99.87,14.94,True,True,20.0,NORMAL
2026-08-21 16:28:42,1017,78.0,0.09,100.0,16.23,True,False,20.0,NORMAL
2026-08-21 16:28:43,1018,78.07,0.06,99.86,15.15,True,False,20.0,NORMAL
2026-08-21 16:28:44,1019,78.16,0.07,99.76,14.06,True,True,20.0,NORMAL
2026-08-21 16:28:45,1020,78.18,0.09,100.0,15.52,True,False,20.0,NORMAL
2026-08-21 16:28:46,1021,78.1,0.09,99.9,14.75,True,True,20.0,NORMAL
2026-08-21 16:28:47,1022,77.99,0.12,100.0,16.02,True,False,20.0,NORMAL
2026-08-21 16:28:49,1023,77.9,0.14,99.88,14.79,True,True,20.0,NORMAL
2026-08-21 16:28:50,1024,77.76,0.16,100.0,16.42,True,False,20.0,NORMAL
2026-08-21 16:28:51,1025,77.72,0.15,99.91,15.61,True,False,20.0,NORMAL
2026-08-21 16:28:52,1026,77.83,0.13,99.78,14.91,True,True,20.0,NORMAL
2026-08-21 16:28:53,1027,77.97,0.14,100.0,16.34,True,False,20.0,NORMAL
2026-08-21 16:28:54,1028,78.02,0.11,99.94,15.24,True,False,20.0,NORMAL
2026-08-21 16:28:55,1029,77.89,0.11,99.87,14.56,True,True,20.0,NORMAL
2026-08-21 16:28:56,1030,77.79,0.09,100.0,15.89,True,False,20.0,NORMAL
2026-08-21 16:28:57,1031,77.83,0.09,99.87,14.71,True,True,20.0,NORMAL
2026-08-21 16:28:58,1032,77.85,0.08,100.0,16.03,True,False,20.0,NORMAL
2026-08-21 16:28:59,1033,77.8,0.09,99.89,15.21,True,False,20.0,NORMAL
2026-08-21 16:29:00,1034,77.82,0.09,99.77,14.19,True,True,20.0,NORMAL
2026-08-21 16:29:02,1035,77.77,0.11,100.0,15.54,True,False,20.0,NORMAL
2026-08-21 16:29:03,1036,77.66,0.12,99.91,14.52,True,True,20.0,NORMAL
2026-08-21 16:29:04,1037,77.54,0.12,100.0,15.92,True,False,20.0,NORMAL
2026-08-21 16:29:05,1038,77.69,0.14,99.87,14.87,True,True,20.0,NORMAL
2026-08-21 16:29:06,1039,77.63,0.12,100.0,16.23,True,False,20.0,NORMAL
2026-08-21 16:29:07,1040,77.67,0.12,99.86,14.95,True,True,20.0,NORMAL
2026-08-21 16:29:08,1041,77.53,0.13,100.0,16.44,True,False,20.0,NORMAL
2026-08-21 16:29:09,1042,77.64,0.11,99.89,15.36,True,False,20.0,NORMAL
2026-08-21 16:29:10,1043,77.75,0.12,99.77,14.65,True,True,20.0,NORMAL
2026-08-21 16:29:11,1044,77.77,0.13,100.0,15.79,True,False,20.0,NORMAL
2026-08-21 16:29:12,1045,77.87,0.13,99.89,15.04,True,False,20.0,NORMAL
2026-08-21 16:29:13,1046,77.9,0.16,99.83,14.22,True,True,20.0,NORMAL
2026-08-21 16:29:14,1047,77.95,0.15,100.0,15.43,True,False,20.0,NORMAL
2026-08-21 16:29:16,1048,77.9,0.14,99.86,14.4,True,True,20.0,NORMAL
2026-08-21 16:29:17,1049,78.03,0.11,100.0,15.96,True,False,20.0,NORMAL
2026-08-21 16:29:18,1050,77.89,0.09,99.94,15.12,True,False,20.0,NORMAL
2026-08-21 16:29:19,1051,77.81,0.11,99.81,13.93,True,True,20.0,NORMAL
2026-08-21 16:29:20,1052,77.82,0.13,100.0,15.15,True,False,20.0,NORMAL
2026-08-21 16:29:21,1053,77.91,0.15,99.87,14.2,True,True,20.0,NORMAL
2026-08-21 16:29:22,1054,77.95,0.16,100.0,15.83,True,False,20.0,NORMAL
2026-08-21 16:29:23,1055,77.85,0.18,99.89,14.55,True,True,20.0,NORMAL
2026-08-21 16:29:24,1056,77.89,0.16,100.0,16.22,True,False,20.0,NORMAL
2026-08-21 16:29:25,1057,77.83,0.14,99.9,15.12,True,False,20.0,NORMAL
2026-08-21 16:29:26,1058,77.97,0.16,99.76,13.91,True,True,20.0,NORMAL
2026-08-21 16:29:27,1059,77.86,0.14,99.98,15.11,True,False,20.0,NORMAL
2026-08-21 16:29:29,1060,77.92,0.14,99.83,14.04,True,True,20.0,NORMAL
2026-08-21 16:29:30,1061,78.06,0.12,100.0,15.3,True,False,20.0,NORMAL
2026-08-21 16:29:31,1062,78.06,0.15,99.88,14.35,True,True,20.0,NORMAL
2026-08-21 16:29:32,1063,77.95,0.12,100.0,16.05,True,False,20.0,NORMAL
2026-08-21 16:29:33,1064,77.87,0.14,99.86,14.95,True,True,20.0,NORMAL
2026-08-21 16:29:34,1065,77.78,0.11,100.0,16.07,True,False,20.0,NORMAL
2026-08-21 16:29:35,1066,77.94,0.12,99.86,15.13,True,False,20.0,NORMAL
2026-08-21 16:29:36,1067,77.86,0.14,99.75,13.88,True,True,20.0,NORMAL
2026-08-21 16:29:37,1068,78.01,0.15,100.0,15.25,True,False,20.0,NORMAL
2026-08-21 16:29:38,1069,77.92,0.12,99.94,14.32,True,True,20.0,NORMAL
2026-08-21 16:29:39,1070,77.81,0.11,100.0,15.56,True,False,20.0,NORMAL
2026-08-21 16:29:40,1071,77.93,0.14,99.86,14.67,True,True,20.0,NORMAL
2026-08-21 16:29:42,1072,78.0,0.11,100.0,15.76,True,False,20.0,NORMAL
2026-08-21 16:29:43,1073,78.09,0.13,99.92,14.79,True,True,20.0,NORMAL
2026-08-21 16:29:44,1074,78.13,0.13,100.0,16.08,True,False,20.0,NORMAL
2026-08-21 16:29:45,1075,78.2,0.12,99.88,15.33,True,False,20.0,NORMAL
2026-08-21 16:29:46,1076,78.16,0.14,99.8,14.66,True,True,20.0,NORMAL
2026-08-21 16:29:47,1077,78.15,0.11,100.0,16.34,True,False,20.0,NORMAL
2026-08-21 16:29:48,1078,78.05,0.14,99.86,15.29,True,False,20.0,NORMAL
2026-08-21 16:29:49,1079,78.11,0.15,99.72,14.3,True,True,20.0,NORMAL
2026-08-21 16:29:50,1080,78.04,0.13,100.0,15.74,True,False,20.0,NORMAL
2026-08-21 16:29:51,1081,78.13,0.13,99.87,15.03,True,False,20.0,NORMAL
2026-08-21 16:29:52,1082,78.18,0.13,99.77,14.37,True,True,20.0,NORMAL
2026-08-21 16:29:54,1083,78.2,0.1,100.0,15.91,True,False,20.0,NORMAL
2026-08-21 16:29:55,1084,78.28,0.09,99.87,14.66,True,True,20.0,NORMAL
2026-08-21 16:29:56,1085,78.33,0.11,100.0,15.77,True,False,20.0,NORMAL
2026-08-21 16:29:57,1086,78.27,0.11,99.94,14.59,True,True,20.0,NORMAL
2026-08-21 16:29:58,1087,78.18,0.08,100.0,15.94,True,False,20.0,NORMAL
2026-08-21 16:29:59,1088,78.28,0.08,99.91,15.07,True,False,20.0,NORMAL
2026-08-21 16:30:00,1089,78.22,0.06,99.83,14.27,True,True,20.0,NORMAL
2026-08-21 16:30:01,1090,78.35,0.04,100.0,15.54,True,False,20.0,NORMAL
2026-08-21 16:30:02,1091,78.47,0.02,99.9,14.74,True,True,20.0,NORMAL
2026-08-21 16:30:03,1092,78.41,0.06,100.0,16.13,True,False,20.0,NORMAL
2026-08-21 16:30:04,1093,78.46,0.07,99.89,14.82,True,True,20.0,NORMAL
2026-08-21 16:30:05,1094,78.42,0.08,100.0,16.44,True,False,20.0,NORMAL
2026-08-21 16:30:06,1095,78.39,0.11,99.86,15.39,True,False,20.0,NORMAL
2026-08-21 16:30:08,1096,78.5,0.11,99.79,14.65,True,True,20.0,NORMAL
2026-08-21 16:30:09,1097,78.36,0.11,100.0,15.75,True,False,20.0,NORMAL
2026-08-21 16:30:10,1098,78.27,0.1,99.88,14.79,True,True,20.0,NORMAL
2026-08-21 16:30:11,1099,78.34,0.08,100.0,16.41,True,False,20.0,NORMAL
2026-08-21 16:30:12,1100,78.37,0.07,99.91,15.11,True,False,20.0,NORMAL
2026-08-21 16:30:13,1101,78.25,0.08,99.79,14.28,True,True,20.0,NORMAL
2026-08-21 16:30:14,1102,78.28,0.09,100.0,15.55,True,False,20.0,NORMAL
2026-08-21 16:30:15,1103,78.16,0.07,99.92,14.46,True,True,20.0,NORMAL
2026-08-21 16:30:16,1104,78.1,0.07,100.0,15.97,True,False,20.0,NORMAL
2026-08-21 16:30:17,1105,78.11,0.09,99.86,14.95,True,True,20.0,NORMAL
2026-08-21 16:30:18,1106,78.1,0.06,100.0,16.13,True,False,20.0,NORMAL
2026-08-21 16:30:19,1107,77.98,0.05,99.94,15.16,True,False,20.0,NORMAL
2026-08-21 16:30:21,1108,78.03,0.04,99.87,14.17,True,True,20.0,NORMAL
2026-08-21 16:30:22,1109,77.95,0.04,100.0,15.59,True,False,20.0,NORMAL
2026-08-21 16:30:23,1110,77.91,0.05,99.93,14.88,True,True,20.0,NORMAL
2026-08-21 16:30:24,1111,77.81,0.05,100.0,16.38,True,False,20.0,NORMAL
2026-08-21 16:30:25,1112,77.9,0.05,99.87,15.2,True,False,20.0,NORMAL
2026-08-21 16:30:26,1113,77.78,0.05,99.81,14.33,True,True,20.0,NORMAL
2026-08-21 16:30:27,1114,77.83,0.06,100.0,15.64,True,False,20.0,NORMAL
2026-08-21 16:30:28,1115,77.97,0.07,99.86,14.4,True,True,20.0,NORMAL
2026-08-21 16:30:29,1116,77.89,0.08,100.0,16.06,True,False,20.0,NORMAL
2026-08-21 16:30:30,1117,77.9,0.06,99.91,14.96,True,True,20.0,NORMAL
2026-08-21 16:30:31,1118,77.79,0.04,100.0,16.23,True,False,20.0,NORMAL
2026-08-21 16:30:32,1119,77.74,0.02,99.91,15.41,True,False,20.0,NORMAL
2026-08-21 16:30:34,1120,77.8,0.03,99.77,14.18,True,True,20.0,NORMAL
2026-08-21 16:30:35,1121,77.76,0.04,100.0,15.68,True,False,20.0,NORMAL
2026-08-21 16:30:36,1122,77.73,0.03,99.87,14.48,True,True,20.0,NORMAL
2026-08-21 16:30:37,1123,77.63,0.05,100.0,15.58,True,False,20.0,NORMAL
2026-08-21 16:30:38,1124,77.6,0.04,99.94,14.48,True,True,20.0,NORMAL
2026-08-21 16:30:39,1125,77.71,0.07,100.0,15.75,True,False,20.0,NORMAL
2026-08-21 16:30:40,1126,77.73,0.08,99.87,14.95,True,True,20.0,NORMAL
2026-08-21 16:30:41,1127,77.61,0.06,100.0,16.17,True,False,20.0,NORMAL
2026-08-21 16:30:42,1128,77.52,0.09,99.86,15.06,True,False,20.0,NORMAL
2026-08-21 16:30:43,1129,77.61,0.11,99.72,14.0,True,True,20.0,NORMAL
2026-08-21 16:30:44,1130,77.72,0.1,99.95,15.19,True,False,20.0,NORMAL
2026-08-21 16:30:45,1131,77.73,0.12,99.88,14.03,True,True,20.0,NORMAL
2026-08-21 16:30:47,1132,77.88,0.09,100.0,15.71,True,False,20.0,NORMAL
2026-08-21 16:30:48,1133,77.97,0.09,99.95,14.7,True,True,20.0,NORMAL
2026-08-21 16:30:49,1134,77.86,0.1,100.0,16.02,True,False,20.0,NORMAL
2026-08-21 16:30:50,1135,77.79,0.09,99.88,14.89,True,True,20.0,NORMAL
2026-08-21 16:30:51,1136,77.7,0.07,100.0,16.22,True,False,20.0,NORMAL
2026-08-21 16:30:52,1137,77.6,0.04,99.87,14.89,True,True,20.0,NORMAL
2026-08-21 16:30:53,1138,77.61,0.05,100.0,16.25,True,False,20.0,NORMAL
2026-08-21 16:30:54,1139,77.51,0.07,99.85,15.5,True,False,20.0,NORMAL
2026-08-21 16:30:55,1140,77.51,0.09,99.71,14.3,True,True,20.0,NORMAL
2026-08-21 16:30:56,1141,77.66,0.08,99.95,15.53,True,False,20.0,NORMAL
2026-08-21 16:30:57,1142,77.66,0.07,99.82,14.72,True,True,20.0,NORMAL
2026-08-21 16:30:58,1143,77.56,0.09,100.0,16.19,True,False,20.0,NORMAL
2026-08-21 16:31:00,1144,77.48,0.1,99.94,15.09,True,False,20.0,NORMAL
2026-08-21 16:31:01,1145,77.55,0.09,99.82,14.4,True,True,20.0,NORMAL
2026-08-21 16:31:02,1146,77.56,0.09,100.0,15.9,True,False,20.0,NORMAL
2026-08-21 16:31:03,1147,77.59,0.07,99.85,14.76,True,True,20.0,NORMAL
2026-08-21 16:31:04,1148,77.52,0.06,100.0,16.06,True,False,20.0,NORMAL
2026-08-21 16:31:05,1149,77.46,0.03,99.95,14.9,True,True,20.0,NORMAL
2026-08-21 16:31:06,1150,77.57,0.03,100.0,16.26,True,False,20.0,NORMAL
2026-08-21 16:31:07,1151,77.64,0.01,99.86,15.47,True,False,20.0,NORMAL
2026-08-21 16:31:08,1152,77.78,0.0,99.77,14.58,True,True,20.0,NORMAL
2026-08-21 16:31:09,1153,77.87,0.03,100.0,16.16,True,False,20.0,NORMAL
2026-08-21 16:31:10,1154,77.74,0.02,99.89,14.96,True,True,20.0,NORMAL
2026-08-21 16:31:11,1155,77.84,0.0,100.0,16.24,True,False,20.0,NORMAL
2026-08-21 16:31:13,1156,77.72,0.0,99.89,15.43,True,False,20.0,NORMAL
2026-08-21 16:31:14,1157,77.76,0.0,99.78,14.48,True,True,20.0,NORMAL
2026-08-21 16:31:15,1158,77.68,0.02,100.0,15.89,True,False,20.0,NORMAL
2026-08-21 16:31:16,1159,77.69,0.0,99.86,14.83,True,True,20.0,NORMAL
2026-08-21 16:31:17,1160,77.7,0.0,100.0,16.2,True,False,20.0,NORMAL
2026-08-21 16:31:18,1161,77.84,0.02,99.89,15.17,True,False,20.0,NORMAL
2026-08-21 16:31:19,1162,77.78,0.01,99.78,14.23,True,True,20.0,NORMAL
2026-08-21 16:31:20,1163,77.92,0.02,100.0,15.54,True,False,20.0,NORMAL
2026-08-21 16:31:21,1164,77.79,0.02,99.91,14.62,True,True,20.0,NORMAL
2026-08-21 16:31:22,1165,77.88,0.02,100.0,15.98,True,False,20.0,NORMAL
2026-08-21 16:31:23,1166,77.86,0.04,99.93,14.79,True,True,20.0,NORMAL
2026-08-21 16:31:24,1167,77.92,0.03,100.0,16.37,True,False,20.0,NORMAL
2026-08-21 16:31:26,1168,78.05,0.03,99.9,15.34,True,False,20.0,NORMAL
2026-08-21 16:31:27,1169,77.96,0.02,99.78,14.43,True,True,20.0,NORMAL
2026-08-21 16:31:28,1170,77.89,0.0,100.0,16.11,True,False,20.0,NORMAL
2026-08-21 16:31:29,1171,77.79,0.01,99.92,15.25,True,False,20.0,NORMAL
2026-08-21 16:31:30,1172,77.71,0.04,99.79,13.99,True,True,20.0,NORMAL
2026-08-21 16:31:31,1173,77.75,0.04,99.99,15.56,True,False,20.0,NORMAL
2026-08-21 16:31:32,1174,77.76,0.03,99.85,14.83,True,True,20.0,NORMAL
2026-08-21 16:31:33,1175,77.86,0.05,100.0,16.13,True,False,20.0,NORMAL
2026-08-21 16:31:34,1176,77.94,0.04,99.86,15.28,True,False,20.0,NORMAL
2026-08-21 16:31:35,1177,77.88,0.03,99.72,14.6,True,True,20.0,NORMAL
2026-08-21 16:31:36,1178,77.98,0.01,99.98,16.03,True,False,20.0,NORMAL
2026-08-21 16:31:37,1179,78.09,0.0,99.93,14.81,True,True,20.0,NORMAL
2026-08-21 16:31:38,1180,78.2,0.0,100.0,16.07,True,False,20.0,NORMAL
2026-08-21 16:31:40,1181,78.14,0.0,99.86,15.21,True,False,20.0,NORMAL
2026-08-21 16:31:41,1182,78.28,0.0,99.76,14.22,True,True,20.0,NORMAL
2026-08-21 16:31:42,1183,78.22,0.01,100.0,15.52,True,False,20.0,NORMAL
2026-08-21 16:31:43,1184,78.34,0.04,99.86,14.61,True,True,20.0,NORMAL
2026-08-21 16:31:44,1185,78.24,0.04,100.0,15.97,True,False,20.0,NORMAL
2026-08-21 16:31:45,1186,78.17,0.05,99.87,15.0,True,False,20.0,NORMAL
2026-08-21 16:31:46,1187,78.09,0.04,99.76,14.11,True,True,20.0,NORMAL
2026-08-21 16:31:47,1188,78.19,0.07,100.0,15.79,True,False,20.0,NORMAL
2026-08-21 16:31:48,1189,78.25,0.05,99.94,14.93,True,True,20.0,NORMAL
2026-08-21 16:31:49,1190,78.3,0.05,100.0,16.45,True,False,20.0,NORMAL
2026-08-21 16:31:51,1191,78.34,0.06,99.88,15.5,True,False,20.0,NORMAL
2026-08-21 16:31:52,1192,78.23,0.04,99.83,14.78,True,True,20.0,NORMAL
2026-08-21 16:31:53,1193,78.35,0.07,100.0,16.38,True,False,20.0,NORMAL
2026-08-21 16:31:54,1194,78.43,0.09,99.86,15.11,True,False,20.0,NORMAL
2026-08-21 16:31:55,1195,78.41,0.11,99.81,14.08,True,True,20.0,NORMAL
2026-08-21 16:31:56,1196,78.53,0.1,100.0,15.29,True,False,20.0,NORMAL
2026-08-21 16:31:57,1197,78.38,0.1,99.87,14.05,True,True,20.0,NORMAL
2026-08-21 16:31:58,1198,78.48,0.12,100.0,15.7,True,False,20.0,NORMAL
2026-08-21 16:31:59,1199,78.57,0.11,99.94,14.54,True,True,20.0,NORMAL
2026-08-21 16:32:00,1200,78.53,0.14,100.0,16.19,True,False,20.0,NORMAL
2026-08-21 16:32:01,1201,78.43,0.14,99.91,15.24,True,False,20.0,NORMAL
2026-08-21 16:32:03,1202,78.36,0.11,99.8,14.14,True,True,20.0,NORMAL
2026-08-21 16:32:04,1203,78.25,0.09,100.0,15.54,True,False,20.0,NORMAL
2026-08-21 16:32:05,1204,78.24,0.1,99.91,14.3,True,True,20.0,NORMAL
2026-08-21 16:32:06,1205,78.3,0.11,100.0,15.62,True,False,20.0,NORMAL
2026-08-21 16:32:07,1206,78.23,0.1,99.9,14.37,True,True,20.0,NORMAL
2026-08-21 16:32:08,1207,78.26,0.1,100.0,16.0,True,False,20.0,NORMAL
2026-08-21 16:32:09,1208,78.13,0.09,99.95,15.03,True,False,20.0,NORMAL
2026-08-21 16:32:10,1209,78.16,0.06,99.84,13.95,True,True,20.0,NORMAL
2026-08-21 16:32:11,1210,78.25,0.05,100.0,15.25,True,False,20.0,NORMAL
2026-08-21 16:32:12,1211,78.17,0.05,99.94,14.21,True,True,20.0,NORMAL
2026-08-21 16:32:13,1212,78.14,0.07,100.0,15.49,True,False,20.0,NORMAL
2026-08-21 16:32:15,1213,78.02,0.06,99.88,14.31,True,True,20.0,NORMAL
2026-08-21 16:32:16,1214,78.08,0.03,100.0,15.93,True,False,20.0,NORMAL
2026-08-21 16:32:17,1215,77.97,0.01,99.86,15.07,True,False,20.0,NORMAL
2026-08-21 16:32:18,1216,77.85,0.01,99.76,13.91,True,True,20.0,NORMAL
2026-08-21 16:32:19,1217,77.73,0.01,99.96,15.15,True,False,20.0,NORMAL
2026-08-21 16:32:20,1218,77.78,0.04,99.86,14.45,True,True,20.0,NORMAL
2026-08-21 16:32:21,1219,77.89,0.06,100.0,15.81,True,False,20.0,NORMAL
2026-08-21 16:32:22,1220,77.78,0.06,99.86,14.52,True,True,20.0,NORMAL
2026-08-21 16:32:23,1221,77.71,0.04,100.0,15.97,True,False,20.0,NORMAL
2026-08-21 16:32:24,1222,77.62,0.04,99.95,15.2,True,False,20.0,NORMAL
2026-08-21 16:32:25,1223,77.6,0.05,99.89,14.15,True,True,20.0,NORMAL
2026-08-21 16:32:26,1224,77.47,0.04,100.0,15.32,True,False,20.0,NORMAL
2026-08-21 16:32:28,1225,77.33,0.03,99.88,14.25,True,True,20.0,NORMAL
2026-08-21 16:32:29,1226,77.2,0.05,100.0,15.97,True,False,20.0,NORMAL
2026-08-21 16:32:30,1227,77.07,0.04,99.88,15.15,True,False,20.0,NORMAL
2026-08-21 16:32:31,1228,77.01,0.03,99.8,14.42,True,True,20.0,NORMAL
2026-08-21 16:32:32,1229,76.94,0.02,100.0,15.66,True,False,20.0,NORMAL
2026-08-21 16:32:33,1230,77.05,0.01,99.87,14.6,True,True,20.0,NORMAL
2026-08-21 16:32:34,1231,77.08,0.0,100.0,15.94,True,False,20.0,NORMAL
2026-08-21 16:32:35,1232,77.18,0.0,99.9,15.14,True,False,20.0,NORMAL
2026-08-21 16:32:36,1233,77.23,0.0,99.8,14.48,True,True,20.0,NORMAL
2026-08-21 16:32:37,1234,77.22,0.03,100.0,15.91,True,False,20.0,NORMAL
2026-08-21 16:32:38,1235,77.35,0.02,99.89,14.86,True,True,20.0,NORMAL
2026-08-21 16:32:40,1236,77.43,0.0,100.0,16.08,True,False,20.0,NORMAL
2026-08-21 16:32:41,1237,77.54,0.0,99.86,15.1,True,False,20.0,NORMAL
2026-08-21 16:32:42,1238,77.57,0.0,99.74,14.41,True,True,20.0,NORMAL
2026-08-21 16:32:43,1239,77.49,0.01,99.98,15.8,True,False,20.0,NORMAL
2026-08-21 16:32:44,1240,77.39,0.03,99.92,14.87,True,True,20.0,NORMAL
2026-08-21 16:32:45,1241,77.31,0.03,100.0,16.45,True,False,20.0,NORMAL
2026-08-21 16:32:46,1242,77.23,0.0,99.95,15.63,True,False,20.0,NORMAL
2026-08-21 16:32:47,1243,77.25,0.01,99.81,14.85,True,True,20.0,NORMAL
2026-08-21 16:32:48,1244,77.12,0.03,100.0,16.52,True,False,20.0,NORMAL
2026-08-21 16:32:49,1245,77.15,0.04,99.9,15.5,True,False,20.0,NORMAL
2026-08-21 16:32:50,1246,77.31,0.03,99.83,14.33,True,True,20.0,NORMAL
2026-08-21 16:32:52,1247,77.28,0.01,100.0,15.73,True,False,20.0,NORMAL
2026-08-21 16:32:53,1248,77.16,0.02,99.91,14.57,True,True,20.0,NORMAL
2026-08-21 16:32:54,1249,77.08,0.05,100.0,16.17,True,False,20.0,NORMAL
2026-08-21 16:32:55,1250,77.09,0.07,99.92,15.31,True,False,20.0,NORMAL
2026-08-21 16:32:56,1251,77.05,0.08,99.85,14.35,True,True,20.0,NORMAL
2026-08-21 16:32:57,1252,76.99,0.09,100.0,16.04,True,False,20.0,NORMAL
2026-08-21 16:32:58,1253,76.99,0.11,99.93,14.94,True,True,20.0,NORMAL
2026-08-21 16:32:59,1254,76.99,0.08,100.0,16.42,True,False,20.0,NORMAL
2026-08-21 16:33:00,1255,76.99,0.08,99.87,15.6,True,False,20.0,NORMAL
2026-08-21 16:33:01,1256,77.08,0.07,99.77,14.46,True,True,20.0,NORMAL
2026-08-21 16:33:02,1257,76.96,0.06,100.0,15.96,True,False,20.0,NORMAL
2026-08-21 16:33:04,1258,77.11,0.07,99.88,14.97,True,True,20.0,NORMAL
2026-08-21 16:33:05,1259,77.02,0.09,100.0,16.24,True,False,20.0,NORMAL
2026-08-21 16:33:06,1260,77.01,0.11,99.92,14.96,True,True,20.0,NORMAL
2026-08-21 16:33:07,1261,77.09,0.09,100.0,16.27,True,False,20.0,NORMAL
2026-08-21 16:33:08,1262,77.04,0.09,99.88,15.14,True,False,20.0,NORMAL
2026-08-21 16:33:09,1263,76.99,0.1,99.78,14.43,True,True,20.0,NORMAL
2026-08-21 16:33:10,1264,76.96,0.07,100.0,15.98,True,False,20.0,NORMAL
2026-08-21 16:33:11,1265,77.1,0.06,99.93,14.84,True,True,20.0,NORMAL
2026-08-21 16:33:12,1266,77.17,0.09,100.0,16.03,True,False,20.0,NORMAL
2026-08-21 16:33:13,1267,77.26,0.11,99.91,15.06,True,False,20.0,NORMAL
2026-08-21 16:33:14,1268,77.15,0.09,99.77,14.13,True,True,20.0,NORMAL
2026-08-21 16:33:16,1269,77.05,0.1,100.0,15.47,True,False,20.0,NORMAL
2026-08-21 16:33:17,1270,77.16,0.1,99.9,14.63,True,True,20.0,NORMAL
2026-08-21 16:33:18,1271,77.22,0.11,100.0,16.11,True,False,20.0,NORMAL
2026-08-21 16:33:19,1272,77.21,0.09,99.94,15.02,True,False,20.0,NORMAL
2026-08-21 16:33:20,1273,77.16,0.11,99.82,13.81,True,True,20.0,NORMAL
2026-08-21 16:33:21,1274,77.05,0.11,100.0,15.02,True,False,20.0,NORMAL
2026-08-21 16:33:22,1275,77.18,0.1,99.89,14.33,True,True,20.0,NORMAL
2026-08-21 16:33:23,1276,77.08,0.08,100.0,15.83,True,False,20.0,NORMAL
2026-08-21 16:33:24,1277,77.18,0.1,99.94,14.69,True,True,20.0,NORMAL
2026-08-21 16:33:25,1278,77.05,0.07,100.0,15.81,True,False,20.0,NORMAL
2026-08-21 16:33:26,1279,77.01,0.08,99.91,15.01,True,False,20.0,NORMAL
2026-08-21 16:33:28,1280,76.94,0.05,99.79,14.33,True,True,20.0,NORMAL
2026-08-21 16:33:29,1281,77.07,0.04,100.0,16.0,True,False,20.0,NORMAL
2026-08-21 16:33:30,1282,77.16,0.06,99.86,14.81,True,True,20.0,NORMAL
2026-08-21 16:33:31,1283,77.22,0.04,100.0,16.38,True,False,20.0,NORMAL
2026-08-21 16:33:32,1284,77.24,0.04,99.93,15.06,True,False,20.0,NORMAL
2026-08-21 16:33:33,1285,77.27,0.06,99.82,13.9,True,True,20.0,NORMAL
2026-08-21 16:33:34,1286,77.31,0.08,100.0,15.42,True,False,20.0,NORMAL
2026-08-21 16:33:35,1287,77.39,0.07,99.94,14.2,True,True,20.0,NORMAL
2026-08-21 16:33:36,1288,77.31,0.05,100.0,15.6,True,False,20.0,NORMAL
2026-08-21 16:33:37,1289,77.38,0.07,99.86,14.56,True,True,20.0,NORMAL
2026-08-21 16:33:38,1290,77.53,0.04,100.0,16.17,True,False,20.0,NORMAL
2026-08-21 16:33:40,1291,77.47,0.04,99.89,15.13,True,False,20.0,NORMAL
2026-08-21 16:33:41,1292,77.37,0.05,99.76,14.34,True,True,20.0,NORMAL
2026-08-21 16:33:42,1293,77.32,0.08,100.0,15.78,True,False,20.0,NORMAL
2026-08-21 16:33:43,1294,77.48,0.08,99.86,14.85,True,True,20.0,NORMAL
2026-08-21 16:33:44,1295,77.52,0.09,100.0,16.22,True,False,20.0,NORMAL
2026-08-21 16:33:45,1296,77.55,0.07,99.95,14.97,True,True,20.0,NORMAL
2026-08-21 16:33:46,1297,77.63,0.1,100.0,16.61,True,False,20.0,NORMAL
2026-08-21 16:33:47,1298,77.59,0.09,99.9,15.5,True,False,20.0,NORMAL
2026-08-21 16:33:48,1299,77.52,0.09,99.81,14.42,True,True,20.0,NORMAL
2026-08-21 16:33:49,1300,77.55,0.07,100.0,15.78,True,False,20.0,NORMAL
2026-08-21 16:33:50,1301,77.69,0.07,99.94,15.02,True,False,20.0,NORMAL
2026-08-21 16:33:52,1302,77.77,0.05,99.85,13.99,True,True,20.0,NORMAL
2026-08-21 16:33:53,1303,77.69,0.05,100.0,15.62,True,False,20.0,NORMAL
2026-08-21 16:33:54,1304,77.8,0.05,99.86,14.55,True,True,20.0,NORMAL
2026-08-21 16:33:55,1305,77.68,0.06,100.0,15.86,True,False,20.0,NORMAL
2026-08-21 16:33:56,1306,77.83,0.08,99.87,15.08,True,False,20.0,NORMAL
2026-08-21 16:33:57,1307,77.85,0.07,99.77,13.87,True,True,20.0,NORMAL
2026-08-21 16:33:58,1308,77.86,0.05,100.0,15.12,True,False,20.0,NORMAL
2026-08-21 16:33:59,1309,77.91,0.07,99.9,14.04,True,True,20.0,NORMAL
2026-08-21 16:34:00,1310,77.82,0.1,100.0,15.29,True,False,20.0,NORMAL
2026-08-21 16:34:01,1311,77.71,0.1,99.94,14.42,True,True,20.0,NORMAL
2026-08-21 16:34:02,1312,77.83,0.07,100.0,15.91,True,False,20.0,NORMAL
2026-08-21 16:34:04,1313,77.83,0.09,99.88,14.75,True,True,20.0,NORMAL
2026-08-21 16:34:05,1314,77.95,0.09,100.0,16.14,True,False,20.0,NORMAL
2026-08-21 16:34:06,1315,77.96,0.07,99.91,15.14,True,False,20.0,NORMAL
2026-08-21 16:34:07,1316,78.09,0.08,99.85,14.44,True,True,20.0,NORMAL
2026-08-21 16:34:08,1317,78.09,0.07,100.0,16.03,True,False,20.0,NORMAL
2026-08-21 16:34:09,1318,77.95,0.08,99.9,15.23,True,False,20.0,NORMAL
2026-08-21 16:34:10,1319,77.91,0.1,99.78,13.98,True,True,20.0,NORMAL
2026-08-21 16:34:11,1320,77.94,0.09,100.0,15.43,True,False,20.0,NORMAL
2026-08-21 16:34:12,1321,77.8,0.08,99.94,14.46,True,True,20.0,NORMAL
2026-08-21 16:34:13,1322,77.8,0.07,100.0,16.02,True,False,20.0,NORMAL
2026-08-21 16:34:14,1323,77.76,0.05,99.94,15.1,True,False,20.0,NORMAL
2026-08-21 16:34:16,1324,77.74,0.06,99.82,14.14,True,True,20.0,NORMAL
2026-08-21 16:34:17,1325,77.86,0.06,100.0,15.45,True,False,20.0,NORMAL
2026-08-21 16:34:18,1326,77.85,0.05,99.95,14.72,True,True,20.0,NORMAL
2026-08-21 16:34:19,1327,77.87,0.07,100.0,16.05,True,False,20.0,NORMAL
2026-08-21 16:34:20,1328,77.93,0.1,99.92,15.15,True,False,20.0,NORMAL
2026-08-21 16:34:21,1329,78.07,0.1,99.79,13.9,True,True,20.0,NORMAL
2026-08-21 16:34:22,1330,78.17,0.08,100.0,15.41,True,False,20.0,NORMAL
2026-08-21 16:34:23,1331,78.29,0.07,99.89,14.32,True,True,20.0,NORMAL
2026-08-21 16:34:24,1332,78.24,0.05,100.0,15.67,True,False,20.0,NORMAL
2026-08-21 16:34:25,1333,78.1,0.07,99.85,14.73,True,True,20.0,NORMAL
2026-08-21 16:34:26,1334,78.05,0.06,100.0,16.07,True,False,20.0,NORMAL
2026-08-21 16:34:28,1335,78.2,0.07,99.85,14.98,True,True,20.0,NORMAL
2026-08-21 16:34:29,1336,78.29,0.06,100.0,16.07,True,False,20.0,NORMAL
2026-08-21 16:34:30,1337,78.3,0.1,99.91,15.29,True,False,20.0,NORMAL
2026-08-21 16:34:31,1338,78.28,0.08,99.78,14.25,True,True,20.0,NORMAL
2026-08-21 16:34:32,1339,78.24,0.06,100.0,15.94,True,False,20.0,NORMAL
2026-08-21 16:34:33,1340,78.18,0.03,99.92,15.03,True,False,20.0,NORMAL
2026-08-21 16:34:34,1341,78.31,0.05,99.83,13.96,True,True,20.0,NORMAL
2026-08-21 16:34:35,1342,78.17,0.06,100.0,15.31,True,False,20.0,NORMAL
2026-08-21 16:34:36,1343,78.09,0.06,99.95,14.09,True,True,20.0,NORMAL
2026-08-21 16:34:37,1344,78.18,0.06,100.0,15.72,True,False,20.0,NORMAL
2026-08-21 16:34:39,1345,78.29,0.08,99.93,14.73,True,True,20.0,NORMAL
2026-08-21 16:34:40,1346,78.16,0.09,100.0,16.14,True,False,20.0,NORMAL
2026-08-21 16:34:41,1347,78.09,0.1,99.95,15.33,True,False,20.0,NORMAL
2026-08-21 16:34:42,1348,77.95,0.12,99.85,14.09,True,True,20.0,NORMAL
2026-08-21 16:34:43,1349,78.08,0.13,100.0,15.38,True,False,20.0,NORMAL
2026-08-21 16:34:44,1350,78.05,0.14,99.89,14.17,True,True,20.0,NORMAL
2026-08-21 16:34:45,1351,78.01,0.15,100.0,15.52,True,False,20.0,NORMAL
2026-08-21 16:34:46,1352,78.16,0.14,99.87,14.66,True,True,20.0,NORMAL
2026-08-21 16:34:47,1353,78.08,0.13,100.0,16.25,True,False,20.0,NORMAL
2026-08-21 16:34:48,1354,78.13,0.16,99.92,15.36,True,False,20.0,NORMAL
2026-08-21 16:34:49,1355,78.0,0.16,99.83,14.42,True,True,20.0,NORMAL
2026-08-21 16:34:51,1356,78.09,0.12,100.0,15.61,True,False,20.0,NORMAL
2026-08-21 16:34:52,1357,78.13,0.13,99.93,14.67,True,True,20.0,NORMAL
2026-08-21 16:34:53,1358,78.02,0.13,100.0,15.83,True,False,20.0,NORMAL
2026-08-21 16:34:54,1359,78.07,0.11,99.92,14.71,True,True,20.0,NORMAL
2026-08-21 16:34:55,1360,77.95,0.09,100.0,16.13,True,False,20.0,NORMAL
2026-08-21 16:34:56,1361,78.06,0.07,99.91,14.98,True,True,20.0,NORMAL
2026-08-21 16:34:57,1362,78.18,0.05,100.0,16.37,True,False,20.0,NORMAL
2026-08-21 16:34:58,1363,78.23,0.04,99.89,15.34,True,False,20.0,NORMAL
2026-08-21 16:34:59,1364,78.09,0.07,99.79,14.15,True,True,20.0,NORMAL
2026-08-21 16:35:00,1365,77.95,0.08,100.0,15.46,True,False,20.0,NORMAL
2026-08-21 16:35:01,1366,78.08,0.08,99.89,14.3,True,True,20.0,NORMAL
2026-08-21 16:35:03,1367,77.95,0.07,100.0,15.76,True,False,20.0,NORMAL
2026-08-21 16:35:04,1368,78.03,0.06,99.95,14.84,True,True,20.0,NORMAL
2026-08-21 16:35:05,1369,77.98,0.07,100.0,16.36,True,False,20.0,NORMAL
2026-08-21 16:35:06,1370,77.91,0.05,99.85,15.3,True,False,20.0,NORMAL
2026-08-21 16:35:07,1371,77.89,0.04,99.77,14.48,True,True,20.0,NORMAL
2026-08-21 16:35:08,1372,77.9,0.02,100.0,16.02,True,False,20.0,NORMAL
2026-08-21 16:35:09,1373,78.05,0.04,99.89,15.22,True,False,20.0,NORMAL
2026-08-21 16:35:10,1374,78.08,0.05,99.81,14.0,True,True,20.0,NORMAL
2026-08-21 16:35:11,1375,78.04,0.03,100.0,15.3,True,False,20.0,NORMAL
2026-08-21 16:35:12,1376,78.09,0.02,99.91,14.05,True,True,20.0,NORMAL
2026-08-21 16:35:13,1377,78.13,0.03,100.0,15.58,True,False,20.0,NORMAL
2026-08-21 16:35:15,1378,78.03,0.05,99.91,14.86,True,True,20.0,NORMAL
2026-08-21 16:35:16,1379,78.04,0.07,100.0,16.49,True,False,20.0,NORMAL
2026-08-21 16:35:17,1380,78.06,0.05,99.91,15.41,True,False,20.0,NORMAL
2026-08-21 16:35:18,1381,78.04,0.04,99.85,14.52,True,True,20.0,NORMAL
2026-08-21 16:35:19,1382,78.01,0.05,100.0,16.14,True,False,20.0,NORMAL
2026-08-21 16:35:20,1383,78.13,0.07,99.94,15.29,True,False,20.0,NORMAL
2026-08-21 16:35:21,1384,78.15,0.08,99.87,14.61,True,True,20.0,NORMAL
2026-08-21 16:35:22,1385,78.02,0.06,100.0,15.99,True,False,20.0,NORMAL
2026-08-21 16:35:23,1386,78.0,0.06,99.86,14.97,True,True,20.0,NORMAL
2026-08-21 16:35:24,1387,78.14,0.09,100.0,16.51,True,False,20.0,NORMAL
2026-08-21 16:35:25,1388,78.25,0.11,99.86,15.18,True,False,20.0,NORMAL
2026-08-21 16:35:27,1389,78.16,0.11,99.77,13.99,True,True,20.0,NORMAL
2026-08-21 16:35:28,1390,78.16,0.13,100.0,15.51,True,False,20.0,NORMAL
2026-08-21 16:35:29,1391,78.21,0.15,99.86,14.8,True,True,20.0,NORMAL
2026-08-21 16:35:30,1392,78.29,0.17,100.0,16.32,True,False,20.0,NORMAL
2026-08-21 16:35:31,1393,78.33,0.15,99.94,15.43,True,False,20.0,NORMAL
2026-08-21 16:35:32,1394,78.34,0.15,99.81,14.31,True,True,20.0,NORMAL
2026-08-21 16:35:33,1395,78.27,0.14,100.0,15.74,True,False,20.0,NORMAL
2026-08-21 16:35:34,1396,78.31,0.12,99.87,14.67,True,True,20.0,NORMAL
2026-08-21 16:35:35,1397,78.38,0.15,100.0,16.02,True,False,20.0,NORMAL
2026-08-21 16:35:36,1398,78.42,0.12,99.85,14.79,True,True,20.0,NORMAL
2026-08-21 16:35:37,1399,78.39,0.13,100.0,16.29,True,False,20.0,NORMAL
2026-08-21 16:35:39,1400,78.44,0.13,99.89,15.05,True,False,20.0,NORMAL
2026-08-21 16:35:40,1401,78.32,0.1,99.76,13.91,True,True,20.0,NORMAL
2026-08-21 16:35:41,1402,78.32,0.07,100.0,15.42,True,False,20.0,NORMAL
2026-08-21 16:35:42,1403,78.22,0.08,99.91,14.31,True,True,20.0,NORMAL
2026-08-21 16:35:43,1404,78.17,0.1,100.0,15.86,True,False,20.0,NORMAL
2026-08-21 16:35:44,1405,78.09,0.09,99.89,15.06,True,False,20.0,NORMAL
2026-08-21 16:35:45,1406,78.17,0.12,99.8,13.82,True,True,20.0,NORMAL
2026-08-21 16:35:46,1407,78.05,0.13,100.0,14.98,True,True,20.0,NORMAL
2026-08-21 16:35:47,1408,77.9,0.12,100.0,16.34,True,False,20.0,NORMAL
2026-08-21 16:35:48,1409,77.86,0.11,99.92,15.57,True,False,20.0,NORMAL
2026-08-21 16:35:49,1410,77.84,0.11,99.81,14.86,True,True,20.0,NORMAL
2026-08-21 16:35:50,1411,77.71,0.12,100.0,16.15,True,False,20.0,NORMAL
2026-08-21 16:35:52,1412,77.71,0.13,99.9,14.94,True,True,20.0,NORMAL
2026-08-21 16:35:53,1413,77.87,0.14,100.0,16.47,True,False,20.0,NORMAL
2026-08-21 16:35:54,1414,77.93,0.16,99.89,15.63,True,False,20.0,NORMAL
2026-08-21 16:35:55,1415,78.08,0.15,99.83,14.77,True,True,20.0,NORMAL
2026-08-21 16:35:56,1416,77.94,0.16,100.0,16.21,True,False,20.0,NORMAL
2026-08-21 16:35:57,1417,78.06,0.16,99.93,14.93,True,True,20.0,NORMAL
2026-08-21 16:35:58,1418,77.92,0.13,100.0,16.14,True,False,20.0,NORMAL
2026-08-21 16:35:59,1419,77.87,0.13,99.86,15.11,True,False,20.0,NORMAL
2026-08-21 16:36:00,1420,77.93,0.1,99.78,14.09,True,True,20.0,NORMAL
2026-08-21 16:36:01,1421,77.79,0.11,100.0,15.41,True,False,20.0,NORMAL
2026-08-21 16:36:02,1422,77.78,0.13,99.91,14.61,True,True,20.0,NORMAL
2026-08-21 16:36:03,1423,77.81,0.12,100.0,16.16,True,False,20.0,NORMAL
2026-08-21 16:36:05,1424,77.8,0.09,99.93,14.86,True,True,20.0,NORMAL
2026-08-21 16:36:06,1425,77.73,0.11,100.0,16.4,True,False,20.0,NORMAL
2026-08-21 16:36:07,1426,77.59,0.08,99.88,15.15,True,False,20.0,NORMAL
2026-08-21 16:36:08,1427,77.58,0.06,99.8,14.44,True,True,20.0,NORMAL
2026-08-21 16:36:09,1428,77.52,0.06,100.0,15.84,True,False,20.0,NORMAL
2026-08-21 16:36:10,1429,77.46,0.08,99.92,14.54,True,True,20.0,NORMAL
2026-08-21 16:36:11,1430,77.6,0.07,100.0,16.11,True,False,20.0,NORMAL
2026-08-21 16:36:12,1431,77.69,0.1,99.87,15.21,True,False,20.0,NORMAL
2026-08-21 16:36:13,1432,77.65,0.07,99.77,13.95,True,True,20.0,NORMAL
2026-08-21 16:36:14,1433,77.77,0.09,100.0,15.69,True,False,20.0,NORMAL
2026-08-21 16:36:15,1434,77.73,0.11,99.91,14.52,True,True,20.0,NORMAL
2026-08-21 16:36:17,1435,77.82,0.12,100.0,16.1,True,False,20.0,NORMAL
2026-08-21 16:36:18,1436,77.69,0.1,99.95,14.94,True,True,20.0,NORMAL
2026-08-21 16:36:19,1437,77.78,0.08,100.0,16.43,True,False,20.0,NORMAL
2026-08-21 16:36:20,1438,77.86,0.09,99.93,15.57,True,False,20.0,NORMAL
2026-08-21 16:36:21,1439,77.95,0.1,99.82,14.39,True,True,20.0,NORMAL
2026-08-21 16:36:22,1440,77.84,0.1,100.0,15.52,True,False,20.0,NORMAL
2026-08-21 16:36:23,1441,77.93,0.08,99.89,14.78,True,True,20.0,NORMAL
2026-08-21 16:36:24,1442,77.87,0.11,100.0,15.86,True,False,20.0,NORMAL
2026-08-21 16:36:25,1443,77.78,0.12,99.92,14.97,True,True,20.0,NORMAL
2026-08-21 16:36:26,1444,77.67,0.09,100.0,16.21,True,False,20.0,NORMAL
2026-08-21 16:36:27,1445,77.58,0.09,99.94,15.26,True,False,20.0,NORMAL
2026-08-21 16:36:29,1446,77.7,0.08,99.79,14.18,True,True,20.0,NORMAL
2026-08-21 16:36:30,1447,77.76,0.09,100.0,15.34,True,False,20.0,NORMAL
2026-08-21 16:36:31,1448,77.72,0.08,99.92,14.58,True,True,20.0,NORMAL
2026-08-21 16:36:32,1449,77.79,0.07,100.0,16.22,True,False,20.0,NORMAL
2026-08-21 16:36:33,1450,77.75,0.05,99.85,15.31,True,False,20.0,NORMAL
2026-08-21 16:36:34,1451,77.71,0.05,99.71,14.36,True,True,20.0,NORMAL
2026-08-21 16:36:35,1452,77.75,0.06,99.98,15.54,True,False,20.0,NORMAL
2026-08-21 16:36:36,1453,77.75,0.07,99.92,14.61,True,True,20.0,NORMAL
2026-08-21 16:36:37,1454,77.87,0.07,100.0,16.22,True,False,20.0,NORMAL
2026-08-21 16:36:38,1455,77.87,0.08,99.89,14.91,True,True,20.0,NORMAL
2026-08-21 16:36:39,1456,78.02,0.06,100.0,16.45,True,False,20.0,NORMAL
2026-08-21 16:36:41,1457,78.08,0.06,99.94,15.54,True,False,20.0,NORMAL
2026-08-21 16:36:42,1458,78.17,0.03,99.86,14.49,True,True,20.0,NORMAL
2026-08-21 16:36:43,1459,78.21,0.05,100.0,16.01,True,False,20.0,NORMAL
2026-08-21 16:36:44,1460,78.3,0.05,99.94,15.01,True,False,20.0,NORMAL
2026-08-21 16:36:45,1461,78.35,0.05,99.85,14.08,True,True,20.0,NORMAL
2026-08-21 16:36:46,1462,78.4,0.03,100.0,15.48,True,False,20.0,NORMAL
2026-08-21 16:36:47,1463,78.28,0.01,99.93,14.75,True,True,20.0,NORMAL
2026-08-21 16:36:48,1464,78.29,0.0,100.0,16.15,True,False,20.0,NORMAL
2026-08-21 16:36:49,1465,78.34,0.0,99.92,14.86,True,True,20.0,NORMAL
2026-08-21 16:36:50,1466,78.2,0.01,100.0,16.12,True,False,20.0,NORMAL
2026-08-21 16:36:51,1467,78.31,0.05,99.95,15.17,True,False,20.0,NORMAL
2026-08-21 16:36:52,1468,78.45,0.02,99.88,14.48,True,True,20.0,NORMAL
2026-08-21 16:36:54,1469,78.33,0.05,100.0,15.98,True,False,20.0,NORMAL
2026-08-21 16:36:55,1470,78.38,0.08,99.93,14.77,True,True,20.0,NORMAL
2026-08-21 16:36:56,1471,78.36,0.1,100.0,16.01,True,False,20.0,NORMAL
2026-08-21 16:36:57,1472,78.34,0.09,99.87,15.04,True,False,20.0,NORMAL
2026-08-21 16:36:58,1473,78.43,0.12,99.79,14.15,True,True,20.0,NORMAL
2026-08-21 16:36:59,1474,78.47,0.14,100.0,15.48,True,False,20.0,NORMAL
2026-08-21 16:37:00,1475,78.36,0.16,99.92,14.71,True,True,20.0,NORMAL
2026-08-21 16:37:01,1476,78.24,0.14,100.0,15.83,True,False,20.0,NORMAL
2026-08-21 16:37:02,1477,78.32,0.14,99.88,14.76,True,True,20.0,NORMAL
2026-08-21 16:37:03,1478,78.24,0.15,100.0,16.41,True,False,20.0,NORMAL
2026-08-21 16:37:04,1479,78.32,0.17,99.94,15.08,True,False,20.0,NORMAL
2026-08-21 16:37:05,1480,78.38,0.2,99.87,13.99,True,True,20.0,NORMAL
2026-08-21 16:37:07,1481,78.38,0.17,100.0,15.22,True,False,20.0,NORMAL
2026-08-21 16:37:08,1482,78.28,0.16,99.85,14.5,True,True,20.0,NORMAL
2026-08-21 16:37:09,1483,78.15,0.13,100.0,15.81,True,False,20.0,NORMAL
2026-08-21 16:37:10,1484,78.15,0.15,99.9,14.65,True,True,20.0,NORMAL
2026-08-21 16:37:11,1485,78.23,0.18,100.0,15.99,True,False,20.0,NORMAL
2026-08-21 16:37:12,1486,78.15,0.2,99.88,14.78,True,True,20.0,NORMAL
2026-08-21 16:37:13,1487,78.19,0.19,100.0,16.16,True,False,20.0,NORMAL
2026-08-21 16:37:14,1488,78.1,0.17,99.9,15.22,True,False,20.0,NORMAL
2026-08-21 16:37:15,1489,77.98,0.14,99.77,14.22,True,True,20.0,NORMAL
2026-08-21 16:37:16,1490,77.91,0.12,100.0,15.37,True,False,20.0,NORMAL
2026-08-21 16:37:17,1491,77.79,0.11,99.89,14.49,True,True,20.0,NORMAL
2026-08-21 16:37:19,1492,77.85,0.08,100.0,15.92,True,False,20.0,NORMAL
2026-08-21 16:37:20,1493,77.71,0.05,99.94,14.77,True,True,20.0,NORMAL
2026-08-21 16:37:21,1494,77.85,0.04,100.0,15.91,True,False,20.0,NORMAL
2026-08-21 16:37:22,1495,77.82,0.04,99.92,14.79,True,True,20.0,NORMAL
2026-08-21 16:37:23,1496,77.94,0.04,100.0,15.93,True,False,20.0,NORMAL
2026-08-21 16:37:24,1497,78.05,0.06,99.93,15.06,True,False,20.0,NORMAL
2026-08-21 16:37:25,1498,78.2,0.06,99.82,14.05,True,True,20.0,NORMAL
2026-08-21 16:37:26,1499,78.28,0.08,100.0,15.38,True,False,20.0,NORMAL
2026-08-21 16:37:27,1500,78.29,0.07,99.93,14.67,True,True,20.0,NORMAL
2026-08-21 16:37:28,1501,78.33,0.1,100.0,16.06,True,False,20.0,NORMAL
2026-08-21 16:37:29,1502,78.2,0.13,99.86,14.75,True,True,20.0,NORMAL
2026-08-21 16:37:31,1503,78.11,0.12,100.0,16.2,True,False,20.0,NORMAL
2026-08-21 16:37:32,1504,78.23,0.1,99.88,15.24,True,False,20.0,NORMAL
2026-08-21 16:37:33,1505,78.37,0.1,99.81,14.14,True,True,20.0,NORMAL
2026-08-21 16:37:34,1506,78.35,0.08,100.0,15.39,True,False,20.0,NORMAL
2026-08-21 16:37:35,1507,78.48,0.09,99.93,14.41,True,True,20.0,NORMAL
2026-08-21 16:37:36,1508,78.34,0.12,100.0,15.97,True,False,20.0,NORMAL
2026-08-21 16:37:37,1509,78.21,0.12,99.88,15.11,True,False,20.0,NORMAL
2026-08-21 16:37:38,1510,78.14,0.14,99.77,14.19,True,True,20.0,NORMAL
2026-08-21 16:37:39,1511,78.28,0.11,99.98,15.68,True,False,20.0,NORMAL
2026-08-21 16:37:40,1512,78.4,0.09,99.89,14.9,True,True,20.0,NORMAL
2026-08-21 16:37:42,1513,78.49,0.11,100.0,16.35,True,False,20.0,NORMAL
2026-08-21 16:37:43,1514,78.41,0.1,99.86,15.23,True,False,20.0,NORMAL
2026-08-21 16:37:44,1515,78.28,0.12,99.76,14.26,True,True,20.0,NORMAL
2026-08-21 16:37:45,1516,78.23,0.12,99.98,15.73,True,False,20.0,NORMAL
2026-08-21 16:37:46,1517,78.11,0.11,99.86,14.43,True,True,20.0,NORMAL
2026-08-21 16:37:47,1518,78.06,0.12,100.0,15.86,True,False,20.0,NORMAL
2026-08-21 16:37:48,1519,77.93,0.12,99.89,15.07,True,False,20.0,NORMAL
2026-08-21 16:37:49,1520,77.87,0.1,99.75,14.29,True,True,20.0,NORMAL
2026-08-21 16:37:50,1521,77.8,0.12,100.0,15.9,True,False,20.0,NORMAL
2026-08-21 16:37:51,1522,77.93,0.09,99.85,14.85,True,True,20.0,NORMAL
2026-08-21 16:37:52,1523,77.91,0.07,100.0,16.45,True,False,20.0,NORMAL
2026-08-21 16:37:53,1524,78.05,0.06,99.87,15.65,True,False,20.0,NORMAL
2026-08-21 16:37:55,1525,77.93,0.08,99.8,14.95,True,True,20.0,NORMAL
2026-08-21 16:37:56,1526,77.87,0.1,100.0,16.17,True,False,20.0,NORMAL
2026-08-21 16:37:57,1527,77.84,0.09,99.92,15.01,True,False,20.0,NORMAL
2026-08-21 16:37:58,1528,77.87,0.12,99.86,14.0,True,True,20.0,NORMAL
2026-08-21 16:37:59,1529,77.82,0.1,100.0,15.24,True,False,20.0,NORMAL
2026-08-21 16:38:00,1530,77.73,0.09,99.86,14.44,True,True,20.0,NORMAL
2026-08-21 16:38:01,1531,77.72,0.08,100.0,15.57,True,False,20.0,NORMAL
2026-08-21 16:38:02,1532,77.64,0.08,99.92,14.48,True,True,20.0,NORMAL
2026-08-21 16:38:03,1533,77.56,0.1,100.0,15.91,True,False,20.0,NORMAL
2026-08-21 16:38:04,1534,77.57,0.1,99.86,14.61,True,True,20.0,NORMAL
2026-08-21 16:38:05,1535,77.47,0.12,100.0,15.99,True,False,20.0,NORMAL
2026-08-21 16:38:06,1536,77.36,0.13,99.95,14.72,True,True,20.0,NORMAL
2026-08-21 16:38:08,1537,77.23,0.15,100.0,16.13,True,False,20.0,NORMAL
2026-08-21 16:38:09,1538,77.36,0.12,99.9,15.01,True,False,20.0,NORMAL
2026-08-21 16:38:10,1539,77.38,0.12,99.77,14.28,True,True,20.0,NORMAL
2026-08-21 16:38:11,1540,77.49,0.13,100.0,15.93,True,False,20.0,NORMAL
2026-08-21 16:38:12,1541,77.4,0.11,99.86,14.66,True,True,20.0,NORMAL
2026-08-21 16:38:13,1542,77.44,0.13,100.0,15.8,True,False,20.0,NORMAL
2026-08-21 16:38:14,1543,77.41,0.11,99.89,14.97,True,True,20.0,NORMAL
2026-08-21 16:38:15,1544,77.32,0.1,100.0,16.31,True,False,20.0,NORMAL
2026-08-21 16:38:16,1545,77.47,0.1,99.94,15.47,True,False,20.0,NORMAL
2026-08-21 16:38:17,1546,77.44,0.12,99.85,14.45,True,True,20.0,NORMAL
2026-08-21 16:38:18,1547,77.55,0.12,100.0,15.94,True,False,20.0,NORMAL
2026-08-21 16:38:19,1548,77.44,0.11,99.93,15.09,True,False,20.0,NORMAL
2026-08-21 16:38:21,1549,77.48,0.09,99.8,14.0,True,True,20.0,NORMAL
2026-08-21 16:38:22,1550,77.45,0.06,100.0,15.67,True,False,20.0,NORMAL
2026-08-21 16:38:23,1551,77.53,0.07,99.86,14.48,True,True,20.0,NORMAL
2026-08-21 16:38:24,1552,77.59,0.05,100.0,16.11,True,False,20.0,NORMAL
2026-08-21 16:38:25,1553,77.58,0.03,99.93,15.2,True,False,20.0,NORMAL
2026-08-21 16:38:26,1554,77.68,0.06,99.79,13.99,True,True,20.0,NORMAL
2026-08-21 16:38:27,1555,77.74,0.05,100.0,15.14,True,False,20.0,NORMAL
2026-08-21 16:38:28,1556,77.66,0.04,99.92,14.04,True,True,20.0,NORMAL
2026-08-21 16:38:29,1557,77.76,0.06,100.0,15.19,True,False,20.0,NORMAL
2026-08-21 16:38:30,1558,77.76,0.06,99.86,14.07,True,True,20.0,NORMAL
2026-08-21 16:38:31,1559,77.65,0.06,100.0,15.68,True,False,20.0,NORMAL
2026-08-21 16:38:32,1560,77.78,0.08,99.87,14.71,True,True,20.0,NORMAL
2026-08-21 16:38:34,1561,77.93,0.1,100.0,16.2,True,False,20.0,NORMAL
2026-08-21 16:38:35,1562,77.98,0.12,99.91,14.89,True,True,20.0,NORMAL
2026-08-21 16:38:36,1563,77.98,0.11,100.0,16.42,True,False,20.0,NORMAL
2026-08-21 16:38:37,1564,77.88,0.14,99.91,15.3,True,False,20.0,NORMAL
2026-08-21 16:38:38,1565,77.83,0.12,99.84,14.11,True,True,20.0,NORMAL
2026-08-21 16:38:39,1566,77.75,0.14,100.0,15.48,True,False,20.0,NORMAL
2026-08-21 16:38:40,1567,77.8,0.14,99.94,14.73,True,True,20.0,NORMAL
2026-08-21 16:38:41,1568,77.88,0.12,100.0,16.14,True,False,20.0,NORMAL
2026-08-21 16:38:42,1569,77.82,0.14,99.94,14.84,True,True,20.0,NORMAL
2026-08-21 16:38:43,1570,77.9,0.16,100.0,16.25,True,False,20.0,NORMAL
2026-08-21 16:38:44,1571,77.98,0.14,99.9,15.49,True,False,20.0,NORMAL
2026-08-21 16:38:45,1572,77.89,0.13,99.75,14.69,True,True,20.0,NORMAL
2026-08-21 16:38:47,1573,77.86,0.11,100.0,16.2,True,False,20.0,NORMAL
2026-08-21 16:38:48,1574,77.95,0.09,99.89,15.15,True,False,20.0,NORMAL
2026-08-21 16:38:49,1575,77.86,0.09,99.74,14.4,True,True,20.0,NORMAL
2026-08-21 16:38:50,1576,78.0,0.11,100.0,15.67,True,False,20.0,NORMAL
2026-08-21 16:38:51,1577,78.14,0.1,99.89,14.42,True,True,20.0,NORMAL
2026-08-21 16:38:52,1578,78.0,0.09,100.0,15.93,True,False,20.0,NORMAL
2026-08-21 16:38:53,1579,77.91,0.09,99.93,14.65,True,True,20.0,NORMAL
2026-08-21 16:38:54,1580,77.85,0.1,100.0,16.16,True,False,20.0,NORMAL
2026-08-21 16:38:55,1581,77.93,0.07,99.94,15.04,True,False,20.0,NORMAL
2026-08-21 16:38:56,1582,78.0,0.08,99.81,13.91,True,True,20.0,NORMAL
2026-08-21 16:38:57,1583,77.89,0.07,100.0,15.17,True,False,20.0,NORMAL
2026-08-21 16:38:59,1584,77.82,0.07,99.93,13.94,True,True,20.0,NORMAL
2026-08-21 16:39:00,1585,77.96,0.09,100.0,15.63,True,False,20.0,NORMAL
2026-08-21 16:39:01,1586,77.96,0.07,99.88,14.38,True,True,20.0,NORMAL
2026-08-21 16:39:02,1587,77.84,0.07,100.0,15.74,True,False,20.0,NORMAL
2026-08-21 16:39:03,1588,77.81,0.05,99.87,14.72,True,True,20.0,NORMAL
2026-08-21 16:39:04,1589,77.74,0.05,100.0,16.34,True,False,20.0,NORMAL
2026-08-21 16:39:05,1590,77.66,0.07,99.9,15.26,True,False,20.0,NORMAL
2026-08-21 16:39:06,1591,77.72,0.09,99.85,14.54,True,True,20.0,NORMAL
2026-08-21 16:39:07,1592,77.72,0.08,100.0,15.74,True,False,20.0,NORMAL
2026-08-21 16:39:08,1593,77.77,0.07,99.88,14.57,True,True,20.0,NORMAL
2026-08-21 16:39:09,1594,77.72,0.09,100.0,15.99,True,False,20.0,NORMAL
2026-08-21 16:39:11,1595,77.84,0.08,99.92,15.24,True,False,20.0,NORMAL
2026-08-21 16:39:12,1596,77.82,0.1,99.8,14.22,True,True,20.0,NORMAL
2026-08-21 16:39:13,1597,77.77,0.12,100.0,15.63,True,False,20.0,NORMAL
2026-08-21 16:39:14,1598,77.63,0.14,99.87,14.51,True,True,20.0,NORMAL
2026-08-21 16:39:15,1599,77.63,0.13,100.0,15.68,True,False,20.0,NORMAL
2026-08-21 16:39:16,1600,77.7,0.14,99.87,14.8,True,True,20.0,NORMAL
2026-08-21 16:39:17,1601,77.84,0.15,100.0,16.13,True,False,20.0,NORMAL
2026-08-21 16:39:18,1602,77.97,0.15,99.88,15.34,True,False,20.0,NORMAL
2026-08-21 16:39:19,1603,77.89,0.12,99.75,14.42,True,True,20.0,NORMAL
2026-08-21 16:39:20,1604,77.96,0.12,100.0,16.1,True,False,20.0,NORMAL
2026-08-21 16:39:21,1605,77.96,0.14,99.86,14.78,True,True,20.0,NORMAL
2026-08-21 16:39:22,1606,78.05,0.12,100.0,16.0,True,False,20.0,NORMAL
2026-08-21 16:39:24,1607,77.98,0.12,99.91,14.94,True,True,20.0,NORMAL
2026-08-21 16:39:25,1608,77.9,0.15,100.0,16.5,True,False,20.0,NORMAL
2026-08-21 16:39:26,1609,78.06,0.12,99.87,15.59,True,False,20.0,NORMAL
2026-08-21 16:39:27,1610,78.12,0.14,99.74,14.54,True,True,20.0,NORMAL
2026-08-21 16:39:28,1611,78.02,0.17,99.98,15.66,True,False,20.0,NORMAL
2026-08-21 16:39:29,1612,77.97,0.19,99.86,14.37,True,True,20.0,NORMAL
2026-08-21 16:39:30,1613,78.06,0.17,100.0,15.93,True,False,20.0,NORMAL
2026-08-21 16:39:31,1614,78.18,0.13,99.94,14.77,True,True,20.0,NORMAL
2026-08-21 16:39:32,1615,78.11,0.15,100.0,16.0,True,False,20.0,NORMAL
2026-08-21 16:39:33,1616,78.08,0.12,99.93,14.74,True,True,20.0,NORMAL
2026-08-21 16:39:34,1617,78.17,0.09,100.0,16.02,True,False,20.0,NORMAL
2026-08-21 16:39:35,1618,78.16,0.08,99.91,14.7,True,True,20.0,NORMAL
2026-08-21 16:39:37,1619,78.15,0.08,100.0,16.07,True,False,20.0,NORMAL
2026-08-21 16:39:38,1620,78.1,0.06,99.95,15.31,True,False,20.0,NORMAL
2026-08-21 16:39:39,1621,78.06,0.08,99.83,14.54,True,True,20.0,NORMAL
2026-08-21 16:39:40,1622,77.99,0.06,100.0,15.78,True,False,20.0,NORMAL
2026-08-21 16:39:41,1623,78.1,0.08,99.92,14.98,True,True,20.0,NORMAL
2026-08-21 16:39:42,1624,78.17,0.08,100.0,16.41,True,False,20.0,NORMAL
2026-08-21 16:39:43,1625,78.16,0.08,99.94,15.46,True,False,20.0,NORMAL
2026-08-21 16:39:44,1626,78.26,0.1,99.88,14.18,True,True,20.0,NORMAL
2026-08-21 16:39:45,1627,78.4,0.1,100.0,15.36,True,False,20.0,NORMAL
2026-08-21 16:39:46,1628,78.26,0.08,99.86,14.43,True,True,20.0,NORMAL
2026-08-21 16:39:47,1629,78.36,0.1,100.0,15.57,True,False,20.0,NORMAL
2026-08-21 16:39:49,1630,78.29,0.11,99.86,14.32,True,True,20.0,NORMAL
2026-08-21 16:39:50,1631,78.34,0.13,100.0,15.97,True,False,20.0,NORMAL
2026-08-21 16:39:51,1632,78.29,0.15,99.9,15.03,True,False,20.0,NORMAL
2026-08-21 16:39:52,1633,78.27,0.11,99.8,13.99,True,True,20.0,NORMAL
2026-08-21 16:39:53,1634,78.37,0.13,100.0,15.41,True,False,20.0,NORMAL
2026-08-21 16:39:54,1635,78.33,0.11,99.91,14.32,True,True,20.0,NORMAL
2026-08-21 16:39:55,1636,78.22,0.09,100.0,15.67,True,False,20.0,NORMAL
2026-08-21 16:39:56,1637,78.1,0.07,99.9,14.94,True,True,20.0,NORMAL
2026-08-21 16:39:57,1638,78.06,0.05,100.0,16.44,True,False,20.0,NORMAL
2026-08-21 16:39:58,1639,77.99,0.08,99.85,15.6,True,False,20.0,NORMAL
2026-08-21 16:39:59,1640,77.89,0.08,99.71,14.31,True,True,20.0,NORMAL
2026-08-21 16:40:00,1641,77.78,0.07,99.97,15.72,True,False,20.0,NORMAL
2026-08-21 16:40:02,1642,77.74,0.05,99.88,14.48,True,True,20.0,NORMAL
2026-08-21 16:40:03,1643,77.89,0.03,100.0,15.78,True,False,20.0,NORMAL
2026-08-21 16:40:04,1644,77.91,0.04,99.87,14.74,True,True,20.0,NORMAL
2026-08-21 16:40:05,1645,77.96,0.06,100.0,15.88,True,False,20.0,NORMAL
2026-08-21 16:40:06,1646,78.03,0.03,99.86,14.6,True,True,20.0,NORMAL
2026-08-21 16:40:07,1647,77.97,0.03,100.0,16.05,True,False,20.0,NORMAL
2026-08-21 16:40:08,1648,77.92,0.02,99.89,15.11,True,False,20.0,NORMAL
2026-08-21 16:40:09,1649,77.95,0.01,99.77,14.21,True,True,20.0,NORMAL
2026-08-21 16:40:10,1650,78.09,0.04,100.0,15.55,True,False,20.0,NORMAL
2026-08-21 16:40:11,1651,78.09,0.04,99.88,14.78,True,True,20.0,NORMAL
2026-08-21 16:40:12,1652,78.0,0.01,100.0,16.4,True,False,20.0,NORMAL
2026-08-21 16:40:14,1653,77.91,0.04,99.87,15.25,True,False,20.0,NORMAL
2026-08-21 16:40:15,1654,77.94,0.06,99.74,14.31,True,True,20.0,NORMAL
2026-08-21 16:40:16,1655,77.97,0.05,100.0,15.48,True,False,20.0,NORMAL
2026-08-21 16:40:17,1656,78.04,0.03,99.87,14.25,True,True,20.0,NORMAL
2026-08-21 16:40:18,1657,77.95,0.05,100.0,15.82,True,False,20.0,NORMAL
2026-08-21 16:40:19,1658,78.01,0.06,99.91,14.58,True,True,20.0,NORMAL
2026-08-21 16:40:20,1659,78.07,0.07,100.0,15.81,True,False,20.0,NORMAL
2026-08-21 16:40:21,1660,78.16,0.05,99.92,14.51,True,True,20.0,NORMAL
2026-08-21 16:40:22,1661,78.2,0.03,100.0,15.82,True,False,20.0,NORMAL
2026-08-21 16:40:23,1662,78.32,0.06,99.94,14.54,True,True,20.0,NORMAL
2026-08-21 16:40:24,1663,78.36,0.04,100.0,15.76,True,False,20.0,NORMAL
2026-08-21 16:40:25,1664,78.44,0.05,99.94,14.7,True,True,20.0,NORMAL
2026-08-21 16:40:27,1665,78.3,0.06,100.0,15.93,True,False,20.0,NORMAL
2026-08-21 16:40:28,1666,78.35,0.04,99.9,15.13,True,False,20.0,NORMAL
2026-08-21 16:40:29,1667,78.4,0.06,99.82,14.3,True,True,20.0,NORMAL
2026-08-21 16:40:30,1668,78.44,0.04,100.0,15.55,True,False,20.0,NORMAL
2026-08-21 16:40:31,1669,78.55,0.05,99.92,14.32,True,True,20.0,NORMAL
2026-08-21 16:40:32,1670,78.4,0.08,100.0,15.59,True,False,20.0,NORMAL
2026-08-21 16:40:33,1671,78.42,0.08,99.94,14.82,True,True,20.0,NORMAL
2026-08-21 16:40:34,1672,78.3,0.06,100.0,16.25,True,False,20.0,NORMAL
2026-08-21 16:40:35,1673,78.43,0.05,99.94,15.33,True,False,20.0,NORMAL
2026-08-21 16:40:36,1674,78.3,0.03,99.84,14.43,True,True,20.0,NORMAL
2026-08-21 16:40:37,1675,78.26,0.06,100.0,15.72,True,False,20.0,NORMAL
2026-08-21 16:40:38,1676,78.21,0.08,99.92,14.91,True,True,20.0,NORMAL
2026-08-21 16:40:40,1677,78.16,0.09,100.0,16.44,True,False,20.0,NORMAL
2026-08-21 16:40:41,1678,78.04,0.1,99.94,15.19,True,False,20.0,NORMAL
2026-08-21 16:40:42,1679,78.14,0.13,99.82,14.29,True,True,20.0,NORMAL
2026-08-21 16:40:43,1680,78.28,0.15,100.0,15.65,True,False,20.0,NORMAL
2026-08-21 16:40:44,1681,78.35,0.17,99.88,14.57,True,True,20.0,NORMAL
2026-08-21 16:40:45,1682,78.21,0.15,100.0,16.05,True,False,20.0,NORMAL
2026-08-21 16:40:46,1683,78.08,0.13,99.95,14.91,True,True,20.0,NORMAL
2026-08-21 16:40:47,1684,78.18,0.13,100.0,16.11,True,False,20.0,NORMAL
2026-08-21 16:40:48,1685,78.33,0.13,99.92,15.21,True,False,20.0,NORMAL
2026-08-21 16:40:49,1686,78.22,0.14,99.84,14.34,True,True,20.0,NORMAL
2026-08-21 16:40:50,1687,78.08,0.14,100.0,15.55,True,False,20.0,NORMAL
2026-08-21 16:40:51,1688,78.11,0.11,99.91,14.3,True,True,20.0,NORMAL
2026-08-21 16:40:53,1689,78.18,0.14,100.0,15.82,True,False,20.0,NORMAL
2026-08-21 16:40:54,1690,78.06,0.14,99.89,14.86,True,True,20.0,NORMAL
2026-08-21 16:40:55,1691,78.14,0.11,100.0,16.33,True,False,20.0,NORMAL
2026-08-21 16:40:56,1692,78.15,0.11,99.88,15.39,True,False,20.0,NORMAL
2026-08-21 16:40:57,1693,78.29,0.11,99.82,14.17,True,True,20.0,NORMAL
2026-08-21 16:40:58,1694,78.23,0.09,100.0,15.69,True,False,20.0,NORMAL
2026-08-21 16:40:59,1695,78.25,0.08,99.89,14.9,True,True,20.0,NORMAL
2026-08-21 16:41:00,1696,78.21,0.06,100.0,16.31,True,False,20.0,NORMAL
2026-08-21 16:41:01,1697,78.1,0.08,99.85,15.45,True,False,20.0,NORMAL
2026-08-21 16:41:02,1698,78.13,0.08,99.71,14.25,True,True,20.0,NORMAL
2026-08-21 16:41:03,1699,78.2,0.08,99.97,15.96,True,False,20.0,NORMAL
2026-08-21 16:41:04,1700,78.13,0.06,99.85,14.92,True,True,20.0,NORMAL
2026-08-21 16:41:06,1701,78.0,0.07,100.0,16.22,True,False,20.0,NORMAL
2026-08-21 16:41:07,1702,77.99,0.07,99.92,14.88,True,True,20.0,NORMAL
2026-08-21 16:41:08,1703,77.95,0.06,100.0,16.53,True,False,20.0,NORMAL
2026-08-21 16:41:09,1704,78.06,0.05,99.92,15.53,True,False,20.0,NORMAL
2026-08-21 16:41:10,1705,78.03,0.06,99.82,14.47,True,True,20.0,NORMAL
2026-08-21 16:41:11,1706,78.13,0.06,100.0,15.7,True,False,20.0,NORMAL
2026-08-21 16:41:12,1707,78.1,0.05,99.85,14.53,True,True,20.0,NORMAL
2026-08-21 16:41:13,1708,78.12,0.05,100.0,16.1,True,False,20.0,NORMAL
2026-08-21 16:41:14,1709,78.22,0.03,99.92,15.25,True,False,20.0,NORMAL
2026-08-21 16:41:15,1710,78.3,0.01,99.79,13.99,True,True,20.0,NORMAL
2026-08-21 16:41:16,1711,78.26,0.01,100.0,15.44,True,False,20.0,NORMAL
2026-08-21 16:41:18,1712,78.18,0.01,99.86,14.36,True,True,20.0,NORMAL
2026-08-21 16:41:19,1713,78.05,0.03,100.0,15.74,True,False,20.0,NORMAL
2026-08-21 16:41:20,1714,78.2,0.06,99.94,14.91,True,True,20.0,NORMAL
2026-08-21 16:41:21,1715,78.21,0.04,100.0,16.31,True,False,20.0,NORMAL
2026-08-21 16:41:22,1716,78.36,0.05,99.9,15.51,True,False,20.0,NORMAL
2026-08-21 16:41:23,1717,78.29,0.06,99.84,14.5,True,True,20.0,NORMAL
2026-08-21 16:41:24,1718,78.22,0.07,100.0,16.08,True,False,20.0,NORMAL
2026-08-21 16:41:25,1719,78.1,0.08,99.87,14.76,True,True,20.0,NORMAL
2026-08-21 16:41:26,1720,78.23,0.06,100.0,16.37,True,False,20.0,NORMAL
2026-08-21 16:41:27,1721,78.37,0.07,99.95,15.55,True,False,20.0,NORMAL
2026-08-21 16:41:28,1722,78.29,0.09,99.82,14.62,True,True,20.0,NORMAL
2026-08-21 16:41:29,1723,78.29,0.12,100.0,16.05,True,False,20.0,NORMAL
2026-08-21 16:41:31,1724,78.25,0.11,99.89,15.01,True,False,20.0,NORMAL
2026-08-21 16:41:32,1725,78.4,0.12,99.79,13.77,True,True,20.0,NORMAL
2026-08-21 16:41:33,1726,78.26,0.1,99.99,15.09,True,False,20.0,NORMAL
2026-08-21 16:41:34,1727,78.32,0.11,99.87,13.94,True,True,20.0,NORMAL
2026-08-21 16:41:35,1728,78.33,0.12,100.0,15.19,True,False,20.0,NORMAL
2026-08-21 16:41:36,1729,78.2,0.1,99.9,14.19,True,True,20.0,NORMAL
2026-08-21 16:41:37,1730,78.16,0.09,100.0,15.7,True,False,20.0,NORMAL
2026-08-21 16:41:38,1731,78.09,0.09,99.88,14.53,True,True,20.0,NORMAL
2026-08-21 16:41:39,1732,78.13,0.07,100.0,16.04,True,False,20.0,NORMAL
2026-08-21 16:41:40,1733,78.07,0.1,99.94,14.78,True,True,20.0,NORMAL
2026-08-21 16:41:41,1734,78.07,0.12,100.0,16.11,True,False,20.0,NORMAL
2026-08-21 16:41:42,1735,77.93,0.12,99.86,15.37,True,False,20.0,NORMAL
2026-08-21 16:41:43,1736,77.85,0.13,99.74,14.68,True,True,20.0,NORMAL
2026-08-21 16:41:45,1737,77.91,0.13,99.99,15.87,True,False,20.0,NORMAL
2026-08-21 16:41:46,1738,77.92,0.12,99.9,14.69,True,True,20.0,NORMAL
2026-08-21 16:41:47,1739,77.8,0.1,100.0,15.99,True,False,20.0,NORMAL
2026-08-21 16:41:48,1740,77.88,0.11,99.9,15.21,True,False,20.0,NORMAL
2026-08-21 16:41:49,1741,77.74,0.11,99.84,14.3,True,True,20.0,NORMAL
2026-08-21 16:41:50,1742,77.87,0.13,100.0,15.93,True,False,20.0,NORMAL
2026-08-21 16:41:51,1743,77.94,0.11,99.86,14.82,True,True,20.0,NORMAL
2026-08-21 16:41:52,1744,78.03,0.13,100.0,16.38,True,False,20.0,NORMAL
2026-08-21 16:41:53,1745,78.06,0.13,99.89,15.25,True,False,20.0,NORMAL
2026-08-21 16:41:54,1746,78.16,0.11,99.83,14.27,True,True,20.0,NORMAL
2026-08-21 16:41:55,1747,78.07,0.1,100.0,15.53,True,False,20.0,NORMAL
2026-08-21 16:41:56,1748,78.09,0.08,99.9,14.67,True,True,20.0,NORMAL
2026-08-21 16:41:58,1749,78.12,0.07,100.0,15.94,True,False,20.0,NORMAL
2026-08-21 16:41:59,1750,78.0,0.09,99.89,15.02,True,False,20.0,NORMAL
2026-08-21 16:42:00,1751,77.98,0.11,99.75,14.22,True,True,20.0,NORMAL
2026-08-21 16:42:01,1752,78.05,0.09,99.97,15.49,True,False,20.0,NORMAL
2026-08-21 16:42:02,1753,78.08,0.1,99.89,14.61,True,True,20.0,NORMAL
2026-08-21 16:42:03,1754,78.14,0.1,100.0,16.12,True,False,20.0,NORMAL
2026-08-21 16:42:04,1755,78.05,0.07,99.9,15.37,True,False,20.0,NORMAL
2026-08-21 16:42:05,1756,78.06,0.08,99.81,14.65,True,True,20.0,NORMAL
2026-08-21 16:42:06,1757,77.97,0.06,100.0,16.01,True,False,20.0,NORMAL
2026-08-21 16:42:07,1758,78.05,0.09,99.86,14.72,True,True,20.0,NORMAL
2026-08-21 16:42:08,1759,78.1,0.08,100.0,15.85,True,False,20.0,NORMAL
2026-08-21 16:42:10,1760,78.21,0.09,99.85,14.76,True,True,20.0,NORMAL
2026-08-21 16:42:11,1761,78.1,0.1,100.0,15.97,True,False,20.0,NORMAL
2026-08-21 16:42:12,1762,78.2,0.09,99.92,15.1,True,False,20.0,NORMAL
2026-08-21 16:42:13,1763,78.33,0.07,99.82,14.45,True,True,20.0,NORMAL
2026-08-21 16:42:14,1764,78.39,0.09,100.0,16.12,True,False,20.0,NORMAL
2026-08-21 16:42:15,1765,78.45,0.08,99.89,15.11,True,False,20.0,NORMAL
2026-08-21 16:42:16,1766,78.46,0.07,99.75,14.2,True,True,20.0,NORMAL
2026-08-21 16:42:17,1767,78.33,0.08,100.0,15.66,True,False,20.0,NORMAL
2026-08-21 16:42:18,1768,78.33,0.08,99.93,14.44,True,True,20.0,NORMAL
2026-08-21 16:42:19,1769,78.48,0.05,100.0,16.01,True,False,20.0,NORMAL
2026-08-21 16:42:20,1770,78.4,0.04,99.88,15.2,True,False,20.0,NORMAL
2026-08-21 16:42:22,1771,78.25,0.05,99.74,14.19,True,True,20.0,NORMAL
2026-08-21 16:42:23,1772,78.34,0.07,99.94,15.57,True,False,20.0,NORMAL
2026-08-21 16:42:24,1773,78.42,0.09,99.81,14.34,True,True,20.0,NORMAL
2026-08-21 16:42:25,1774,78.34,0.07,100.0,15.82,True,False,20.0,NORMAL
2026-08-21 16:42:26,1775,78.23,0.08,99.88,14.82,True,True,20.0,NORMAL
2026-08-21 16:42:27,1776,78.17,0.06,100.0,16.37,True,False,20.0,NORMAL
2026-08-21 16:42:28,1777,78.16,0.08,99.88,15.46,True,False,20.0,NORMAL
2026-08-21 16:42:29,1778,78.18,0.08,99.77,14.64,True,True,20.0,NORMAL
2026-08-21 16:42:30,1779,78.18,0.08,99.99,15.73,True,False,20.0,NORMAL
2026-08-21 16:42:31,1780,78.2,0.11,99.9,14.7,True,True,20.0,NORMAL
2026-08-21 16:42:32,1781,78.31,0.14,100.0,16.0,True,False,20.0,NORMAL
2026-08-21 16:42:33,1782,78.39,0.13,99.94,14.88,True,True,20.0,NORMAL
2026-08-21 16:42:35,1783,78.33,0.12,100.0,16.41,True,False,20.0,NORMAL
2026-08-21 16:42:36,1784,78.3,0.1,99.9,15.23,True,False,20.0,NORMAL
2026-08-21 16:42:37,1785,78.4,0.1,99.76,14.01,True,True,20.0,NORMAL
2026-08-21 16:42:38,1786,78.41,0.11,99.96,15.36,True,False,20.0,NORMAL
2026-08-21 16:42:39,1787,78.36,0.11,99.87,14.34,True,True,20.0,NORMAL
2026-08-21 16:42:40,1788,78.5,0.12,100.0,15.9,True,False,20.0,NORMAL
2026-08-21 16:42:41,1789,78.51,0.11,99.89,14.97,True,True,20.0,NORMAL
2026-08-21 16:42:42,1790,78.51,0.1,100.0,16.12,True,False,20.0,NORMAL
2026-08-21 16:42:43,1791,78.44,0.08,99.9,15.29,True,False,20.0,NORMAL
2026-08-21 16:42:44,1792,78.41,0.08,99.84,14.34,True,True,20.0,NORMAL
2026-08-21 16:42:45,1793,78.53,0.06,100.0,15.73,True,False,20.0,NORMAL
2026-08-21 16:42:46,1794,78.58,0.09,99.87,14.99,True,True,20.0,NORMAL
2026-08-21 16:42:48,1795,78.61,0.11,100.0,16.45,True,False,20.0,NORMAL
2026-08-21 16:42:49,1796,78.55,0.09,99.9,15.23,True,False,20.0,NORMAL
2026-08-21 16:42:50,1797,78.68,0.11,99.85,14.35,True,True,20.0,NORMAL
2026-08-21 16:42:51,1798,78.6,0.12,100.0,15.99,True,False,20.0,NORMAL
2026-08-21 16:42:52,1799,78.67,0.11,99.87,14.97,True,True,20.0,NORMAL
2026-08-21 16:42:53,1800,78.71,0.11,100.0,16.46,True,False,20.0,NORMAL
2026-08-21 16:42:54,1801,78.77,0.1,99.94,15.42,True,False,20.0,NORMAL
2026-08-21 16:42:55,1802,78.64,0.08,99.83,14.35,True,True,20.0,NORMAL
2026-08-21 16:42:56,1803,78.74,0.1,100.0,16.03,True,False,20.0,NORMAL
2026-08-21 16:42:57,1804,78.59,0.12,99.85,14.81,True,True,20.0,NORMAL
2026-08-21 16:42:58,1805,78.53,0.14,100.0,16.27,True,False,20.0,NORMAL
2026-08-21 16:43:00,1806,78.44,0.13,99.88,15.04,True,False,20.0,NORMAL
2026-08-21 16:43:01,1807,78.54,0.15,99.75,14.33,True,True,20.0,NORMAL
2026-08-21 16:43:02,1808,78.45,0.16,100.0,15.67,True,False,20.0,NORMAL
2026-08-21 16:43:03,1809,78.34,0.18,99.87,14.68,True,True,20.0,NORMAL
2026-08-21 16:43:04,1810,78.26,0.16,100.0,16.16,True,False,20.0,NORMAL
2026-08-21 16:43:05,1811,78.15,0.18,99.86,15.3,True,False,20.0,NORMAL
2026-08-21 16:43:06,1812,78.29,0.16,99.78,14.23,True,True,20.0,NORMAL
2026-08-21 16:43:07,1813,78.37,0.15,99.99,15.55,True,False,20.0,NORMAL
2026-08-21 16:43:08,1814,78.35,0.14,99.89,14.63,True,True,20.0,NORMAL
2026-08-21 16:43:09,1815,78.36,0.16,100.0,16.05,True,False,20.0,NORMAL
2026-08-21 16:43:10,1816,78.3,0.13,99.86,15.11,True,False,20.0,NORMAL
2026-08-21 16:43:11,1817,78.26,0.12,99.72,14.11,True,True,20.0,NORMAL
2026-08-21 16:43:13,1818,78.12,0.14,99.97,15.54,True,False,20.0,NORMAL
2026-08-21 16:43:14,1819,78.07,0.15,99.87,14.52,True,True,20.0,NORMAL
2026-08-21 16:43:15,1820,78.16,0.17,100.0,15.89,True,False,20.0,NORMAL
2026-08-21 16:43:16,1821,78.15,0.13,99.89,14.59,True,True,20.0,NORMAL
2026-08-21 16:43:17,1822,78.16,0.11,100.0,15.73,True,False,20.0,NORMAL
2026-08-21 16:43:18,1823,78.16,0.09,99.94,14.46,True,True,20.0,NORMAL
2026-08-21 16:43:19,1824,78.02,0.11,100.0,16.15,True,False,20.0,NORMAL
2026-08-21 16:43:20,1825,77.89,0.14,99.93,14.98,True,True,20.0,NORMAL
2026-08-21 16:43:21,1826,77.87,0.11,100.0,16.17,True,False,20.0,NORMAL
2026-08-21 16:43:22,1827,77.93,0.11,99.91,15.33,True,False,20.0,NORMAL
2026-08-21 16:43:23,1828,77.79,0.12,99.86,14.52,True,True,20.0,NORMAL
2026-08-21 16:43:25,1829,77.77,0.1,100.0,15.94,True,False,20.0,NORMAL
2026-08-21 16:43:26,1830,77.81,0.09,99.85,15.16,True,False,20.0,NORMAL
2026-08-21 16:43:27,1831,77.95,0.11,99.77,14.1,True,True,20.0,NORMAL
2026-08-21 16:43:28,1832,78.1,0.13,99.97,15.74,True,False,20.0,NORMAL
2026-08-21 16:43:29,1833,78.07,0.14,99.85,14.91,True,True,20.0,NORMAL
2026-08-21 16:43:30,1834,78.21,0.15,100.0,16.38,True,False,20.0,NORMAL
2026-08-21 16:43:31,1835,78.29,0.13,99.88,15.44,True,False,20.0,NORMAL
2026-08-21 16:43:32,1836,78.27,0.12,99.75,14.18,True,True,20.0,NORMAL
2026-08-21 16:43:33,1837,78.4,0.09,99.95,15.5,True,False,20.0,NORMAL
2026-08-21 16:43:34,1838,78.26,0.09,99.86,14.31,True,True,20.0,NORMAL
2026-08-21 16:43:35,1839,78.21,0.11,100.0,15.78,True,False,20.0,NORMAL
2026-08-21 16:43:37,1840,78.21,0.11,99.94,14.91,True,True,20.0,NORMAL
2026-08-21 16:43:38,1841,78.26,0.09,100.0,16.46,True,False,20.0,NORMAL
2026-08-21 16:43:39,1842,78.26,0.07,99.94,15.1,True,False,20.0,NORMAL
2026-08-21 16:43:40,1843,78.18,0.04,99.86,14.0,True,True,20.0,NORMAL
2026-08-21 16:43:41,1844,78.25,0.02,100.0,15.32,True,False,20.0,NORMAL
2026-08-21 16:43:42,1845,78.34,0.01,99.89,14.24,True,True,20.0,NORMAL
2026-08-21 16:43:43,1846,78.36,0.03,100.0,15.41,True,False,20.0,NORMAL
2026-08-21 16:43:44,1847,78.48,0.06,99.91,14.28,True,True,20.0,NORMAL
2026-08-21 16:43:45,1848,78.33,0.09,100.0,15.94,True,False,20.0,NORMAL
2026-08-21 16:43:46,1849,78.19,0.09,99.86,14.78,True,True,20.0,NORMAL
2026-08-21 16:43:47,1850,78.34,0.08,100.0,16.35,True,False,20.0,NORMAL
2026-08-21 16:43:48,1851,78.25,0.08,99.88,15.46,True,False,20.0,NORMAL
2026-08-21 16:43:50,1852,78.28,0.09,99.78,14.31,True,True,20.0,NORMAL
2026-08-21 16:43:51,1853,78.41,0.08,99.98,15.89,True,False,20.0,NORMAL
2026-08-21 16:43:52,1854,78.33,0.05,99.89,14.58,True,True,20.0,NORMAL
2026-08-21 16:43:53,1855,78.4,0.07,100.0,16.22,True,False,20.0,NORMAL
2026-08-21 16:43:54,1856,78.38,0.04,99.88,15.36,True,False,20.0,NORMAL
2026-08-21 16:43:55,1857,78.44,0.07,99.78,14.6,True,True,20.0,NORMAL
2026-08-21 16:43:56,1858,78.48,0.08,100.0,15.86,True,False,20.0,NORMAL
2026-08-21 16:43:57,1859,78.53,0.07,99.92,14.86,True,True,20.0,NORMAL
2026-08-21 16:43:58,1860,78.68,0.1,100.0,16.35,True,False,20.0,NORMAL
2026-08-21 16:43:59,1861,78.57,0.13,99.87,15.28,True,False,20.0,NORMAL
2026-08-21 16:44:00,1862,78.52,0.1,99.76,14.2,True,True,20.0,NORMAL
2026-08-21 16:44:01,1863,78.56,0.12,100.0,15.52,True,False,20.0,NORMAL
2026-08-21 16:44:03,1864,78.46,0.15,99.9,14.36,True,True,20.0,NORMAL
2026-08-21 16:44:04,1865,78.34,0.15,100.0,15.76,True,False,20.0,NORMAL
2026-08-21 16:44:05,1866,78.33,0.15,99.93,14.96,True,True,20.0,NORMAL
2026-08-21 16:44:06,1867,78.22,0.16,100.0,16.26,True,False,20.0,NORMAL
2026-08-21 16:44:07,1868,78.08,0.17,99.91,15.33,True,False,20.0,NORMAL
2026-08-21 16:44:08,1869,78.08,0.14,99.85,14.1,True,True,20.0,NORMAL
2026-08-21 16:44:09,1870,77.98,0.12,100.0,15.46,True,False,20.0,NORMAL
2026-08-21 16:44:10,1871,78.1,0.14,99.88,14.63,True,True,20.0,NORMAL
2026-08-21 16:44:11,1872,78.21,0.11,100.0,16.27,True,False,20.0,NORMAL
2026-08-21 16:44:12,1873,78.19,0.13,99.87,15.4,True,False,20.0,NORMAL
2026-08-21 16:44:13,1874,78.31,0.16,99.73,14.26,True,True,20.0,NORMAL
2026-08-21 16:44:14,1875,78.36,0.18,99.96,15.75,True,False,20.0,NORMAL
2026-08-21 16:44:16,1876,78.22,0.15,99.83,14.45,True,True,20.0,NORMAL
2026-08-21 16:44:17,1877,78.27,0.13,100.0,16.12,True,False,20.0,NORMAL
2026-08-21 16:44:18,1878,78.13,0.12,99.9,14.94,True,True,20.0,NORMAL
2026-08-21 16:44:19,1879,78.23,0.13,100.0,16.46,True,False,20.0,NORMAL
2026-08-21 16:44:20,1880,78.36,0.14,99.86,15.33,True,False,20.0,NORMAL
2026-08-21 16:44:21,1881,78.46,0.14,99.76,14.43,True,True,20.0,NORMAL
2026-08-21 16:44:22,1882,78.4,0.16,100.0,15.81,True,False,20.0,NORMAL
2026-08-21 16:44:23,1883,78.44,0.18,99.95,14.62,True,True,20.0,NORMAL
2026-08-21 16:44:24,1884,78.3,0.17,100.0,16.25,True,False,20.0,NORMAL
2026-08-21 16:44:25,1885,78.33,0.19,99.91,15.47,True,False,20.0,NORMAL
2026-08-21 16:44:26,1886,78.26,0.18,99.85,14.39,True,True,20.0,NORMAL
2026-08-21 16:44:27,1887,78.29,0.19,100.0,15.85,True,False,20.0,NORMAL
2026-08-21 16:44:29,1888,78.23,0.16,99.89,14.84,True,True,20.0,NORMAL
2026-08-21 16:44:30,1889,78.38,0.16,100.0,16.07,True,False,20.0,NORMAL
2026-08-21 16:44:31,1890,78.52,0.14,99.93,15.11,True,False,20.0,NORMAL
2026-08-21 16:44:32,1891,78.55,0.13,99.8,13.96,True,True,20.0,NORMAL
2026-08-21 16:44:33,1892,78.5,0.14,100.0,15.49,True,False,20.0,NORMAL
2026-08-21 16:44:34,1893,78.6,0.12,99.88,14.7,True,True,20.0,NORMAL
2026-08-21 16:44:35,1894,78.61,0.14,100.0,15.99,True,False,20.0,NORMAL
2026-08-21 16:44:36,1895,78.55,0.15,99.87,14.9,True,True,20.0,NORMAL
2026-08-21 16:44:37,1896,78.48,0.15,100.0,16.16,True,False,20.0,NORMAL
2026-08-21 16:44:38,1897,78.38,0.13,99.94,15.32,True,False,20.0,NORMAL
2026-08-21 16:44:39,1898,78.42,0.11,99.79,14.51,True,True,20.0,NORMAL
2026-08-21 16:44:41,1899,78.54,0.11,100.0,15.94,True,False,20.0,NORMAL
2026-08-21 16:44:42,1900,78.56,0.13,99.94,14.97,True,True,20.0,NORMAL
2026-08-21 16:44:43,1901,78.7,0.14,100.0,16.45,True,False,20.0,NORMAL
2026-08-21 16:44:44,1902,78.71,0.14,99.93,15.13,True,False,20.0,NORMAL
2026-08-21 16:44:45,1903,78.77,0.13,99.83,13.9,True,True,20.0,NORMAL
2026-08-21 16:44:46,1904,78.72,0.12,100.0,15.13,True,False,20.0,NORMAL
2026-08-21 16:44:47,1905,78.58,0.11,99.92,14.15,True,True,20.0,NORMAL
2026-08-21 16:44:48,1906,78.56,0.09,100.0,15.74,True,False,20.0,NORMAL
2026-08-21 16:44:49,1907,78.61,0.07,99.9,14.58,True,True,20.0,NORMAL
2026-08-21 16:44:50,1908,78.66,0.09,100.0,15.71,True,False,20.0,NORMAL
2026-08-21 16:44:51,1909,78.54,0.1,99.93,14.97,True,True,20.0,NORMAL
2026-08-21 16:44:52,1910,78.64,0.09,100.0,16.26,True,False,20.0,NORMAL
2026-08-21 16:44:54,1911,78.78,0.08,99.88,15.31,True,False,20.0,NORMAL
2026-08-21 16:44:55,1912,78.88,0.1,99.82,14.42,True,True,20.0,NORMAL
2026-08-21 16:44:56,1913,79.01,0.11,100.0,15.69,True,False,20.0,NORMAL
2026-08-21 16:44:57,1914,78.95,0.11,99.95,14.81,True,True,20.0,NORMAL
2026-08-21 16:44:58,1915,78.96,0.13,100.0,16.31,True,False,20.0,NORMAL
2026-08-21 16:44:59,1916,78.86,0.16,99.92,15.04,True,False,20.0,NORMAL
2026-08-21 16:45:00,1917,78.71,0.14,99.79,14.02,True,True,20.0,NORMAL
2026-08-21 16:45:01,1918,78.81,0.17,100.0,15.48,True,False,20.0,NORMAL
2026-08-21 16:45:02,1919,78.71,0.14,99.93,14.67,True,True,20.0,NORMAL
2026-08-21 16:45:03,1920,78.76,0.14,100.0,15.97,True,False,20.0,NORMAL
2026-08-21 16:45:04,1921,78.72,0.14,99.94,14.9,True,True,20.0,NORMAL
2026-08-21 16:45:05,1922,78.61,0.16,100.0,16.27,True,False,20.0,NORMAL
2026-08-21 16:45:07,1923,78.51,0.17,99.9,15.51,True,False,20.0,NORMAL
2026-08-21 16:45:08,1924,78.36,0.14,99.85,14.64,True,True,20.0,NORMAL
2026-08-21 16:45:09,1925,78.43,0.16,100.0,15.82,True,False,20.0,NORMAL
2026-08-21 16:45:10,1926,78.46,0.16,99.91,14.71,True,True,20.0,NORMAL
2026-08-21 16:45:11,1927,78.57,0.17,100.0,15.98,True,False,20.0,NORMAL
2026-08-21 16:45:12,1928,78.6,0.18,99.88,15.23,True,False,20.0,NORMAL
2026-08-21 16:45:13,1929,78.47,0.17,99.82,14.29,True,True,20.0,NORMAL
2026-08-21 16:45:14,1930,78.55,0.18,100.0,15.77,True,False,20.0,NORMAL
2026-08-21 16:45:15,1931,78.66,0.16,99.93,14.58,True,True,20.0,NORMAL
2026-08-21 16:45:16,1932,78.51,0.15,100.0,15.71,True,False,20.0,NORMAL
2026-08-21 16:45:18,1933,78.38,0.12,99.94,14.53,True,True,20.0,NORMAL
2026-08-21 16:45:19,1934,78.42,0.11,100.0,16.22,True,False,20.0,NORMAL
2026-08-21 16:45:20,1935,78.31,0.1,99.93,15.02,True,False,20.0,NORMAL
2026-08-21 16:45:21,1936,78.28,0.12,99.83,14.23,True,True,20.0,NORMAL
2026-08-21 16:45:22,1937,78.23,0.11,100.0,15.39,True,False,20.0,NORMAL
2026-08-21 16:45:23,1938,78.09,0.14,99.86,14.14,True,True,20.0,NORMAL
2026-08-21 16:45:24,1939,78.16,0.12,100.0,15.62,True,False,20.0,NORMAL
2026-08-21 16:45:25,1940,78.27,0.15,99.87,14.4,True,True,20.0,NORMAL
2026-08-21 16:45:26,1941,78.18,0.16,100.0,15.81,True,False,20.0,NORMAL
2026-08-21 16:45:27,1942,78.19,0.14,99.93,14.7,True,True,20.0,NORMAL
2026-08-21 16:45:28,1943,78.32,0.15,100.0,15.88,True,False,20.0,NORMAL
2026-08-21 16:45:30,1944,78.47,0.14,99.9,15.02,True,False,20.0,NORMAL
2026-08-21 16:45:31,1945,78.57,0.12,99.76,14.01,True,True,20.0,NORMAL
2026-08-21 16:45:32,1946,78.49,0.11,99.98,15.49,True,False,20.0,NORMAL
2026-08-21 16:45:33,1947,78.62,0.13,99.9,14.54,True,True,20.0,NORMAL
2026-08-21 16:45:34,1948,78.63,0.16,100.0,16.15,True,False,20.0,NORMAL
2026-08-21 16:45:35,1949,78.5,0.16,99.93,15.2,True,False,20.0,NORMAL
2026-08-21 16:45:36,1950,78.36,0.13,99.8,14.27,True,True,20.0,NORMAL
2026-08-21 16:45:37,1951,78.31,0.15,100.0,15.79,True,False,20.0,NORMAL
2026-08-21 16:45:38,1952,78.46,0.16,99.89,14.67,True,True,20.0,NORMAL
2026-08-21 16:45:39,1953,78.4,0.17,100.0,15.87,True,False,20.0,NORMAL
2026-08-21 16:45:40,1954,78.42,0.19,99.89,14.62,True,True,20.0,NORMAL
2026-08-21 16:45:42,1955,78.36,0.19,100.0,16.19,True,False,20.0,NORMAL
2026-08-21 16:45:43,1956,78.33,0.18,99.87,15.01,True,False,20.0,NORMAL
2026-08-21 16:45:44,1957,78.35,0.17,99.81,14.04,True,True,20.0,NORMAL
2026-08-21 16:45:45,1958,78.49,0.19,100.0,15.45,True,False,20.0,NORMAL
2026-08-21 16:45:46,1959,78.62,0.16,99.88,14.67,True,True,20.0,NORMAL
2026-08-21 16:45:47,1960,78.51,0.17,100.0,16.05,True,False,20.0,NORMAL
2026-08-21 16:45:48,1961,78.49,0.17,99.86,14.88,True,True,20.0,NORMAL
2026-08-21 16:45:49,1962,78.53,0.16,100.0,15.97,True,False,20.0,NORMAL
2026-08-21 16:45:50,1963,78.66,0.16,99.86,15.13,True,False,20.0,NORMAL
2026-08-21 16:45:51,1964,78.53,0.17,99.76,13.96,True,True,20.0,NORMAL
2026-08-21 16:45:53,1965,78.54,0.18,100.0,15.13,True,False,20.0,NORMAL
2026-08-21 16:45:54,1966,78.4,0.19,99.9,13.96,True,True,20.0,NORMAL
2026-08-21 16:45:55,1967,78.47,0.17,100.0,15.35,True,False,20.0,NORMAL
2026-08-21 16:45:56,1968,78.54,0.19,99.87,14.6,True,True,20.0,NORMAL
2026-08-21 16:45:57,1969,78.43,0.16,100.0,16.14,True,False,20.0,NORMAL
2026-08-21 16:45:58,1970,78.5,0.16,99.88,15.4,True,False,20.0,NORMAL
2026-08-21 16:45:59,1971,78.58,0.14,99.77,14.31,True,True,20.0,NORMAL
2026-08-21 16:46:00,1972,78.69,0.14,100.0,15.74,True,False,20.0,NORMAL
2026-08-21 16:46:01,1973,78.61,0.12,99.94,14.76,True,True,20.0,NORMAL
2026-08-21 16:46:02,1974,78.53,0.14,100.0,16.31,True,False,20.0,NORMAL
2026-08-21 16:46:03,1975,78.59,0.15,99.89,15.31,True,False,20.0,NORMAL
2026-08-21 16:46:05,1976,78.54,0.13,99.83,14.46,True,True,20.0,NORMAL
2026-08-21 16:46:06,1977,78.63,0.16,100.0,15.6,True,False,20.0,NORMAL
2026-08-21 16:46:07,1978,78.7,0.17,99.91,14.47,True,True,20.0,NORMAL
2026-08-21 16:46:08,1979,78.76,0.16,100.0,16.17,True,False,20.0,NORMAL
2026-08-21 16:46:09,1980,78.87,0.15,99.93,14.95,True,True,20.0,NORMAL
2026-08-21 16:46:10,1981,78.74,0.15,100.0,16.38,True,False,20.0,NORMAL
2026-08-21 16:46:11,1982,78.88,0.15,99.85,15.12,True,False,20.0,NORMAL
2026-08-21 16:46:12,1983,78.86,0.13,99.7,14.22,True,True,20.0,NORMAL
2026-08-21 16:46:13,1984,78.74,0.13,100.0,15.94,True,False,20.0,NORMAL
2026-08-21 16:46:14,1985,78.87,0.13,99.88,14.87,True,True,20.0,NORMAL
2026-08-21 16:46:15,1986,78.98,0.11,100.0,16.4,True,False,20.0,NORMAL
2026-08-21 16:46:16,1987,79.0,0.09,99.89,15.52,True,False,20.0,NORMAL
2026-08-21 16:46:18,1988,78.97,0.08,99.82,14.45,True,True,20.0,NORMAL
2026-08-21 16:46:19,1989,78.87,0.11,100.0,16.1,True,False,20.0,NORMAL
2026-08-21 16:46:20,1990,78.83,0.13,99.85,15.0,True,False,20.0,NORMAL
2026-08-21 16:46:21,1991,78.92,0.12,99.78,14.29,True,True,20.0,NORMAL
2026-08-21 16:46:22,1992,78.78,0.14,100.0,15.45,True,False,20.0,NORMAL
2026-08-21 16:46:23,1993,78.64,0.12,99.94,14.71,True,True,20.0,NORMAL
2026-08-21 16:46:24,1994,78.5,0.09,100.0,16.3,True,False,20.0,NORMAL
2026-08-21 16:46:25,1995,78.6,0.12,99.88,15.3,True,False,20.0,NORMAL
2026-08-21 16:46:26,1996,78.59,0.12,99.74,14.12,True,True,20.0,NORMAL
2026-08-21 16:46:27,1997,78.6,0.12,99.97,15.46,True,False,20.0,NORMAL
2026-08-21 16:46:28,1998,78.61,0.14,99.89,14.59,True,True,20.0,NORMAL
2026-08-21 16:46:30,1999,78.59,0.14,100.0,15.78,True,False,20.0,NORMAL
2026-08-21 16:46:31,2000,78.46,0.12,99.9,15.05,True,False,20.0,NORMAL
2026-08-21 16:46:32,2001,78.35,0.13,99.75,14.07,True,True,20.0,NORMAL
2026-08-21 16:46:33,2002,78.36,0.11,99.97,15.61,True,False,20.0,NORMAL
2026-08-21 16:46:34,2003,78.3,0.12,99.9,14.47,True,True,20.0,NORMAL
2026-08-21 16:46:35,2004,78.21,0.14,100.0,16.02,True,False,20.0,NORMAL
2026-08-21 16:46:36,2005,78.32,0.14,99.85,15.07,True,False,20.0,NORMAL
2026-08-21 16:46:37,2006,78.18,0.13,99.79,14.27,True,True,20.0,NORMAL
2026-08-21 16:46:38,2007,78.16,0.14,100.0,15.91,True,False,20.0,NORMAL
2026-08-21 16:46:39,2008,78.21,0.15,99.86,14.62,True,True,20.0,NORMAL
2026-08-21 16:46:40,2009,78.23,0.15,100.0,15.84,True,False,20.0,NORMAL
2026-08-21 16:46:41,2010,78.21,0.16,99.93,14.8,True,True,20.0,NORMAL
2026-08-21 16:46:43,2011,78.13,0.18,100.0,16.27,True,False,20.0,NORMAL
2026-08-21 16:46:44,2012,77.99,0.19,99.94,15.42,True,False,20.0,NORMAL
2026-08-21 16:46:45,2013,77.96,0.16,99.79,14.19,True,True,20.0,NORMAL
2026-08-21 16:46:46,2014,77.84,0.17,100.0,15.69,True,False,20.0,NORMAL
2026-08-21 16:46:47,2015,77.83,0.15,99.88,14.47,True,True,20.0,NORMAL
2026-08-21 16:46:48,2016,77.89,0.15,100.0,15.96,True,False,20.0,NORMAL
2026-08-21 16:46:49,2017,77.76,0.17,99.92,15.05,True,False,20.0,NORMAL
2026-08-21 16:46:50,2018,77.87,0.19,99.83,14.31,True,True,20.0,NORMAL
2026-08-21 16:46:51,2019,78.0,0.16,100.0,15.98,True,False,20.0,NORMAL
2026-08-21 16:46:52,2020,77.97,0.13,99.86,15.04,True,False,20.0,NORMAL
2026-08-21 16:46:53,2021,78.09,0.13,99.77,14.24,True,True,20.0,NORMAL
2026-08-21 16:46:54,2022,77.95,0.13,100.0,15.82,True,False,20.0,NORMAL
2026-08-21 16:46:56,2023,77.99,0.14,99.95,14.6,True,True,20.0,NORMAL
2026-08-21 16:46:57,2024,78.11,0.12,100.0,16.18,True,False,20.0,NORMAL
2026-08-21 16:46:58,2025,78.19,0.11,99.91,14.87,True,True,20.0,NORMAL
2026-08-21 16:46:59,2026,78.3,0.14,100.0,16.02,True,False,20.0,NORMAL
2026-08-21 16:47:00,2027,78.34,0.15,99.87,14.81,True,True,20.0,NORMAL
2026-08-21 16:47:01,2028,78.32,0.13,100.0,15.95,True,False,20.0,NORMAL
2026-08-21 16:47:02,2029,78.24,0.1,99.85,14.67,True,True,20.0,NORMAL
2026-08-21 16:47:03,2030,78.22,0.1,100.0,16.2,True,False,20.0,NORMAL
2026-08-21 16:47:04,2031,78.36,0.07,99.87,15.18,True,False,20.0,NORMAL
2026-08-21 16:47:05,2032,78.44,0.06,99.74,13.94,True,True,20.0,NORMAL
2026-08-21 16:47:06,2033,78.44,0.09,99.95,15.66,True,False,20.0,NORMAL
2026-08-21 16:47:07,2034,78.44,0.13,99.81,14.53,True,True,20.0,NORMAL
2026-08-21 16:47:09,2035,78.47,0.14,100.0,15.78,True,False,20.0,NORMAL
2026-08-21 16:47:10,2036,78.55,0.15,99.95,14.6,True,True,20.0,NORMAL
2026-08-21 16:47:11,2037,78.57,0.14,100.0,16.15,True,False,20.0,NORMAL
2026-08-21 16:47:12,2038,78.56,0.12,99.88,15.22,True,False,20.0,NORMAL
2026-08-21 16:47:13,2039,78.43,0.13,99.79,14.02,True,True,20.0,NORMAL
2026-08-21 16:47:14,2040,78.55,0.12,100.0,15.71,True,False,20.0,NORMAL
2026-08-21 16:47:15,2041,78.59,0.11,99.85,14.57,True,True,20.0,NORMAL
2026-08-21 16:47:16,2042,78.49,0.12,100.0,15.72,True,False,20.0,NORMAL
2026-08-21 16:47:17,2043,78.5,0.1,99.87,14.75,True,True,20.0,NORMAL
2026-08-21 16:47:18,2044,78.53,0.12,100.0,16.1,True,False,20.0,NORMAL
2026-08-21 16:47:19,2045,78.6,0.11,99.87,14.82,True,True,20.0,NORMAL
2026-08-21 16:47:20,2046,78.73,0.11,100.0,16.03,True,False,20.0,NORMAL
2026-08-21 16:47:22,2047,78.76,0.12,99.93,14.81,True,True,20.0,NORMAL
2026-08-21 16:47:23,2048,78.84,0.13,100.0,16.1,True,False,20.0,NORMAL
2026-08-21 16:47:24,2049,78.75,0.15,99.91,15.12,True,False,20.0,NORMAL
2026-08-21 16:47:25,2050,78.76,0.13,99.84,14.37,True,True,20.0,NORMAL
2026-08-21 16:47:26,2051,78.9,0.15,100.0,15.93,True,False,20.0,NORMAL
2026-08-21 16:47:27,2052,78.97,0.15,99.89,15.18,True,False,20.0,NORMAL
2026-08-21 16:47:28,2053,79.06,0.17,99.81,14.25,True,True,20.0,NORMAL
2026-08-21 16:47:29,2054,78.98,0.16,100.0,15.42,True,False,20.0,NORMAL
2026-08-21 16:47:30,2055,78.96,0.14,99.95,14.53,True,True,20.0,NORMAL
2026-08-21 16:47:31,2056,78.97,0.13,100.0,16.08,True,False,20.0,NORMAL
2026-08-21 16:47:33,2057,78.98,0.16,99.89,15.27,True,False,20.0,NORMAL
2026-08-21 16:47:34,2058,79.1,0.16,99.78,14.2,True,True,20.0,NORMAL
2026-08-21 16:47:35,2059,79.17,0.14,99.98,15.75,True,False,20.0,NORMAL
2026-08-21 16:47:36,2060,79.26,0.12,99.92,14.57,True,True,20.0,NORMAL
2026-08-21 16:47:37,2061,79.35,0.15,100.0,15.67,True,False,20.0,NORMAL
2026-08-21 16:47:38,2062,79.4,0.16,99.93,14.92,True,True,20.0,NORMAL
2026-08-21 16:47:39,2063,79.45,0.14,100.0,16.45,True,False,20.0,NORMAL
2026-08-21 16:47:40,2064,79.36,0.14,99.91,15.47,True,False,20.0,NORMAL
2026-08-21 16:47:41,2065,79.46,0.15,99.84,14.7,True,True,20.0,NORMAL
2026-08-21 16:47:42,2066,79.41,0.15,100.0,15.87,True,False,20.0,NORMAL
2026-08-21 16:47:43,2067,79.33,0.13,99.85,14.63,True,True,20.0,NORMAL
2026-08-21 16:47:44,2068,79.41,0.14,100.0,16.22,True,False,20.0,NORMAL
2026-08-21 16:47:46,2069,79.43,0.16,99.88,15.18,True,False,20.0,NORMAL
2026-08-21 16:47:47,2070,79.33,0.16,99.76,14.5,True,True,20.0,NORMAL
2026-08-21 16:47:48,2071,79.41,0.14,100.0,16.04,True,False,20.0,NORMAL
2026-08-21 16:47:49,2072,79.51,0.16,99.95,14.93,True,True,20.0,NORMAL
2026-08-21 16:47:50,2073,79.57,0.19,100.0,16.19,True,False,20.0,NORMAL
2026-08-21 16:47:51,2074,79.65,0.16,99.91,15.23,True,False,20.0,NORMAL
2026-08-21 16:47:52,2075,79.74,0.15,99.84,14.48,True,True,20.0,NORMAL
2026-08-21 16:47:53,2076,79.84,0.15,100.0,15.59,True,False,20.0,NORMAL
2026-08-21 16:47:54,2077,79.96,0.17,99.88,14.72,True,True,20.0,NORMAL
2026-08-21 16:47:55,2078,80.0,0.14,100.0,16.15,True,False,20.0,NORMAL
2026-08-21 16:47:56,2079,79.85,0.16,99.95,15.34,True,False,20.0,NORMAL
2026-08-21 16:47:58,2080,79.84,0.14,99.8,14.49,True,True,20.0,NORMAL
2026-08-21 16:47:59,2081,79.86,0.14,100.0,16.0,True,False,20.0,NORMAL
2026-08-21 16:48:00,2082,79.7,0.16,99.88,15.11,True,False,20.0,NORMAL
2026-08-21 16:48:01,2083,79.65,0.13,99.82,14.02,True,True,20.0,NORMAL
2026-08-21 16:48:02,2084,79.58,0.15,100.0,15.7,True,False,20.0,NORMAL
2026-08-21 16:48:03,2085,79.42,0.14,99.93,14.96,True,True,20.0,NORMAL
2026-08-21 16:48:04,2086,79.46,0.14,100.0,16.25,True,False,20.0,NORMAL
2026-08-21 16:48:05,2087,79.59,0.13,99.92,15.04,True,False,20.0,NORMAL
2026-08-21 16:48:06,2088,79.52,0.15,99.85,14.21,True,True,20.0,NORMAL
2026-08-21 16:48:07,2089,79.62,0.16,100.0,15.45,True,False,20.0,NORMAL
2026-08-21 16:48:08,2090,79.62,0.2,99.9,14.3,True,True,20.0,NORMAL
2026-08-21 16:48:10,2091,79.51,0.2,100.0,15.78,True,False,20.0,NORMAL
2026-08-21 16:48:11,2092,79.44,0.22,99.87,14.58,True,True,20.0,NORMAL
2026-08-21 16:48:12,2093,79.45,0.22,100.0,15.79,True,False,20.0,NORMAL
2026-08-21 16:48:13,2094,79.33,0.2,99.86,14.89,True,True,20.0,NORMAL
2026-08-21 16:48:14,2095,79.32,0.18,100.0,16.14,True,False,20.0,NORMAL
2026-08-21 16:48:15,2096,79.41,0.2,99.95,15.04,True,False,20.0,NORMAL
2026-08-21 16:48:16,2097,79.51,0.21,99.81,14.1,True,True,20.0,NORMAL
2026-08-21 16:48:17,2098,79.43,0.23,100.0,15.77,True,False,20.0,NORMAL
2026-08-21 16:48:18,2099,79.38,0.23,99.92,14.47,True,True,20.0,NORMAL
2026-08-21 16:48:19,2100,79.4,0.22,100.0,16.05,True,False,20.0,NORMAL
2026-08-21 16:48:20,2101,79.44,0.19,99.87,15.28,True,False,20.0,NORMAL
2026-08-21 16:48:21,2102,79.41,0.2,99.72,14.25,True,True,20.0,NORMAL
2026-08-21 16:48:23,2103,79.27,0.21,99.95,15.77,True,False,20.0,NORMAL
2026-08-21 16:48:24,2104,79.13,0.19,99.86,15.05,True,False,20.0,NORMAL
2026-08-21 16:48:25,2105,79.24,0.16,99.76,14.02,True,True,20.0,NORMAL
2026-08-21 16:48:26,2106,79.31,0.14,100.0,15.49,True,False,20.0,NORMAL
2026-08-21 16:48:27,2107,79.25,0.12,99.86,14.35,True,True,20.0,NORMAL
2026-08-21 16:48:28,2108,79.09,0.14,100.0,15.92,True,False,20.0,NORMAL
2026-08-21 16:48:29,2109,79.2,0.14,99.94,14.72,True,True,20.0,NORMAL
2026-08-21 16:48:30,2110,79.3,0.14,100.0,15.83,True,False,20.0,NORMAL
2026-08-21 16:48:31,2111,79.41,0.15,99.91,14.94,True,True,20.0,NORMAL
2026-08-21 16:48:32,2112,79.5,0.13,100.0,16.3,True,False,20.0,NORMAL
2026-08-21 16:48:33,2113,79.4,0.11,99.88,15.38,True,False,20.0,NORMAL
2026-08-21 16:48:35,2114,79.41,0.13,99.79,14.25,True,True,20.0,NORMAL
2026-08-21 16:48:36,2115,79.29,0.16,100.0,15.83,True,False,20.0,NORMAL
2026-08-21 16:48:37,2116,79.42,0.18,99.86,15.0,True,False,20.0,NORMAL
2026-08-21 16:48:38,2117,79.54,0.17,99.77,13.9,True,True,20.0,NORMAL
2026-08-21 16:48:39,2118,79.51,0.17,99.99,15.08,True,False,20.0,NORMAL
2026-08-21 16:48:40,2119,79.52,0.19,99.9,14.24,True,True,20.0,NORMAL
2026-08-21 16:48:41,2120,79.36,0.16,100.0,15.46,True,False,20.0,NORMAL
2026-08-21 16:48:42,2121,79.46,0.15,99.93,14.72,True,True,20.0,NORMAL
2026-08-21 16:48:43,2122,79.36,0.17,100.0,16.03,True,False,20.0,NORMAL
2026-08-21 16:48:44,2123,79.33,0.16,99.85,14.86,True,True,20.0,NORMAL
2026-08-21 16:48:45,2124,79.23,0.18,100.0,16.35,True,False,20.0,NORMAL
2026-08-21 16:48:47,2125,79.13,0.15,99.91,15.27,True,False,20.0,NORMAL
2026-08-21 16:48:48,2126,79.03,0.16,99.83,14.5,True,True,20.0,NORMAL
2026-08-21 16:48:49,2127,78.96,0.18,100.0,15.61,True,False,20.0,NORMAL
2026-08-21 16:48:50,2128,79.07,0.18,99.93,14.41,True,True,20.0,NORMAL
2026-08-21 16:48:51,2129,78.93,0.15,100.0,15.75,True,False,20.0,NORMAL
2026-08-21 16:48:52,2130,78.97,0.14,99.85,14.5,True,True,20.0,NORMAL
2026-08-21 16:48:53,2131,78.86,0.16,100.0,15.93,True,False,20.0,NORMAL
2026-08-21 16:48:54,2132,78.73,0.16,99.9,14.62,True,True,20.0,NORMAL
2026-08-21 16:48:55,2133,78.7,0.14,100.0,15.83,True,False,20.0,NORMAL
2026-08-21 16:48:56,2134,78.72,0.12,99.91,14.7,True,True,20.0,NORMAL
2026-08-21 16:48:57,2135,78.74,0.13,100.0,15.92,True,False,20.0,NORMAL
2026-08-21 16:48:59,2136,78.83,0.14,99.87,14.89,True,True,20.0,NORMAL
2026-08-21 16:49:00,2137,78.85,0.13,100.0,15.96,True,False,20.0,NORMAL
2026-08-21 16:49:01,2138,78.73,0.16,99.87,14.75,True,True,20.0,NORMAL
2026-08-21 16:49:02,2139,78.81,0.14,100.0,15.91,True,False,20.0,NORMAL
2026-08-21 16:49:03,2140,78.93,0.12,99.91,14.89,True,True,20.0,NORMAL
2026-08-21 16:49:04,2141,78.84,0.14,100.0,16.48,True,False,20.0,NORMAL
2026-08-21 16:49:05,2142,78.81,0.12,99.95,15.45,True,False,20.0,NORMAL
2026-08-21 16:49:06,2143,78.85,0.13,99.89,14.45,True,True,20.0,NORMAL
2026-08-21 16:49:07,2144,78.78,0.16,100.0,16.06,True,False,20.0,NORMAL
2026-08-21 16:49:08,2145,78.87,0.17,99.9,15.17,True,False,20.0,NORMAL
2026-08-21 16:49:09,2146,79.0,0.18,99.75,14.02,True,True,20.0,NORMAL
2026-08-21 16:49:10,2147,79.04,0.17,99.98,15.43,True,False,20.0,NORMAL
2026-08-21 16:49:12,2148,79.03,0.15,99.88,14.62,True,True,20.0,NORMAL
2026-08-21 16:49:13,2149,79.02,0.15,100.0,15.97,True,False,20.0,NORMAL
2026-08-21 16:49:14,2150,79.12,0.15,99.87,14.81,True,True,20.0,NORMAL
2026-08-21 16:49:15,2151,79.16,0.17,100.0,16.32,True,False,20.0,NORMAL
2026-08-21 16:49:16,2152,79.22,0.14,99.89,15.03,True,False,20.0,NORMAL
2026-08-21 16:49:17,2153,79.17,0.16,99.83,14.12,True,True,20.0,NORMAL
2026-08-21 16:49:18,2154,79.15,0.17,100.0,15.57,True,False,20.0,NORMAL
2026-08-21 16:49:19,2155,79.24,0.16,99.92,14.84,True,True,20.0,NORMAL
2026-08-21 16:49:20,2156,79.32,0.15,100.0,16.42,True,False,20.0,NORMAL
2026-08-21 16:49:21,2157,79.2,0.16,99.88,15.31,True,False,20.0,NORMAL
2026-08-21 16:49:22,2158,79.16,0.18,99.79,14.22,True,True,20.0,NORMAL
2026-08-21 16:49:24,2159,79.2,0.19,100.0,15.79,True,False,20.0,NORMAL
2026-08-21 16:49:25,2160,79.22,0.16,99.87,14.91,True,True,20.0,NORMAL
2026-08-21 16:49:26,2161,79.18,0.18,100.0,16.18,True,False,20.0,NORMAL
2026-08-21 16:49:27,2162,79.13,0.15,99.9,15.12,True,False,20.0,NORMAL
2026-08-21 16:49:28,2163,78.98,0.14,99.82,14.14,True,True,20.0,NORMAL
2026-08-21 16:49:29,2164,78.99,0.12,100.0,15.82,True,False,20.0,NORMAL
2026-08-21 16:49:30,2165,79.0,0.12,99.9,15.09,True,False,20.0,NORMAL
2026-08-21 16:49:31,2166,79.12,0.13,99.83,14.36,True,True,20.0,NORMAL
2026-08-21 16:49:32,2167,78.96,0.14,100.0,15.94,True,False,20.0,NORMAL
2026-08-21 16:49:33,2168,78.92,0.15,99.93,15.03,True,False,20.0,NORMAL
2026-08-21 16:49:34,2169,78.94,0.14,99.87,14.1,True,True,20.0,NORMAL
2026-08-21 16:49:36,2170,79.05,0.15,100.0,15.34,True,False,20.0,NORMAL
2026-08-21 16:49:37,2171,79.17,0.14,99.91,14.54,True,True,20.0,NORMAL
2026-08-21 16:49:38,2172,79.19,0.13,100.0,16.02,True,False,20.0,NORMAL
2026-08-21 16:49:39,2173,79.16,0.12,99.93,14.83,True,True,20.0,NORMAL
2026-08-21 16:49:40,2174,79.06,0.12,100.0,16.1,True,False,20.0,NORMAL
2026-08-21 16:49:41,2175,79.17,0.11,99.87,14.98,True,True,20.0,NORMAL
2026-08-21 16:49:42,2176,79.19,0.13,100.0,16.12,True,False,20.0,NORMAL
2026-08-21 16:49:43,2177,79.04,0.16,99.9,15.08,True,False,20.0,NORMAL
2026-08-21 16:49:44,2178,78.92,0.15,99.81,13.93,True,True,20.0,NORMAL
2026-08-21 16:49:45,2179,79.02,0.17,100.0,15.64,True,False,20.0,NORMAL
2026-08-21 16:49:46,2180,79.1,0.18,99.88,14.55,True,True,20.0,NORMAL
2026-08-21 16:49:47,2181,79.17,0.17,100.0,15.87,True,False,20.0,NORMAL
2026-08-21 16:49:49,2182,79.27,0.18,99.88,15.13,True,False,20.0,NORMAL
2026-08-21 16:49:50,2183,79.38,0.16,99.82,13.97,True,True,20.0,NORMAL
2026-08-21 16:49:51,2184,79.29,0.17,100.0,15.32,True,False,20.0,NORMAL
2026-08-21 16:49:52,2185,79.39,0.16,99.86,14.44,True,True,20.0,NORMAL
2026-08-21 16:49:53,2186,79.42,0.14,100.0,15.78,True,False,20.0,NORMAL
2026-08-21 16:49:54,2187,79.33,0.15,99.88,15.0,True,False,20.0,NORMAL
2026-08-21 16:49:55,2188,79.33,0.16,99.78,14.14,True,True,20.0,NORMAL
2026-08-21 16:49:56,2189,79.26,0.13,100.0,15.32,True,False,20.0,NORMAL
2026-08-21 16:49:57,2190,79.29,0.12,99.87,14.18,True,True,20.0,NORMAL
2026-08-21 16:49:58,2191,79.15,0.1,100.0,15.35,True,False,20.0,NORMAL
2026-08-21 16:49:59,2192,79.16,0.12,99.87,14.28,True,True,20.0,NORMAL
2026-08-21 16:50:00,2193,79.29,0.1,100.0,15.95,True,False,20.0,NORMAL
2026-08-21 16:50:02,2194,79.21,0.12,99.86,14.7,True,True,20.0,NORMAL
2026-08-21 16:50:03,2195,79.2,0.12,100.0,16.02,True,False,20.0,NORMAL
2026-08-21 16:50:04,2196,79.27,0.12,99.92,15.26,True,False,20.0,NORMAL
2026-08-21 16:50:05,2197,79.38,0.12,99.82,14.14,True,True,20.0,NORMAL
2026-08-21 16:50:06,2198,79.3,0.09,100.0,15.73,True,False,20.0,NORMAL
2026-08-21 16:50:07,2199,79.14,0.09,99.92,14.5,True,True,20.0,NORMAL
2026-08-21 16:50:08,2200,78.98,0.07,100.0,16.04,True,False,20.0,NORMAL
2026-08-21 16:50:09,2201,79.03,0.07,99.9,14.79,True,True,20.0,NORMAL
2026-08-21 16:50:10,2202,78.99,0.07,100.0,16.13,True,False,20.0,NORMAL
2026-08-21 16:50:11,2203,79.11,0.09,99.94,15.32,True,False,20.0,NORMAL
2026-08-21 16:50:12,2204,79.16,0.07,99.88,14.49,True,True,20.0,NORMAL
2026-08-21 16:50:14,2205,79.26,0.09,100.0,16.05,True,False,20.0,NORMAL
2026-08-21 16:50:15,2206,79.34,0.12,99.88,14.75,True,True,20.0,NORMAL
2026-08-21 16:50:16,2207,79.26,0.13,100.0,15.91,True,False,20.0,NORMAL
2026-08-21 16:50:17,2208,79.37,0.16,99.86,14.97,True,True,20.0,NORMAL
2026-08-21 16:50:18,2209,79.25,0.17,100.0,16.15,True,False,20.0,NORMAL
2026-08-21 16:50:19,2210,79.12,0.17,99.86,15.14,True,False,20.0,NORMAL
2026-08-21 16:50:20,2211,79.22,0.17,99.75,14.18,True,True,20.0,NORMAL
2026-08-21 16:50:21,2212,79.3,0.19,100.0,15.88,True,False,20.0,NORMAL
2026-08-21 16:50:22,2213,79.27,0.19,99.9,14.59,True,True,20.0,NORMAL
2026-08-21 16:50:23,2214,79.34,0.19,100.0,15.72,True,False,20.0,NORMAL
2026-08-21 16:50:24,2215,79.35,0.16,99.94,14.48,True,True,20.0,NORMAL
2026-08-21 16:50:25,2216,79.46,0.17,100.0,15.7,True,False,20.0,NORMAL
2026-08-21 16:50:26,2217,79.36,0.18,99.94,14.82,True,True,20.0,NORMAL
2026-08-21 16:50:28,2218,79.36,0.17,100.0,16.23,True,False,20.0,NORMAL
2026-08-21 16:50:29,2219,79.36,0.16,99.87,15.45,True,False,20.0,NORMAL
2026-08-21 16:50:30,2220,79.42,0.18,99.8,14.43,True,True,20.0,NORMAL
2026-08-21 16:50:31,2221,79.29,0.16,100.0,16.1,True,False,20.0,NORMAL
2026-08-21 16:50:32,2222,79.38,0.15,99.91,14.88,True,True,20.0,NORMAL
2026-08-21 16:50:33,2223,79.47,0.16,100.0,15.95,True,False,20.0,NORMAL
2026-08-21 16:50:34,2224,79.37,0.17,99.95,14.89,True,True,20.0,NORMAL
2026-08-21 16:50:35,2225,79.46,0.19,100.0,16.48,True,False,20.0,NORMAL
2026-08-21 16:50:36,2226,79.51,0.21,99.88,15.54,True,False,20.0,NORMAL
2026-08-21 16:50:37,2227,79.46,0.21,99.79,14.8,True,True,20.0,NORMAL
2026-08-21 16:50:38,2228,79.42,0.24,99.99,16.25,True,False,20.0,NORMAL
2026-08-21 16:50:39,2229,79.42,0.21,99.91,15.11,True,False,20.0,NORMAL
2026-08-21 16:50:40,2230,79.29,0.18,99.78,14.38,True,True,20.0,NORMAL
2026-08-21 16:50:42,2231,79.28,0.18,100.0,15.94,True,False,20.0,NORMAL
2026-08-21 16:50:43,2232,79.12,0.15,99.92,14.67,True,True,20.0,NORMAL
2026-08-21 16:50:44,2233,79.08,0.15,100.0,16.01,True,False,20.0,NORMAL
2026-08-21 16:50:45,2234,79.12,0.16,99.87,14.71,True,True,20.0,NORMAL
2026-08-21 16:50:46,2235,79.06,0.16,100.0,16.25,True,False,20.0,NORMAL
2026-08-21 16:50:47,2236,79.05,0.14,99.93,15.0,True,False,20.0,NORMAL
2026-08-21 16:50:48,2237,78.89,0.12,99.83,13.95,True,True,20.0,NORMAL
2026-08-21 16:50:49,2238,78.95,0.1,100.0,15.39,True,False,20.0,NORMAL
2026-08-21 16:50:50,2239,79.09,0.08,99.94,14.27,True,True,20.0,NORMAL
2026-08-21 16:50:51,2240,79.22,0.1,100.0,15.86,True,False,20.0,NORMAL
2026-08-21 16:50:52,2241,79.13,0.08,99.91,14.99,True,True,20.0,NORMAL
2026-08-21 16:50:53,2242,79.05,0.11,100.0,16.28,True,False,20.0,NORMAL
2026-08-21 16:50:55,2243,78.98,0.1,99.86,15.27,True,False,20.0,NORMAL
2026-08-21 16:50:56,2244,79.07,0.13,99.77,14.33,True,True,20.0,NORMAL
2026-08-21 16:50:57,2245,78.96,0.12,100.0,15.81,True,False,20.0,NORMAL
2026-08-21 16:50:58,2246,79.07,0.14,99.86,14.62,True,True,20.0,NORMAL
2026-08-21 16:50:59,2247,79.16,0.13,100.0,16.09,True,False,20.0,NORMAL
2026-08-21 16:51:00,2248,79.1,0.16,99.93,14.99,True,True,20.0,NORMAL
2026-08-21 16:51:01,2249,79.04,0.13,100.0,16.56,True,False,20.0,NORMAL
2026-08-21 16:51:02,2250,79.0,0.11,99.93,15.49,True,False,20.0,NORMAL
2026-08-21 16:51:03,2251,79.14,0.13,99.88,14.41,True,True,20.0,NORMAL
2026-08-21 16:51:04,2252,79.11,0.12,100.0,15.75,True,False,20.0,NORMAL
2026-08-21 16:51:05,2253,79.0,0.11,99.92,14.53,True,True,20.0,NORMAL
2026-08-21 16:51:07,2254,79.12,0.12,100.0,16.13,True,False,20.0,NORMAL
2026-08-21 16:51:08,2255,79.08,0.11,99.91,15.21,True,False,20.0,NORMAL
2026-08-21 16:51:09,2256,79.2,0.1,99.8,14.32,True,True,20.0,NORMAL
2026-08-21 16:51:10,2257,79.26,0.08,100.0,15.46,True,False,20.0,NORMAL
2026-08-21 16:51:11,2258,79.12,0.08,99.94,14.52,True,True,20.0,NORMAL
2026-08-21 16:51:12,2259,79.21,0.07,100.0,15.66,True,False,20.0,NORMAL
2026-08-21 16:51:13,2260,79.16,0.06,99.94,14.53,True,True,20.0,NORMAL
2026-08-21 16:51:14,2261,79.24,0.09,100.0,16.16,True,False,20.0,NORMAL
2026-08-21 16:51:15,2262,79.18,0.07,99.88,15.42,True,False,20.0,NORMAL
2026-08-21 16:51:16,2263,79.08,0.07,99.74,14.47,True,True,20.0,NORMAL
2026-08-21 16:51:17,2264,79.17,0.05,100.0,15.57,True,False,20.0,NORMAL
2026-08-21 16:51:18,2265,79.1,0.04,99.86,14.62,True,True,20.0,NORMAL
2026-08-21 16:51:20,2266,79.08,0.07,100.0,16.0,True,False,20.0,NORMAL
2026-08-21 16:51:21,2267,78.93,0.05,99.93,14.68,True,True,20.0,NORMAL
2026-08-21 16:51:22,2268,78.84,0.08,100.0,16.24,True,False,20.0,NORMAL
2026-08-21 16:51:23,2269,78.95,0.07,99.89,15.37,True,False,20.0,NORMAL
2026-08-21 16:51:24,2270,79.0,0.08,99.78,14.63,True,True,20.0,NORMAL
2026-08-21 16:51:25,2271,78.98,0.07,100.0,15.93,True,False,20.0,NORMAL
2026-08-21 16:51:26,2272,79.0,0.08,99.9,14.7,True,True,20.0,NORMAL
2026-08-21 16:51:27,2273,78.95,0.08,100.0,15.92,True,False,20.0,NORMAL
2026-08-21 16:51:28,2274,78.91,0.1,99.9,15.03,True,False,20.0,NORMAL
2026-08-21 16:51:29,2275,78.77,0.11,99.78,14.27,True,True,20.0,NORMAL
2026-08-21 16:51:30,2276,78.62,0.13,100.0,15.7,True,False,20.0,NORMAL
2026-08-21 16:51:32,2277,78.58,0.11,99.9,15.0,True,False,20.0,NORMAL
2026-08-21 16:51:33,2278,78.72,0.14,99.84,14.28,True,True,20.0,NORMAL
2026-08-21 16:51:34,2279,78.86,0.13,100.0,15.41,True,False,20.0,NORMAL
2026-08-21 16:51:35,2280,78.72,0.15,99.86,14.37,True,True,20.0,NORMAL
2026-08-21 16:51:36,2281,78.79,0.14,100.0,15.87,True,False,20.0,NORMAL
2026-08-21 16:51:37,2282,78.74,0.15,99.91,14.74,True,True,20.0,NORMAL
2026-08-21 16:51:38,2283,78.86,0.15,100.0,15.9,True,False,20.0,NORMAL
2026-08-21 16:51:39,2284,78.98,0.17,99.94,14.81,True,True,20.0,NORMAL
2026-08-21 16:51:40,2285,79.05,0.14,100.0,16.04,True,False,20.0,NORMAL
2026-08-21 16:51:41,2286,79.04,0.13,99.85,15.09,True,False,20.0,NORMAL
2026-08-21 16:51:42,2287,79.0,0.13,99.76,14.17,True,True,20.0,NORMAL
2026-08-21 16:51:43,2288,78.92,0.13,100.0,15.83,True,False,20.0,NORMAL
2026-08-21 16:51:45,2289,78.87,0.13,99.93,14.79,True,True,20.0,NORMAL
2026-08-21 16:51:46,2290,78.98,0.14,100.0,15.97,True,False,20.0,NORMAL
2026-08-21 16:51:47,2291,78.9,0.14,99.93,14.65,True,True,20.0,NORMAL
2026-08-21 16:51:48,2292,79.0,0.12,100.0,16.08,True,False,20.0,NORMAL
2026-08-21 16:51:49,2293,78.89,0.12,99.94,14.91,True,True,20.0,NORMAL
2026-08-21 16:51:50,2294,78.9,0.12,100.0,16.14,True,False,20.0,NORMAL
2026-08-21 16:51:51,2295,78.76,0.12,99.89,15.34,True,False,20.0,NORMAL
2026-08-21 16:51:52,2296,78.7,0.14,99.83,14.4,True,True,20.0,NORMAL
2026-08-21 16:51:53,2297,78.82,0.12,100.0,16.05,True,False,20.0,NORMAL
2026-08-21 16:51:54,2298,78.84,0.1,99.86,15.01,True,False,20.0,NORMAL
2026-08-21 16:51:55,2299,78.76,0.1,99.76,14.26,True,True,20.0,NORMAL
2026-08-21 16:51:56,2300,78.8,0.1,100.0,15.87,True,False,20.0,NORMAL
2026-08-21 16:51:58,2301,78.79,0.1,99.9,15.11,True,False,20.0,NORMAL
2026-08-21 16:51:59,2302,78.84,0.12,99.77,14.09,True,True,20.0,NORMAL
2026-08-21 16:52:00,2303,78.92,0.1,100.0,15.5,True,False,20.0,NORMAL
2026-08-21 16:52:01,2304,78.9,0.08,99.9,14.21,True,True,20.0,NORMAL
2026-08-21 16:52:02,2305,78.82,0.07,100.0,15.82,True,False,20.0,NORMAL
2026-08-21 16:52:03,2306,78.77,0.08,99.89,14.52,True,True,20.0,NORMAL
2026-08-21 16:52:04,2307,78.66,0.11,100.0,15.98,True,False,20.0,NORMAL
2026-08-21 16:52:05,2308,78.63,0.09,99.87,15.2,True,False,20.0,NORMAL
2026-08-21 16:52:06,2309,78.7,0.11,99.73,14.22,True,True,20.0,NORMAL
2026-08-21 16:52:07,2310,78.66,0.14,99.98,15.46,True,False,20.0,NORMAL
2026-08-21 16:52:08,2311,78.76,0.14,99.89,14.45,True,True,20.0,NORMAL
2026-08-21 16:52:10,2312,78.75,0.12,100.0,15.99,True,False,20.0,NORMAL
2026-08-21 16:52:11,2313,78.82,0.12,99.93,14.99,True,True,20.0,NORMAL
2026-08-21 16:52:12,2314,78.78,0.11,100.0,16.44,True,False,20.0,NORMAL
2026-08-21 16:52:13,2315,78.76,0.12,99.87,15.48,True,False,20.0,NORMAL
2026-08-21 16:52:14,2316,78.83,0.12,99.76,14.51,True,True,20.0,NORMAL
2026-08-21 16:52:15,2317,78.68,0.12,100.0,16.0,True,False,20.0,NORMAL
2026-08-21 16:52:16,2318,78.78,0.11,99.89,14.97,True,True,20.0,NORMAL
2026-08-21 16:52:17,2319,78.64,0.12,100.0,16.38,True,False,20.0,NORMAL
2026-08-21 16:52:18,2320,78.72,0.14,99.91,15.35,True,False,20.0,NORMAL
2026-08-21 16:52:19,2321,78.81,0.13,99.78,14.16,True,True,20.0,NORMAL
2026-08-21 16:52:20,2322,78.71,0.13,100.0,15.56,True,False,20.0,NORMAL
2026-08-21 16:52:21,2323,78.82,0.15,99.91,14.27,True,True,20.0,NORMAL
2026-08-21 16:52:23,2324,78.9,0.13,100.0,15.47,True,False,20.0,NORMAL
2026-08-21 16:52:24,2325,78.91,0.12,99.93,14.63,True,True,20.0,NORMAL
2026-08-21 16:52:25,2326,79.0,0.15,100.0,15.92,True,False,20.0,NORMAL
2026-08-21 16:52:26,2327,79.11,0.16,99.9,14.77,True,True,20.0,NORMAL
2026-08-21 16:52:27,2328,79.09,0.14,100.0,16.06,True,False,20.0,NORMAL
2026-08-21 16:52:28,2329,79.0,0.14,99.89,15.16,True,False,20.0,NORMAL
2026-08-21 16:52:29,2330,79.07,0.14,99.81,13.92,True,True,20.0,NORMAL
2026-08-21 16:52:30,2331,79.13,0.16,100.0,15.48,True,False,20.0,NORMAL
2026-08-21 16:52:31,2332,79.09,0.16,99.93,14.51,True,True,20.0,NORMAL
2026-08-21 16:52:32,2333,79.03,0.15,100.0,16.18,True,False,20.0,NORMAL
2026-08-21 16:52:33,2334,79.0,0.13,99.91,15.31,True,False,20.0,NORMAL
2026-08-21 16:52:35,2335,78.97,0.14,99.83,14.63,True,True,20.0,NORMAL
2026-08-21 16:52:36,2336,78.98,0.13,100.0,16.16,True,False,20.0,NORMAL
2026-08-21 16:52:37,2337,79.09,0.12,99.91,14.84,True,True,20.0,NORMAL
2026-08-21 16:52:38,2338,78.96,0.1,100.0,16.05,True,False,20.0,NORMAL
2026-08-21 16:52:39,2339,78.92,0.12,99.86,15.27,True,False,20.0,NORMAL
2026-08-21 16:52:40,2340,78.83,0.09,99.78,14.43,True,True,20.0,NORMAL
2026-08-21 16:52:41,2341,78.75,0.08,99.98,16.06,True,False,20.0,NORMAL
2026-08-21 16:52:42,2342,78.62,0.09,99.89,14.92,True,True,20.0,NORMAL
2026-08-21 16:52:43,2343,78.67,0.11,100.0,16.49,True,False,20.0,NORMAL
2026-08-21 16:52:44,2344,78.7,0.11,99.86,15.43,True,False,20.0,NORMAL
2026-08-21 16:52:45,2345,78.59,0.14,99.74,14.61,True,True,20.0,NORMAL
2026-08-21 16:52:46,2346,78.53,0.16,99.99,16.17,True,False,20.0,NORMAL
2026-08-21 16:52:47,2347,78.37,0.18,99.9,15.04,True,False,20.0,NORMAL
2026-08-21 16:52:49,2348,78.41,0.19,99.81,13.95,True,True,20.0,NORMAL
2026-08-21 16:52:50,2349,78.26,0.18,100.0,15.53,True,False,20.0,NORMAL
2026-08-21 16:52:51,2350,78.34,0.19,99.93,14.25,True,True,20.0,NORMAL
2026-08-21 16:52:52,2351,78.28,0.19,100.0,15.94,True,False,20.0,NORMAL
2026-08-21 16:52:53,2352,78.33,0.16,99.87,14.63,True,True,20.0,NORMAL
2026-08-21 16:52:54,2353,78.31,0.13,100.0,16.12,True,False,20.0,NORMAL
2026-08-21 16:52:55,2354,78.22,0.1,99.91,15.26,True,False,20.0,NORMAL
2026-08-21 16:52:56,2355,78.21,0.07,99.79,14.56,True,True,20.0,NORMAL
2026-08-21 16:52:57,2356,78.12,0.05,100.0,15.83,True,False,20.0,NORMAL
2026-08-21 16:52:58,2357,78.2,0.04,99.9,14.68,True,True,20.0,NORMAL
2026-08-21 16:52:59,2358,78.13,0.02,100.0,16.34,True,False,20.0,NORMAL
2026-08-21 16:53:01,2359,78.19,0.06,99.94,15.03,True,False,20.0,NORMAL
2026-08-21 16:53:02,2360,78.16,0.07,99.85,13.96,True,True,20.0,NORMAL
2026-08-21 16:53:03,2361,78.16,0.06,100.0,15.52,True,False,20.0,NORMAL
2026-08-21 16:53:04,2362,78.26,0.07,99.93,14.52,True,True,20.0,NORMAL
2026-08-21 16:53:05,2363,78.35,0.07,100.0,16.11,True,False,20.0,NORMAL
2026-08-21 16:53:06,2364,78.35,0.07,99.86,15.0,True,False,20.0,NORMAL
2026-08-21 16:53:07,2365,78.45,0.09,99.75,14.14,True,True,20.0,NORMAL
2026-08-21 16:53:08,2366,78.48,0.11,100.0,15.51,True,False,20.0,NORMAL
2026-08-21 16:53:09,2367,78.34,0.12,99.91,14.49,True,True,20.0,NORMAL
2026-08-21 16:53:10,2368,78.34,0.13,100.0,15.75,True,False,20.0,NORMAL
2026-08-21 16:53:11,2369,78.44,0.12,99.9,14.5,True,True,20.0,NORMAL
2026-08-21 16:53:12,2370,78.58,0.09,100.0,15.61,True,False,20.0,NORMAL
2026-08-21 16:53:14,2371,78.69,0.1,99.91,14.39,True,True,20.0,NORMAL
2026-08-21 16:53:15,2372,78.74,0.12,100.0,16.06,True,False,20.0,NORMAL
2026-08-21 16:53:16,2373,78.72,0.15,99.94,15.26,True,False,20.0,NORMAL
2026-08-21 16:53:17,2374,78.81,0.16,99.81,14.4,True,True,20.0,NORMAL
2026-08-21 16:53:18,2375,78.76,0.15,100.0,15.99,True,False,20.0,NORMAL
2026-08-21 16:53:19,2376,78.63,0.15,99.89,15.26,True,False,20.0,NORMAL
2026-08-21 16:53:20,2377,78.69,0.14,99.77,14.34,True,True,20.0,NORMAL
2026-08-21 16:53:21,2378,78.82,0.14,99.99,15.65,True,False,20.0,NORMAL
2026-08-21 16:53:22,2379,78.88,0.16,99.93,14.46,True,True,20.0,NORMAL
2026-08-21 16:53:23,2380,78.79,0.14,100.0,15.96,True,False,20.0,NORMAL
2026-08-21 16:53:24,2381,78.7,0.11,99.88,14.69,True,True,20.0,NORMAL
2026-08-21 16:53:25,2382,78.69,0.12,100.0,16.02,True,False,20.0,NORMAL
2026-08-21 16:53:27,2383,78.58,0.12,99.88,15.16,True,False,20.0,NORMAL
2026-08-21 16:53:28,2384,78.66,0.13,99.75,14.28,True,True,20.0,NORMAL
2026-08-21 16:53:29,2385,78.6,0.12,100.0,15.87,True,False,20.0,NORMAL
2026-08-21 16:53:30,2386,78.5,0.13,99.89,14.93,True,True,20.0,NORMAL
2026-08-21 16:53:31,2387,78.38,0.13,100.0,16.56,True,False,20.0,NORMAL
2026-08-21 16:53:32,2388,78.3,0.1,99.94,15.23,True,False,20.0,NORMAL
2026-08-21 16:53:33,2389,78.38,0.1,99.82,14.11,True,True,20.0,NORMAL
2026-08-21 16:53:34,2390,78.41,0.07,100.0,15.65,True,False,20.0,NORMAL
2026-08-21 16:53:35,2391,78.33,0.09,99.9,14.9,True,True,20.0,NORMAL
2026-08-21 16:53:36,2392,78.23,0.09,100.0,16.44,True,False,20.0,NORMAL
2026-08-21 16:53:37,2393,78.23,0.09,99.86,15.31,True,False,20.0,NORMAL
2026-08-21 16:53:38,2394,78.35,0.09,99.72,14.29,True,True,20.0,NORMAL
2026-08-21 16:53:40,2395,78.5,0.09,99.99,15.95,True,False,20.0,NORMAL
2026-08-21 16:53:41,2396,78.49,0.09,99.91,14.76,True,True,20.0,NORMAL
2026-08-21 16:53:42,2397,78.51,0.11,100.0,15.87,True,False,20.0,NORMAL
2026-08-21 16:53:43,2398,78.58,0.09,99.85,15.09,True,False,20.0,NORMAL
2026-08-21 16:53:44,2399,78.53,0.12,99.73,13.95,True,True,20.0,NORMAL
2026-08-21 16:53:45,2400,78.47,0.13,100.0,15.3,True,False,20.0,NORMAL
2026-08-21 16:53:46,2401,78.38,0.12,99.88,14.58,True,True,20.0,NORMAL
2026-08-21 16:53:47,2402,78.29,0.13,100.0,15.99,True,False,20.0,NORMAL
2026-08-21 16:53:48,2403,78.18,0.12,99.85,15.25,True,False,20.0,NORMAL
2026-08-21 16:53:49,2404,78.18,0.15,99.73,14.21,True,True,20.0,NORMAL
2026-08-21 16:53:50,2405,78.08,0.12,100.0,15.48,True,False,20.0,NORMAL
2026-08-21 16:53:51,2406,78.01,0.12,99.87,14.39,True,True,20.0,NORMAL
2026-08-21 16:53:53,2407,78.0,0.14,100.0,15.63,True,False,20.0,NORMAL
2026-08-21 16:53:54,2408,77.89,0.1,99.93,14.39,True,True,20.0,NORMAL
2026-08-21 16:53:55,2409,77.89,0.09,100.0,15.64,True,False,20.0,NORMAL
2026-08-21 16:53:56,2410,77.9,0.1,99.86,14.5,True,True,20.0,NORMAL
2026-08-21 16:53:57,2411,78.02,0.1,100.0,16.07,True,False,20.0,NORMAL
2026-08-21 16:53:58,2412,77.97,0.11,99.94,15.15,True,False,20.0,NORMAL
2026-08-21 16:53:59,2413,78.1,0.09,99.85,14.24,True,True,20.0,NORMAL
2026-08-21 16:54:00,2414,78.17,0.08,100.0,15.61,True,False,20.0,NORMAL
2026-08-21 16:54:01,2415,78.05,0.09,99.93,14.4,True,True,20.0,NORMAL
2026-08-21 16:54:02,2416,77.93,0.1,100.0,15.81,True,False,20.0,NORMAL
2026-08-21 16:54:03,2417,78.01,0.12,99.95,14.97,True,True,20.0,NORMAL
2026-08-21 16:54:04,2418,78.04,0.1,100.0,16.46,True,False,20.0,NORMAL
2026-08-21 16:54:06,2419,77.92,0.1,99.92,15.22,True,False,20.0,NORMAL
2026-08-21 16:54:07,2420,78.04,0.1,99.87,14.32,True,True,20.0,NORMAL
2026-08-21 16:54:08,2421,77.9,0.08,100.0,15.87,True,False,20.0,NORMAL
2026-08-21 16:54:09,2422,77.86,0.11,99.91,15.03,True,False,20.0,NORMAL
2026-08-21 16:54:10,2423,77.8,0.1,99.84,13.93,True,True,20.0,NORMAL
2026-08-21 16:54:11,2424,77.78,0.1,100.0,15.23,True,False,20.0,NORMAL
2026-08-21 16:54:12,2425,77.7,0.1,99.85,14.47,True,True,20.0,NORMAL
2026-08-21 16:54:13,2426,77.57,0.07,100.0,16.06,True,False,20.0,NORMAL
2026-08-21 16:54:14,2427,77.47,0.06,99.89,15.26,True,False,20.0,NORMAL
2026-08-21 16:54:15,2428,77.46,0.09,99.83,14.23,True,True,20.0,NORMAL
2026-08-21 16:54:16,2429,77.45,0.1,100.0,15.54,True,False,20.0,NORMAL
2026-08-21 16:54:17,2430,77.42,0.08,99.85,14.44,True,True,20.0,NORMAL
2026-08-21 16:54:19,2431,77.48,0.08,100.0,16.09,True,False,20.0,NORMAL
2026-08-21 16:54:20,2432,77.54,0.1,99.89,15.33,True,False,20.0,NORMAL
2026-08-21 16:54:21,2433,77.51,0.09,99.83,14.51,True,True,20.0,NORMAL
2026-08-21 16:54:22,2434,77.45,0.08,100.0,15.97,True,False,20.0,NORMAL
2026-08-21 16:54:23,2435,77.59,0.09,99.95,14.93,True,True,20.0,NORMAL
2026-08-21 16:54:24,2436,77.47,0.09,100.0,16.1,True,False,20.0,NORMAL
2026-08-21 16:54:25,2437,77.39,0.12,99.92,15.18,True,False,20.0,NORMAL
2026-08-21 16:54:26,2438,77.28,0.09,99.82,13.95,True,True,20.0,NORMAL
2026-08-21 16:54:27,2439,77.26,0.1,100.0,15.27,True,False,20.0,NORMAL
2026-08-21 16:54:28,2440,77.34,0.07,99.93,14.27,True,True,20.0,NORMAL
2026-08-21 16:54:29,2441,77.49,0.06,100.0,15.9,True,False,20.0,NORMAL
2026-08-21 16:54:30,2442,77.39,0.06,99.88,14.71,True,True,20.0,NORMAL
2026-08-21 16:54:32,2443,77.28,0.04,100.0,15.99,True,False,20.0,NORMAL
2026-08-21 16:54:33,2444,77.42,0.02,99.86,15.07,True,False,20.0,NORMAL
2026-08-21 16:54:34,2445,77.29,0.01,99.77,14.3,True,True,20.0,NORMAL
2026-08-21 16:54:35,2446,77.33,0.04,100.0,15.96,True,False,20.0,NORMAL
2026-08-21 16:54:36,2447,77.34,0.01,99.9,15.1,True,False,20.0,NORMAL
2026-08-21 16:54:37,2448,77.48,0.05,99.77,13.9,True,True,20.0,NORMAL
2026-08-21 16:54:38,2449,77.55,0.03,100.0,15.4,True,False,20.0,NORMAL
2026-08-21 16:54:39,2450,77.69,0.04,99.88,14.36,True,True,20.0,NORMAL
2026-08-21 16:54:40,2451,77.78,0.03,100.0,15.72,True,False,20.0,NORMAL
2026-08-21 16:54:41,2452,77.73,0.06,99.93,14.47,True,True,20.0,NORMAL
2026-08-21 16:54:42,2453,77.67,0.08,100.0,15.96,True,False,20.0,NORMAL
2026-08-21 16:54:44,2454,77.8,0.08,99.88,14.81,True,True,20.0,NORMAL
2026-08-21 16:54:45,2455,77.88,0.08,100.0,16.25,True,False,20.0,NORMAL
2026-08-21 16:54:46,2456,77.8,0.08,99.91,15.46,True,False,20.0,NORMAL
2026-08-21 16:54:47,2457,77.88,0.09,99.84,14.46,True,True,20.0,NORMAL
2026-08-21 16:54:48,2458,77.83,0.08,100.0,16.01,True,False,20.0,NORMAL
2026-08-21 16:54:49,2459,77.97,0.1,99.9,14.91,True,True,20.0,NORMAL
2026-08-21 16:54:50,2460,77.91,0.13,100.0,16.13,True,False,20.0,NORMAL
2026-08-21 16:54:51,2461,77.92,0.14,99.93,15.31,True,False,20.0,NORMAL
2026-08-21 16:54:52,2462,78.01,0.11,99.86,14.38,True,True,20.0,NORMAL
2026-08-21 16:54:53,2463,78.14,0.09,100.0,16.01,True,False,20.0,NORMAL
2026-08-21 16:54:54,2464,78.04,0.1,99.89,15.19,True,False,20.0,NORMAL
2026-08-21 16:54:55,2465,77.94,0.11,99.78,14.2,True,True,20.0,NORMAL
2026-08-21 16:54:56,2466,77.84,0.11,100.0,15.68,True,False,20.0,NORMAL
2026-08-21 16:54:58,2467,77.99,0.09,99.92,14.56,True,True,20.0,NORMAL
2026-08-21 16:54:59,2468,78.09,0.07,100.0,16.07,True,False,20.0,NORMAL
2026-08-21 16:55:00,2469,78.07,0.09,99.95,15.23,True,False,20.0,NORMAL
2026-08-21 16:55:01,2470,78.19,0.09,99.86,14.54,True,True,20.0,NORMAL
2026-08-21 16:55:02,2471,78.23,0.11,100.0,16.07,True,False,20.0,NORMAL
2026-08-21 16:55:03,2472,78.27,0.14,99.88,14.79,True,True,20.0,NORMAL
2026-08-21 16:55:04,2473,78.42,0.15,100.0,15.89,True,False,20.0,NORMAL
2026-08-21 16:55:05,2474,78.39,0.13,99.93,14.64,True,True,20.0,NORMAL
2026-08-21 16:55:06,2475,78.35,0.1,100.0,16.27,True,False,20.0,NORMAL
2026-08-21 16:55:07,2476,78.34,0.12,99.89,15.52,True,False,20.0,NORMAL
2026-08-21 16:55:08,2477,78.28,0.14,99.76,14.6,True,True,20.0,NORMAL
2026-08-21 16:55:10,2478,78.34,0.14,99.97,15.71,True,False,20.0,NORMAL
2026-08-21 16:55:11,2479,78.42,0.13,99.91,14.83,True,True,20.0,NORMAL
2026-08-21 16:55:12,2480,78.47,0.13,100.0,16.49,True,False,20.0,NORMAL
2026-08-21 16:55:13,2481,78.45,0.13,99.92,15.42,True,False,20.0,NORMAL
2026-08-21 16:55:14,2482,78.39,0.14,99.86,14.7,True,True,20.0,NORMAL
2026-08-21 16:55:15,2483,78.35,0.11,100.0,16.38,True,False,20.0,NORMAL
2026-08-21 16:55:16,2484,78.21,0.1,99.9,15.35,True,False,20.0,NORMAL
2026-08-21 16:55:17,2485,78.2,0.09,99.81,14.58,True,True,20.0,NORMAL
2026-08-21 16:55:18,2486,78.16,0.09,100.0,16.25,True,False,20.0,NORMAL
2026-08-21 16:55:19,2487,78.1,0.09,99.9,15.26,True,False,20.0,NORMAL
2026-08-21 16:55:20,2488,77.99,0.1,99.84,14.25,True,True,20.0,NORMAL
2026-08-21 16:55:22,2489,78.06,0.1,100.0,15.38,True,False,20.0,NORMAL
2026-08-21 16:55:23,2490,77.94,0.07,99.92,14.31,True,True,20.0,NORMAL
2026-08-21 16:55:24,2491,77.83,0.09,100.0,15.45,True,False,20.0,NORMAL
2026-08-21 16:55:25,2492,77.92,0.09,99.86,14.33,True,True,20.0,NORMAL
2026-08-21 16:55:26,2493,77.9,0.07,100.0,15.7,True,False,20.0,NORMAL
2026-08-21 16:55:27,2494,77.88,0.06,99.9,14.52,True,True,20.0,NORMAL
2026-08-21 16:55:28,2495,78.0,0.07,100.0,15.78,True,False,20.0,NORMAL
2026-08-21 16:55:29,2496,78.06,0.1,99.93,14.81,True,True,20.0,NORMAL
2026-08-21 16:55:30,2497,78.13,0.09,100.0,16.01,True,False,20.0,NORMAL
2026-08-21 16:55:31,2498,78.14,0.08,99.93,15.24,True,False,20.0,NORMAL
2026-08-21 16:55:32,2499,78.03,0.07,99.8,14.25,True,True,20.0,NORMAL
2026-08-21 16:55:33,2500,78.04,0.09,100.0,15.73,True,False,20.0,NORMAL
2026-08-21 16:55:35,2501,78.0,0.11,99.92,14.67,True,True,20.0,NORMAL
2026-08-21 16:55:36,2502,78.12,0.08,100.0,16.22,True,False,20.0,NORMAL
2026-08-21 16:55:37,2503,77.97,0.1,99.92,15.4,True,False,20.0,NORMAL
2026-08-21 16:55:38,2504,78.08,0.12,99.85,14.2,True,True,20.0,NORMAL
2026-08-21 16:55:39,2505,78.12,0.1,100.0,15.54,True,False,20.0,NORMAL
2026-08-21 16:55:40,2506,78.19,0.1,99.87,14.63,True,True,20.0,NORMAL
2026-08-21 16:55:41,2507,78.24,0.07,100.0,16.18,True,False,20.0,NORMAL
2026-08-21 16:55:42,2508,78.31,0.07,99.87,14.97,True,True,20.0,NORMAL
2026-08-21 16:55:43,2509,78.25,0.08,100.0,16.22,True,False,20.0,NORMAL
2026-08-21 16:55:44,2510,78.36,0.06,99.86,15.47,True,False,20.0,NORMAL
2026-08-21 16:55:45,2511,78.5,0.09,99.77,14.71,True,True,20.0,NORMAL
2026-08-21 16:55:47,2512,78.48,0.11,100.0,16.23,True,False,20.0,NORMAL
2026-08-21 16:55:48,2513,78.55,0.12,99.92,15.16,True,False,20.0,NORMAL
2026-08-21 16:55:49,2514,78.69,0.14,99.8,14.25,True,True,20.0,NORMAL
2026-08-21 16:55:50,2515,78.69,0.17,100.0,15.87,True,False,20.0,NORMAL
2026-08-21 16:55:51,2516,78.69,0.18,99.86,15.05,True,False,20.0,NORMAL
2026-08-21 16:55:52,2517,78.58,0.16,99.76,13.96,True,True,20.0,NORMAL
2026-08-21 16:55:53,2518,78.66,0.17,100.0,15.1,True,False,20.0,NORMAL
2026-08-21 16:55:54,2519,78.79,0.17,99.85,14.42,True,True,20.0,NORMAL
2026-08-21 16:55:55,2520,78.82,0.18,100.0,15.94,True,False,20.0,NORMAL
2026-08-21 16:55:56,2521,78.93,0.16,99.91,14.71,True,True,20.0,NORMAL
2026-08-21 16:55:58,2522,78.78,0.15,100.0,16.22,True,False,20.0,NORMAL
2026-08-21 16:55:59,2523,78.72,0.14,99.93,15.31,True,False,20.0,NORMAL
2026-08-21 16:56:00,2524,78.72,0.15,99.8,14.18,True,True,20.0,NORMAL
2026-08-21 16:56:01,2525,78.73,0.17,100.0,15.42,True,False,20.0,NORMAL
2026-08-21 16:56:02,2526,78.7,0.17,99.87,14.19,True,True,20.0,NORMAL
2026-08-21 16:56:03,2527,78.68,0.19,100.0,15.71,True,False,20.0,NORMAL
2026-08-21 16:56:04,2528,78.53,0.15,99.92,14.42,True,True,20.0,NORMAL
2026-08-21 16:56:05,2529,78.52,0.17,100.0,16.01,True,False,20.0,NORMAL
2026-08-21 16:56:06,2530,78.64,0.16,99.92,15.18,True,False,20.0,NORMAL
2026-08-21 16:56:07,2531,78.56,0.17,99.84,14.07,True,True,20.0,NORMAL
2026-08-21 16:56:08,2532,78.64,0.17,100.0,15.3,True,False,20.0,NORMAL
2026-08-21 16:56:10,2533,78.63,0.18,99.87,14.25,True,True,20.0,NORMAL
2026-08-21 16:56:11,2534,78.62,0.2,100.0,15.67,True,False,20.0,NORMAL
2026-08-21 16:56:12,2535,78.51,0.22,99.93,14.42,True,True,20.0,NORMAL
2026-08-21 16:56:13,2536,78.38,0.18,100.0,15.86,True,False,20.0,NORMAL
2026-08-21 16:56:14,2537,78.34,0.17,99.88,14.56,True,True,20.0,NORMAL
2026-08-21 16:56:15,2538,78.42,0.14,100.0,16.1,True,False,20.0,NORMAL
2026-08-21 16:56:16,2539,78.46,0.13,99.85,15.1,True,False,20.0,NORMAL
2026-08-21 16:56:17,2540,78.45,0.1,99.76,14.38,True,True,20.0,NORMAL
2026-08-21 16:56:18,2541,78.58,0.11,100.0,15.74,True,False,20.0,NORMAL
2026-08-21 16:56:19,2542,78.62,0.13,99.86,14.76,True,True,20.0,NORMAL
2026-08-21 16:56:20,2543,78.51,0.11,100.0,16.15,True,False,20.0,NORMAL
2026-08-21 16:56:22,2544,78.37,0.11,99.95,15.17,True,False,20.0,NORMAL
2026-08-21 16:56:23,2545,78.29,0.1,99.87,14.26,True,True,20.0,NORMAL
2026-08-21 16:56:24,2546,78.27,0.1,100.0,15.64,True,False,20.0,NORMAL
2026-08-21 16:56:25,2547,78.3,0.11,99.91,14.37,True,True,20.0,NORMAL
2026-08-21 16:56:26,2548,78.26,0.13,100.0,15.88,True,False,20.0,NORMAL
2026-08-21 16:56:27,2549,78.28,0.12,99.9,14.63,True,True,20.0,NORMAL
2026-08-21 16:56:28,2550,78.16,0.14,100.0,16.29,True,False,20.0,NORMAL
2026-08-21 16:56:29,2551,78.14,0.13,99.94,15.13,True,False,20.0,NORMAL
2026-08-21 16:56:30,2552,78.04,0.12,99.86,14.27,True,True,20.0,NORMAL
2026-08-21 16:56:31,2553,78.08,0.1,100.0,15.45,True,False,20.0,NORMAL
2026-08-21 16:56:32,2554,78.14,0.12,99.91,14.42,True,True,20.0,NORMAL
2026-08-21 16:56:33,2555,78.09,0.11,100.0,15.82,True,False,20.0,NORMAL
2026-08-21 16:56:35,2556,78.21,0.12,99.87,14.58,True,True,20.0,NORMAL
2026-08-21 16:56:36,2557,78.1,0.13,100.0,16.21,True,False,20.0,NORMAL
2026-08-21 16:56:37,2558,78.05,0.11,99.88,15.28,True,False,20.0,NORMAL
2026-08-21 16:56:38,2559,77.98,0.12,99.8,14.05,True,True,20.0,NORMAL
2026-08-21 16:56:39,2560,77.88,0.14,100.0,15.68,True,False,20.0,NORMAL
2026-08-21 16:56:40,2561,77.83,0.13,99.93,14.49,True,True,20.0,NORMAL
2026-08-21 16:56:41,2562,77.8,0.12,100.0,15.74,True,False,20.0,NORMAL
2026-08-21 16:56:42,2563,77.67,0.09,99.89,14.63,True,True,20.0,NORMAL
2026-08-21 16:56:43,2564,77.64,0.08,100.0,15.97,True,False,20.0,NORMAL
2026-08-21 16:56:44,2565,77.53,0.09,99.94,14.83,True,True,20.0,NORMAL
2026-08-21 16:56:45,2566,77.43,0.1,100.0,15.95,True,False,20.0,NORMAL
2026-08-21 16:56:46,2567,77.55,0.11,99.87,14.81,True,True,20.0,NORMAL
2026-08-21 16:56:48,2568,77.45,0.13,100.0,15.9,True,False,20.0,NORMAL
2026-08-21 16:56:49,2569,77.39,0.14,99.86,14.88,True,True,20.0,NORMAL
2026-08-21 16:56:50,2570,77.28,0.13,100.0,16.34,True,False,20.0,NORMAL
2026-08-21 16:56:51,2571,77.18,0.14,99.91,15.33,True,False,20.0,NORMAL
2026-08-21 16:56:52,2572,77.23,0.16,99.83,14.14,True,True,20.0,NORMAL
2026-08-21 16:56:53,2573,77.29,0.17,100.0,15.82,True,False,20.0,NORMAL
2026-08-21 16:56:54,2574,77.46,0.14,99.89,14.97,True,True,20.0,NORMAL
2026-08-21 16:56:55,2575,77.48,0.1,100.0,16.3,True,False,20.0,NORMAL
2026-08-21 16:56:56,2576,77.6,0.11,99.94,15.49,True,False,20.0,NORMAL
2026-08-21 16:56:57,2577,77.63,0.12,99.81,14.26,True,True,20.0,NORMAL
2026-08-21 16:56:58,2578,77.69,0.13,100.0,15.5,True,False,20.0,NORMAL
2026-08-21 16:56:59,2579,77.61,0.1,99.93,14.55,True,True,20.0,NORMAL
2026-08-21 16:57:01,2580,77.55,0.11,100.0,16.19,True,False,20.0,NORMAL
2026-08-21 16:57:02,2581,77.69,0.14,99.95,15.4,True,False,20.0,NORMAL
2026-08-21 16:57:03,2582,77.74,0.14,99.82,14.19,True,True,20.0,NORMAL
2026-08-21 16:57:04,2583,77.76,0.13,100.0,15.37,True,False,20.0,NORMAL
2026-08-21 16:57:05,2584,77.84,0.15,99.88,14.62,True,True,20.0,NORMAL
2026-08-21 16:57:06,2585,77.69,0.17,100.0,16.0,True,False,20.0,NORMAL
2026-08-21 16:57:07,2586,77.79,0.13,99.89,14.75,True,True,20.0,NORMAL
2026-08-21 16:57:08,2587,77.66,0.13,100.0,16.22,True,False,20.0,NORMAL
2026-08-21 16:57:09,2588,77.82,0.1,99.85,15.35,True,False,20.0,NORMAL
2026-08-21 16:57:10,2589,77.74,0.1,99.73,14.56,True,True,20.0,NORMAL
2026-08-21 16:57:11,2590,77.71,0.11,99.99,16.07,True,False,20.0,NORMAL
2026-08-21 16:57:12,2591,77.73,0.09,99.92,14.9,True,True,20.0,NORMAL
2026-08-21 16:57:14,2592,77.62,0.09,100.0,16.34,True,False,20.0,NORMAL
2026-08-21 16:57:15,2593,77.53,0.12,99.92,15.18,True,False,20.0,NORMAL
2026-08-21 16:57:16,2594,77.58,0.09,99.83,13.94,True,True,20.0,NORMAL
2026-08-21 16:57:17,2595,77.62,0.11,100.0,15.16,True,False,20.0,NORMAL
2026-08-21 16:57:18,2596,77.62,0.14,99.89,13.9,True,True,20.0,NORMAL
2026-08-21 16:57:19,2597,77.77,0.13,100.0,15.42,True,False,20.0,NORMAL
2026-08-21 16:57:20,2598,77.78,0.1,99.94,14.69,True,True,20.0,NORMAL
2026-08-21 16:57:21,2599,77.78,0.12,100.0,15.89,True,False,20.0,NORMAL
2026-08-21 16:57:22,2600,77.76,0.13,99.93,14.76,True,True,20.0,NORMAL
2026-08-21 16:57:23,2601,77.84,0.11,100.0,16.03,True,False,20.0,NORMAL
2026-08-21 16:57:24,2602,77.89,0.1,99.87,14.89,True,True,20.0,NORMAL
2026-08-21 16:57:25,2603,77.82,0.08,100.0,16.24,True,False,20.0,NORMAL
2026-08-21 16:57:27,2604,77.94,0.09,99.9,14.95,True,True,20.0,NORMAL
2026-08-21 16:57:28,2605,77.9,0.11,100.0,16.23,True,False,20.0,NORMAL
2026-08-21 16:57:29,2606,77.93,0.13,99.87,15.41,True,False,20.0,NORMAL
2026-08-21 16:57:30,2607,78.01,0.12,99.81,14.29,True,True,20.0,NORMAL
2026-08-21 16:57:31,2608,77.95,0.08,100.0,15.74,True,False,20.0,NORMAL
2026-08-21 16:57:32,2609,77.84,0.1,99.89,14.86,True,True,20.0,NORMAL
2026-08-21 16:57:33,2610,77.92,0.08,100.0,16.43,True,False,20.0,NORMAL
2026-08-21 16:57:34,2611,77.98,0.07,99.91,15.16,True,False,20.0,NORMAL
2026-08-21 16:57:35,2612,78.08,0.07,99.77,14.42,True,True,20.0,NORMAL
2026-08-21 16:57:36,2613,78.09,0.07,100.0,15.79,True,False,20.0,NORMAL
2026-08-21 16:57:37,2614,78.17,0.08,99.89,14.61,True,True,20.0,NORMAL
2026-08-21 16:57:38,2615,78.09,0.09,100.0,15.91,True,False,20.0,NORMAL
2026-08-21 16:57:40,2616,78.23,0.1,99.94,15.14,True,False,20.0,NORMAL
2026-08-21 16:57:41,2617,78.36,0.09,99.82,14.38,True,True,20.0,NORMAL
2026-08-21 16:57:42,2618,78.36,0.1,100.0,15.86,True,False,20.0,NORMAL
2026-08-21 16:57:43,2619,78.44,0.08,99.91,14.84,True,True,20.0,NORMAL
2026-08-21 16:57:44,2620,78.59,0.07,100.0,16.09,True,False,20.0,NORMAL
2026-08-21 16:57:45,2621,78.65,0.06,99.85,15.33,True,False,20.0,NORMAL
2026-08-21 16:57:46,2622,78.53,0.06,99.71,14.3,True,True,20.0,NORMAL
2026-08-21 16:57:47,2623,78.53,0.07,100.0,15.63,True,False,20.0,NORMAL
2026-08-21 16:57:48,2624,78.42,0.08,99.92,14.88,True,True,20.0,NORMAL
2026-08-21 16:57:49,2625,78.46,0.05,100.0,16.42,True,False,20.0,NORMAL
2026-08-21 16:57:50,2626,78.44,0.05,99.94,15.28,True,False,20.0,NORMAL
2026-08-21 16:57:51,2627,78.34,0.06,99.87,14.18,True,True,20.0,NORMAL
2026-08-21 16:57:53,2628,78.41,0.06,100.0,15.61,True,False,20.0,NORMAL
2026-08-21 16:57:54,2629,78.33,0.06,99.86,14.54,True,True,20.0,NORMAL
2026-08-21 16:57:55,2630,78.4,0.04,100.0,16.09,True,False,20.0,NORMAL
2026-08-21 16:57:56,2631,78.4,0.04,99.91,15.13,True,False,20.0,NORMAL
2026-08-21 16:57:57,2632,78.27,0.07,99.79,13.93,True,True,20.0,NORMAL
2026-08-21 16:57:58,2633,78.39,0.08,100.0,15.59,True,False,20.0,NORMAL
2026-08-21 16:57:59,2634,78.4,0.11,99.88,14.52,True,True,20.0,NORMAL
2026-08-21 16:58:00,2635,78.44,0.13,100.0,16.05,True,False,20.0,NORMAL
2026-08-21 16:58:01,2636,78.46,0.15,99.87,14.92,True,True,20.0,NORMAL
2026-08-21 16:58:02,2637,78.45,0.16,100.0,16.08,True,False,20.0,NORMAL
2026-08-21 16:58:03,2638,78.49,0.16,99.94,15.21,True,False,20.0,NORMAL
2026-08-21 16:58:05,2639,78.51,0.13,99.83,14.43,True,True,20.0,NORMAL
2026-08-21 16:58:06,2640,78.65,0.12,100.0,16.04,True,False,20.0,NORMAL
2026-08-21 16:58:07,2641,78.51,0.14,99.92,14.96,True,True,20.0,NORMAL
2026-08-21 16:58:08,2642,78.57,0.15,100.0,16.16,True,False,20.0,NORMAL
2026-08-21 16:58:09,2643,78.45,0.17,99.92,15.02,True,False,20.0,NORMAL
2026-08-21 16:58:10,2644,78.57,0.16,99.85,13.91,True,True,20.0,NORMAL
2026-08-21 16:58:11,2645,78.58,0.12,100.0,15.45,True,False,20.0,NORMAL
2026-08-21 16:58:12,2646,78.64,0.12,99.91,14.26,True,True,20.0,NORMAL
2026-08-21 16:58:13,2647,78.53,0.12,100.0,15.56,True,False,20.0,NORMAL
2026-08-21 16:58:14,2648,78.43,0.13,99.89,14.69,True,True,20.0,NORMAL
2026-08-21 16:58:16,2649,78.46,0.13,100.0,15.89,True,False,20.0,NORMAL
2026-08-21 16:58:17,2650,78.41,0.15,99.86,15.13,True,False,20.0,NORMAL
2026-08-21 16:58:18,2651,78.26,0.12,99.79,14.46,True,True,20.0,NORMAL
2026-08-21 16:58:19,2652,78.31,0.1,100.0,15.6,True,False,20.0,NORMAL
2026-08-21 16:58:20,2653,78.28,0.13,99.89,14.47,True,True,20.0,NORMAL
2026-08-21 16:58:21,2654,78.24,0.11,100.0,16.13,True,False,20.0,NORMAL
2026-08-21 16:58:22,2655,78.14,0.09,99.93,15.19,True,False,20.0,NORMAL
2026-08-21 16:58:23,2656,78.22,0.06,99.84,14.0,True,True,20.0,NORMAL
2026-08-21 16:58:24,2657,78.27,0.06,100.0,15.52,True,False,20.0,NORMAL
2026-08-21 16:58:25,2658,78.31,0.06,99.88,14.73,True,True,20.0,NORMAL
2026-08-21 16:58:26,2659,78.32,0.05,100.0,16.12,True,False,20.0,NORMAL
2026-08-21 16:58:28,2660,78.32,0.05,99.88,15.33,True,False,20.0,NORMAL
2026-08-21 16:58:29,2661,78.21,0.05,99.74,14.11,True,True,20.0,NORMAL
2026-08-21 16:58:30,2662,78.32,0.04,99.96,15.33,True,False,20.0,NORMAL
2026-08-21 16:58:31,2663,78.18,0.05,99.89,14.58,True,True,20.0,NORMAL
2026-08-21 16:58:32,2664,78.17,0.04,100.0,15.72,True,False,20.0,NORMAL
2026-08-21 16:58:33,2665,78.26,0.04,99.91,14.97,True,True,20.0,NORMAL
2026-08-21 16:58:34,2666,78.16,0.06,100.0,16.51,True,False,20.0,NORMAL
2026-08-21 16:58:35,2667,78.09,0.07,99.89,15.39,True,False,20.0,NORMAL
2026-08-21 16:58:36,2668,78.17,0.07,99.77,14.3,True,True,20.0,NORMAL
2026-08-21 16:58:37,2669,78.06,0.07,100.0,15.86,True,False,20.0,NORMAL
2026-08-21 16:58:38,2670,78.02,0.08,99.86,14.66,True,True,20.0,NORMAL
2026-08-21 16:58:39,2671,78.05,0.09,100.0,15.87,True,False,20.0,NORMAL
2026-08-21 16:58:41,2672,78.18,0.07,99.87,14.72,True,True,20.0,NORMAL
2026-08-21 16:58:42,2673,78.25,0.08,100.0,16.31,True,False,20.0,NORMAL
2026-08-21 16:58:43,2674,78.35,0.11,99.9,15.29,True,False,20.0,NORMAL
2026-08-21 16:58:44,2675,78.42,0.1,99.79,14.09,True,True,20.0,NORMAL
2026-08-21 16:58:45,2676,78.29,0.11,100.0,15.25,True,False,20.0,NORMAL
2026-08-21 16:58:46,2677,78.24,0.13,99.91,14.41,True,True,20.0,NORMAL
2026-08-21 16:58:47,2678,78.28,0.1,100.0,15.63,True,False,20.0,NORMAL
2026-08-21 16:58:48,2679,78.36,0.12,99.94,14.81,True,True,20.0,NORMAL
2026-08-21 16:58:49,2680,78.42,0.15,100.0,16.09,True,False,20.0,NORMAL
2026-08-21 16:58:50,2681,78.53,0.15,99.88,14.83,True,True,20.0,NORMAL
2026-08-21 16:58:51,2682,78.6,0.17,100.0,16.38,True,False,20.0,NORMAL
2026-08-21 16:58:52,2683,78.54,0.18,99.91,15.37,True,False,20.0,NORMAL
2026-08-21 16:58:54,2684,78.4,0.19,99.86,14.48,True,True,20.0,NORMAL
2026-08-21 16:58:55,2685,78.52,0.22,100.0,15.58,True,False,20.0,NORMAL
2026-08-21 16:58:56,2686,78.58,0.21,99.94,14.79,True,True,20.0,NORMAL
2026-08-21 16:58:57,2687,78.56,0.23,100.0,16.26,True,False,20.0,NORMAL
2026-08-21 16:58:58,2688,78.66,0.22,99.88,14.96,True,True,20.0,NORMAL
2026-08-21 16:58:59,2689,78.56,0.19,100.0,16.18,True,False,20.0,NORMAL
2026-08-21 16:59:00,2690,78.68,0.17,99.94,15.36,True,False,20.0,NORMAL
2026-08-21 16:59:01,2691,78.65,0.19,99.85,14.44,True,True,20.0,NORMAL
2026-08-21 16:59:02,2692,78.68,0.2,100.0,16.14,True,False,20.0,NORMAL
2026-08-21 16:59:03,2693,78.81,0.22,99.92,14.88,True,True,20.0,NORMAL
2026-08-21 16:59:04,2694,78.76,0.21,100.0,16.45,True,False,20.0,NORMAL
2026-08-21 16:59:05,2695,78.78,0.21,99.88,15.23,True,False,20.0,NORMAL
2026-08-21 16:59:07,2696,78.79,0.18,99.8,14.54,True,True,20.0,NORMAL
2026-08-21 16:59:08,2697,78.78,0.2,100.0,15.84,True,False,20.0,NORMAL
2026-08-21 16:59:09,2698,78.87,0.17,99.93,14.9,True,True,20.0,NORMAL
2026-08-21 16:59:10,2699,78.96,0.18,100.0,16.55,True,False,20.0,NORMAL
2026-08-21 16:59:11,2700,79.06,0.2,99.9,15.32,True,False,20.0,NORMAL
2026-08-21 16:59:12,2701,78.96,0.21,99.82,14.52,True,True,20.0,NORMAL
2026-08-21 16:59:13,2702,79.03,0.22,100.0,16.13,True,False,20.0,NORMAL
2026-08-21 16:59:14,2703,79.0,0.24,99.88,15.08,True,False,20.0,NORMAL
2026-08-21 16:59:15,2704,78.86,0.22,99.76,14.25,True,True,20.0,NORMAL
2026-08-21 16:59:16,2705,78.81,0.24,99.98,15.77,True,False,20.0,NORMAL
2026-08-21 16:59:17,2706,78.73,0.24,99.89,14.78,True,True,20.0,NORMAL
2026-08-21 16:59:19,2707,78.74,0.21,100.0,16.37,True,False,20.0,NORMAL
2026-08-21 16:59:20,2708,78.75,0.2,99.92,15.06,True,False,20.0,NORMAL
2026-08-21 16:59:21,2709,78.89,0.2,99.82,13.85,True,True,20.0,NORMAL
2026-08-21 16:59:22,2710,78.77,0.18,100.0,15.51,True,False,20.0,NORMAL
2026-08-21 16:59:23,2711,78.81,0.17,99.86,14.55,True,True,20.0,NORMAL
2026-08-21 16:59:24,2712,78.8,0.16,100.0,16.05,True,False,20.0,NORMAL
2026-08-21 16:59:25,2713,78.87,0.15,99.94,14.93,True,True,20.0,NORMAL
2026-08-21 16:59:26,2714,78.97,0.14,100.0,16.22,True,False,20.0,NORMAL
2026-08-21 16:59:27,2715,78.92,0.14,99.92,15.31,True,False,20.0,NORMAL
2026-08-21 16:59:28,2716,78.94,0.13,99.86,14.46,True,True,20.0,NORMAL
2026-08-21 16:59:29,2717,78.84,0.12,100.0,15.95,True,False,20.0,NORMAL
2026-08-21 16:59:30,2718,78.68,0.1,99.94,14.84,True,True,20.0,NORMAL
2026-08-21 16:59:32,2719,78.8,0.08,100.0,16.48,True,False,20.0,NORMAL
2026-08-21 16:59:33,2720,78.73,0.07,99.91,15.25,True,False,20.0,NORMAL
2026-08-21 16:59:34,2721,78.86,0.1,99.84,14.52,True,True,20.0,NORMAL
2026-08-21 16:59:35,2722,78.85,0.1,100.0,16.14,True,False,20.0,NORMAL
2026-08-21 16:59:36,2723,78.98,0.13,99.88,15.08,True,False,20.0,NORMAL
2026-08-21 16:59:37,2724,79.0,0.1,99.81,13.93,True,True,20.0,NORMAL
2026-08-21 16:59:38,2725,78.93,0.12,100.0,15.48,True,False,20.0,NORMAL
2026-08-21 16:59:39,2726,78.92,0.1,99.9,14.69,True,True,20.0,NORMAL
2026-08-21 16:59:40,2727,79.05,0.08,100.0,15.79,True,False,20.0,NORMAL
2026-08-21 16:59:41,2728,79.13,0.11,99.94,14.68,True,True,20.0,NORMAL
2026-08-21 16:59:42,2729,79.14,0.1,100.0,15.83,True,False,20.0,NORMAL
2026-08-21 16:59:44,2730,79.27,0.09,99.92,14.65,True,True,20.0,NORMAL
2026-08-21 16:59:45,2731,79.27,0.07,100.0,16.14,True,False,20.0,NORMAL
2026-08-21 16:59:46,2732,79.3,0.04,99.86,15.18,True,False,20.0,NORMAL
2026-08-21 16:59:47,2733,79.17,0.03,99.8,14.46,True,True,20.0,NORMAL
2026-08-21 16:59:48,2734,79.17,0.07,100.0,16.02,True,False,20.0,NORMAL
2026-08-21 16:59:49,2735,79.24,0.1,99.86,14.81,True,True,20.0,NORMAL
2026-08-21 16:59:50,2736,79.25,0.11,100.0,16.22,True,False,20.0,NORMAL
2026-08-21 16:59:51,2737,79.26,0.08,99.87,15.32,True,False,20.0,NORMAL
2026-08-21 16:59:52,2738,79.35,0.1,99.78,14.62,True,True,20.0,NORMAL
2026-08-21 16:59:53,2739,79.35,0.1,100.0,15.72,True,False,20.0,NORMAL
2026-08-21 16:59:55,2740,79.24,0.09,99.93,14.56,True,True,20.0,NORMAL
2026-08-21 16:59:56,2741,79.27,0.09,100.0,16.05,True,False,20.0,NORMAL
2026-08-21 16:59:57,2742,79.16,0.07,99.92,15.01,True,False,20.0,NORMAL
2026-08-21 16:59:58,2743,79.0,0.07,99.84,14.18,True,True,20.0,NORMAL
2026-08-21 16:59:59,2744,79.01,0.09,100.0,15.77,True,False,20.0,NORMAL
2026-08-21 17:00:00,2745,78.86,0.1,99.92,14.88,True,True,20.0,NORMAL
2026-08-21 17:00:01,2746,78.81,0.12,100.0,16.55,True,False,20.0,NORMAL
2026-08-21 17:00:02,2747,78.74,0.14,99.92,15.73,True,False,20.0,NORMAL
2026-08-21 17:00:03,2748,78.77,0.15,99.78,14.75,True,True,20.0,NORMAL
2026-08-21 17:00:04,2749,78.64,0.13,100.0,15.87,True,False,20.0,NORMAL
2026-08-21 17:00:05,2750,78.7,0.13,99.95,14.95,True,True,20.0,NORMAL
2026-08-21 17:00:07,2751,78.82,0.11,100.0,16.08,True,False,20.0,NORMAL
2026-08-21 17:00:08,2752,78.77,0.13,99.88,15.11,True,False,20.0,NORMAL
2026-08-21 17:00:09,2753,78.69,0.12,99.83,13.99,True,True,20.0,NORMAL
2026-08-21 17:00:10,2754,78.71,0.11,100.0,15.22,True,False,20.0,NORMAL
2026-08-21 17:00:11,2755,78.66,0.1,99.88,14.52,True,True,20.0,NORMAL
2026-08-21 17:00:12,2756,78.71,0.1,100.0,15.71,True,False,20.0,NORMAL
2026-08-21 17:00:13,2757,78.7,0.11,99.94,14.98,True,True,20.0,NORMAL
2026-08-21 17:00:14,2758,78.59,0.11,100.0,16.18,True,False,20.0,NORMAL
2026-08-21 17:00:15,2759,78.73,0.12,99.88,15.43,True,False,20.0,NORMAL
2026-08-21 17:00:16,2760,78.69,0.09,99.83,14.7,True,True,20.0,NORMAL
2026-08-21 17:00:17,2761,78.64,0.12,100.0,15.99,True,False,20.0,NORMAL
2026-08-21 17:00:19,2762,78.49,0.09,99.92,14.92,True,True,20.0,NORMAL
2026-08-21 17:00:20,2763,78.55,0.06,100.0,16.29,True,False,20.0,NORMAL
2026-08-21 17:00:21,2764,78.51,0.07,99.85,15.07,True,False,20.0,NORMAL
2026-08-21 17:00:22,2765,78.47,0.09,99.8,14.34,True,True,20.0,NORMAL
2026-08-21 17:00:23,2766,78.5,0.09,100.0,15.89,True,False,20.0,NORMAL
2026-08-21 17:00:24,2767,78.54,0.11,99.86,14.95,True,True,20.0,NORMAL
2026-08-21 17:00:25,2768,78.5,0.11,100.0,16.57,True,False,20.0,NORMAL
2026-08-21 17:00:26,2769,78.62,0.08,99.87,15.33,True,False,20.0,NORMAL
2026-08-21 17:00:27,2770,78.49,0.07,99.79,14.16,True,True,20.0,NORMAL
2026-08-21 17:00:28,2771,78.38,0.1,100.0,15.76,True,False,20.0,NORMAL
2026-08-21 17:00:29,2772,78.45,0.07,99.9,14.83,True,True,20.0,NORMAL
2026-08-21 17:00:31,2773,78.56,0.11,100.0,16.24,True,False,20.0,NORMAL
2026-08-21 17:00:32,2774,78.52,0.14,99.9,14.96,True,True,20.0,NORMAL
2026-08-21 17:00:33,2775,78.38,0.11,100.0,16.4,True,False,20.0,NORMAL
2026-08-21 17:00:34,2776,78.35,0.12,99.92,15.26,True,False,20.0,NORMAL
2026-08-21 17:00:35,2777,78.29,0.12,99.81,14.1,True,True,20.0,NORMAL
2026-08-21 17:00:36,2778,78.35,0.14,100.0,15.71,True,False,20.0,NORMAL
2026-08-21 17:00:37,2779,78.42,0.12,99.89,14.53,True,True,20.0,NORMAL
2026-08-21 17:00:38,2780,78.32,0.15,100.0,15.94,True,False,20.0,NORMAL
2026-08-21 17:00:39,2781,78.2,0.14,99.85,15.13,True,False,20.0,NORMAL
2026-08-21 17:00:40,2782,78.34,0.15,99.8,14.43,True,True,20.0,NORMAL
2026-08-21 17:00:41,2783,78.43,0.15,100.0,15.91,True,False,20.0,NORMAL
2026-08-21 17:00:43,2784,78.31,0.16,99.89,15.07,True,False,20.0,NORMAL
2026-08-21 17:00:44,2785,78.45,0.18,99.8,13.9,True,True,20.0,NORMAL
2026-08-21 17:00:45,2786,78.5,0.2,100.0,15.11,True,False,20.0,NORMAL
2026-08-21 17:00:46,2787,78.45,0.22,99.91,14.11,True,True,20.0,NORMAL
2026-08-21 17:00:47,2788,78.32,0.23,100.0,15.56,True,False,20.0,NORMAL
2026-08-21 17:00:48,2789,78.2,0.22,99.92,14.39,True,True,20.0,NORMAL
2026-08-21 17:00:49,2790,78.11,0.23,100.0,15.64,True,False,20.0,NORMAL
2026-08-21 17:00:50,2791,78.24,0.23,99.92,14.78,True,True,20.0,NORMAL
2026-08-21 17:00:51,2792,78.19,0.21,100.0,16.19,True,False,20.0,NORMAL
2026-08-21 17:00:52,2793,78.06,0.23,99.86,15.31,True,False,20.0,NORMAL
2026-08-21 17:00:53,2794,78.07,0.19,99.73,14.1,True,True,20.0,NORMAL
2026-08-21 17:00:54,2795,78.16,0.17,99.95,15.79,True,False,20.0,NORMAL
2026-08-21 17:00:56,2796,78.11,0.13,99.86,14.8,True,True,20.0,NORMAL
2026-08-21 17:00:57,2797,78.12,0.11,100.0,16.02,True,False,20.0,NORMAL
2026-08-21 17:00:58,2798,78.2,0.1,99.91,14.79,True,True,20.0,NORMAL
2026-08-21 17:00:59,2799,78.18,0.12,100.0,16.28,True,False,20.0,NORMAL
2026-08-21 17:01:00,2800,78.31,0.12,99.91,15.09,True,False,20.0,NORMAL
2026-08-21 17:01:01,2801,78.22,0.12,99.85,13.89,True,True,20.0,NORMAL
2026-08-21 17:01:02,2802,78.09,0.14,100.0,15.15,True,False,20.0,NORMAL
2026-08-21 17:01:03,2803,78.11,0.16,99.89,14.49,True,True,20.0,NORMAL
2026-08-21 17:01:04,2804,78.12,0.13,100.0,16.03,True,False,20.0,NORMAL
2026-08-21 17:01:05,2805,77.99,0.12,99.92,14.88,True,True,20.0,NORMAL
2026-08-21 17:01:06,2806,78.0,0.13,100.0,16.15,True,False,20.0,NORMAL
2026-08-21 17:01:08,2807,78.08,0.1,99.89,15.17,True,False,20.0,NORMAL
2026-08-21 17:01:09,2808,78.05,0.11,99.84,14.26,True,True,20.0,NORMAL
2026-08-21 17:01:10,2809,78.08,0.12,100.0,15.8,True,False,20.0,NORMAL
2026-08-21 17:01:11,2810,78.01,0.13,99.89,14.82,True,True,20.0,NORMAL
2026-08-21 17:01:12,2811,78.0,0.1,100.0,16.03,True,False,20.0,NORMAL
2026-08-21 17:01:13,2812,77.96,0.07,99.92,14.82,True,True,20.0,NORMAL
2026-08-21 17:01:14,2813,78.11,0.09,100.0,16.14,True,False,20.0,NORMAL
2026-08-21 17:01:15,2814,78.06,0.06,99.89,15.28,True,False,20.0,NORMAL
2026-08-21 17:01:16,2815,77.94,0.05,99.8,14.51,True,True,20.0,NORMAL
2026-08-21 17:01:17,2816,77.96,0.07,100.0,16.07,True,False,20.0,NORMAL
2026-08-21 17:01:18,2817,78.02,0.1,99.89,15.16,True,False,20.0,NORMAL
2026-08-21 17:01:20,2818,78.0,0.1,99.76,14.47,True,True,20.0,NORMAL
2026-08-21 17:01:21,2819,78.15,0.07,99.99,15.71,True,False,20.0,NORMAL
2026-08-21 17:01:22,2820,78.1,0.05,99.89,14.7,True,True,20.0,NORMAL
2026-08-21 17:01:23,2821,78.25,0.08,100.0,16.37,True,False,20.0,NORMAL
2026-08-21 17:01:24,2822,78.27,0.05,99.93,15.23,True,False,20.0,NORMAL
2026-08-21 17:01:25,2823,78.18,0.03,99.82,14.0,True,True,20.0,NORMAL
2026-08-21 17:01:26,2824,78.27,0.03,100.0,15.47,True,False,20.0,NORMAL
2026-08-21 17:01:27,2825,78.2,0.06,99.94,14.45,True,True,20.0,NORMAL
2026-08-21 17:01:28,2826,78.22,0.07,100.0,16.06,True,False,20.0,NORMAL
2026-08-21 17:01:29,2827,78.27,0.05,99.86,15.15,True,False,20.0,NORMAL
2026-08-21 17:01:30,2828,78.29,0.07,99.73,14.46,True,True,20.0,NORMAL
2026-08-21 17:01:32,2829,78.33,0.11,99.96,16.05,True,False,20.0,NORMAL
2026-08-21 17:01:33,2830,78.39,0.09,99.86,15.14,True,False,20.0,NORMAL
2026-08-21 17:01:34,2831,78.26,0.06,99.8,13.93,True,True,20.0,NORMAL
2026-08-21 17:01:35,2832,78.35,0.04,100.0,15.32,True,False,20.0,NORMAL
2026-08-21 17:01:36,2833,78.3,0.05,99.93,14.57,True,True,20.0,NORMAL
2026-08-21 17:01:37,2834,78.26,0.08,100.0,15.97,True,False,20.0,NORMAL
2026-08-21 17:01:38,2835,78.34,0.08,99.94,14.9,True,True,20.0,NORMAL
2026-08-21 17:01:39,2836,78.43,0.11,100.0,16.37,True,False,20.0,NORMAL
2026-08-21 17:01:40,2837,78.54,0.13,99.94,15.55,True,False,20.0,NORMAL
2026-08-21 17:01:41,2838,78.46,0.15,99.85,14.46,True,True,20.0,NORMAL
2026-08-21 17:01:42,2839,78.52,0.17,100.0,16.14,True,False,20.0,NORMAL
2026-08-21 17:01:43,2840,78.61,0.15,99.87,15.26,True,False,20.0,NORMAL
2026-08-21 17:01:45,2841,78.57,0.16,99.81,14.18,True,True,20.0,NORMAL
2026-08-21 17:01:46,2842,78.66,0.18,100.0,15.57,True,False,20.0,NORMAL
2026-08-21 17:01:47,2843,78.64,0.19,99.9,14.85,True,True,20.0,NORMAL
2026-08-21 17:01:48,2844,78.72,0.15,100.0,16.26,True,False,20.0,NORMAL
2026-08-21 17:01:49,2845,78.83,0.15,99.88,15.35,True,False,20.0,NORMAL
2026-08-21 17:01:50,2846,78.95,0.14,99.77,14.63,True,True,20.0,NORMAL
2026-08-21 17:01:51,2847,78.98,0.16,100.0,15.94,True,False,20.0,NORMAL
2026-08-21 17:01:52,2848,78.96,0.13,99.9,14.9,True,True,20.0,NORMAL
2026-08-21 17:01:53,2849,78.8,0.14,100.0,16.15,True,False,20.0,NORMAL
2026-08-21 17:01:54,2850,78.76,0.13,99.93,14.95,True,True,20.0,NORMAL
2026-08-21 17:01:55,2851,78.66,0.13,100.0,16.51,True,False,20.0,NORMAL
2026-08-21 17:01:56,2852,78.72,0.14,99.91,15.22,True,False,20.0,NORMAL
2026-08-21 17:01:58,2853,78.57,0.16,99.8,14.47,True,True,20.0,NORMAL
2026-08-21 17:01:59,2854,78.49,0.16,100.0,15.66,True,False,20.0,NORMAL
2026-08-21 17:02:00,2855,78.42,0.13,99.89,14.55,True,True,20.0,NORMAL
2026-08-21 17:02:01,2856,78.33,0.15,100.0,16.13,True,False,20.0,NORMAL
2026-08-21 17:02:02,2857,78.21,0.13,99.86,14.85,True,True,20.0,NORMAL
2026-08-21 17:02:03,2858,78.09,0.13,100.0,15.96,True,False,20.0,NORMAL
2026-08-21 17:02:04,2859,78.0,0.15,99.86,14.99,True,True,20.0,NORMAL
2026-08-21 17:02:05,2860,78.14,0.12,100.0,16.21,True,False,20.0,NORMAL
2026-08-21 17:02:06,2861,78.02,0.13,99.95,15.14,True,False,20.0,NORMAL
2026-08-21 17:02:07,2862,78.02,0.14,99.82,13.93,True,True,20.0,NORMAL
2026-08-21 17:02:08,2863,78.11,0.15,100.0,15.21,True,False,20.0,NORMAL
2026-08-21 17:02:10,2864,78.22,0.18,99.93,14.0,True,True,20.0,NORMAL
2026-08-21 17:02:11,2865,78.1,0.16,100.0,15.64,True,False,20.0,NORMAL
2026-08-21 17:02:12,2866,78.12,0.15,99.92,14.44,True,True,20.0,NORMAL
2026-08-21 17:02:13,2867,78.15,0.17,100.0,15.84,True,False,20.0,NORMAL
2026-08-21 17:02:14,2868,78.27,0.19,99.88,14.78,True,True,20.0,NORMAL
2026-08-21 17:02:15,2869,78.27,0.2,100.0,16.06,True,False,20.0,NORMAL
2026-08-21 17:02:16,2870,78.41,0.2,99.95,14.94,True,True,20.0,NORMAL
2026-08-21 17:02:17,2871,78.32,0.19,100.0,16.21,True,False,20.0,NORMAL
2026-08-21 17:02:18,2872,78.34,0.19,99.94,15.15,True,False,20.0,NORMAL
2026-08-21 17:02:19,2873,78.22,0.18,99.87,13.95,True,True,20.0,NORMAL
2026-08-21 17:02:20,2874,78.2,0.2,100.0,15.46,True,False,20.0,NORMAL
2026-08-21 17:02:22,2875,78.2,0.17,99.86,14.63,True,True,20.0,NORMAL
2026-08-21 17:02:23,2876,78.13,0.16,100.0,15.78,True,False,20.0,NORMAL
2026-08-21 17:02:24,2877,78.25,0.16,99.95,14.52,True,True,20.0,NORMAL
2026-08-21 17:02:25,2878,78.29,0.14,100.0,15.83,True,False,20.0,NORMAL
2026-08-21 17:02:26,2879,78.44,0.13,99.86,15.02,True,False,20.0,NORMAL
2026-08-21 17:02:27,2880,78.41,0.13,99.71,14.13,True,True,20.0,NORMAL
2026-08-21 17:02:28,2881,78.53,0.15,99.98,15.58,True,False,20.0,NORMAL
2026-08-21 17:02:29,2882,78.61,0.11,99.87,14.7,True,True,20.0,NORMAL
2026-08-21 17:02:30,2883,78.51,0.11,100.0,16.0,True,False,20.0,NORMAL
2026-08-21 17:02:31,2884,78.56,0.11,99.85,15.07,True,False,20.0,NORMAL
2026-08-21 17:02:32,2885,78.49,0.1,99.73,13.87,True,True,20.0,NORMAL
2026-08-21 17:02:34,2886,78.45,0.11,99.99,15.06,True,False,20.0,NORMAL
2026-08-21 17:02:35,2887,78.36,0.12,99.87,13.82,True,True,20.0,NORMAL
2026-08-21 17:02:36,2888,78.27,0.11,100.0,15.05,True,False,20.0,NORMAL
2026-08-21 17:02:37,2889,78.36,0.13,99.89,13.95,True,True,20.0,NORMAL
2026-08-21 17:02:38,2890,78.24,0.12,100.0,15.28,True,False,20.0,NORMAL
2026-08-21 17:02:39,2891,78.29,0.1,99.94,14.21,True,True,20.0,NORMAL
2026-08-21 17:02:40,2892,78.15,0.08,100.0,15.57,True,False,20.0,NORMAL
2026-08-21 17:02:41,2893,78.22,0.07,99.87,14.54,True,True,20.0,NORMAL
2026-08-21 17:02:42,2894,78.21,0.09,100.0,15.71,True,False,20.0,NORMAL
2026-08-21 17:02:43,2895,78.35,0.1,99.93,14.74,True,True,20.0,NORMAL
2026-08-21 17:02:44,2896,78.28,0.07,100.0,16.38,True,False,20.0,NORMAL
2026-08-21 17:02:46,2897,78.19,0.09,99.95,15.47,True,False,20.0,NORMAL
2026-08-21 17:02:47,2898,78.32,0.09,99.85,14.25,True,True,20.0,NORMAL
2026-08-21 17:02:48,2899,78.44,0.09,100.0,15.9,True,False,20.0,NORMAL
2026-08-21 17:02:49,2900,78.53,0.09,99.88,15.1,True,False,20.0,NORMAL
2026-08-21 17:02:50,2901,78.57,0.11,99.74,14.14,True,True,20.0,NORMAL
2026-08-21 17:02:51,2902,78.44,0.09,99.97,15.81,True,False,20.0,NORMAL
2026-08-21 17:02:52,2903,78.34,0.06,99.88,14.52,True,True,20.0,NORMAL
2026-08-21 17:02:53,2904,78.24,0.06,100.0,15.98,True,False,20.0,NORMAL
2026-08-21 17:02:54,2905,78.2,0.04,99.86,15.16,True,False,20.0,NORMAL
2026-08-21 17:02:55,2906,78.28,0.04,99.8,14.38,True,True,20.0,NORMAL
2026-08-21 17:02:56,2907,78.31,0.02,100.0,15.86,True,False,20.0,NORMAL
2026-08-21 17:02:58,2908,78.4,0.03,99.9,14.94,True,True,20.0,NORMAL
2026-08-21 17:02:59,2909,78.47,0.07,100.0,16.48,True,False,20.0,NORMAL
2026-08-21 17:03:00,2910,78.59,0.07,99.94,15.47,True,False,20.0,NORMAL
2026-08-21 17:03:01,2911,78.55,0.1,99.82,14.23,True,True,20.0,NORMAL
2026-08-21 17:03:02,2912,78.6,0.1,100.0,15.93,True,False,20.0,NORMAL
2026-08-21 17:03:03,2913,78.63,0.13,99.9,15.01,True,False,20.0,NORMAL
2026-08-21 17:03:04,2914,78.77,0.13,99.77,14.3,True,True,20.0,NORMAL
2026-08-21 17:03:05,2915,78.8,0.11,100.0,15.56,True,False,20.0,NORMAL
2026-08-21 17:03:06,2916,78.87,0.12,99.85,14.29,True,True,20.0,NORMAL
2026-08-21 17:03:07,2917,78.75,0.11,100.0,15.46,True,False,20.0,NORMAL
2026-08-21 17:03:08,2918,78.81,0.11,99.9,14.44,True,True,20.0,NORMAL
2026-08-21 17:03:10,2919,78.66,0.09,100.0,15.77,True,False,20.0,NORMAL
2026-08-21 17:03:11,2920,78.71,0.12,99.93,15.05,True,False,20.0,NORMAL
2026-08-21 17:03:12,2921,78.57,0.11,99.87,14.36,True,True,20.0,NORMAL
2026-08-21 17:03:13,2922,78.47,0.12,100.0,15.85,True,False,20.0,NORMAL
2026-08-21 17:03:14,2923,78.39,0.12,99.95,15.04,True,False,20.0,NORMAL
2026-08-21 17:03:15,2924,78.4,0.09,99.84,13.93,True,True,20.0,NORMAL
2026-08-21 17:03:16,2925,78.25,0.1,100.0,15.4,True,False,20.0,NORMAL
2026-08-21 17:03:17,2926,78.37,0.1,99.87,14.59,True,True,20.0,NORMAL
2026-08-21 17:03:18,2927,78.4,0.09,100.0,16.17,True,False,20.0,NORMAL
2026-08-21 17:03:19,2928,78.36,0.08,99.95,15.28,True,False,20.0,NORMAL
2026-08-21 17:03:20,2929,78.23,0.09,99.88,14.08,True,True,20.0,NORMAL
2026-08-21 17:03:22,2930,78.26,0.08,100.0,15.74,True,False,20.0,NORMAL
2026-08-21 17:03:23,2931,78.35,0.06,99.87,14.9,True,True,20.0,NORMAL
2026-08-21 17:03:24,2932,78.47,0.03,100.0,16.42,True,False,20.0,NORMAL
2026-08-21 17:03:25,2933,78.35,0.03,99.93,15.37,True,False,20.0,NORMAL
2026-08-21 17:03:26,2934,78.43,0.05,99.8,14.42,True,True,20.0,NORMAL
2026-08-21 17:03:27,2935,78.4,0.06,100.0,15.59,True,False,20.0,NORMAL
2026-08-21 17:03:28,2936,78.53,0.04,99.93,14.85,True,True,20.0,NORMAL
2026-08-21 17:03:29,2937,78.38,0.08,100.0,16.05,True,False,20.0,NORMAL
2026-08-21 17:03:30,2938,78.53,0.08,99.91,15.19,True,False,20.0,NORMAL
2026-08-21 17:03:31,2939,78.45,0.06,99.84,13.94,True,True,20.0,NORMAL
2026-08-21 17:03:33,2940,78.46,0.06,100.0,15.37,True,False,20.0,NORMAL
2026-08-21 17:03:34,2941,78.32,0.04,99.95,14.35,True,True,20.0,NORMAL
2026-08-21 17:03:35,2942,78.33,0.04,100.0,15.99,True,False,20.0,NORMAL
2026-08-21 17:03:36,2943,78.26,0.05,99.86,14.73,True,True,20.0,NORMAL
2026-08-21 17:03:37,2944,78.32,0.03,100.0,16.07,True,False,20.0,NORMAL
2026-08-21 17:03:38,2945,78.2,0.02,99.92,14.79,True,True,20.0,NORMAL
2026-08-21 17:03:39,2946,78.15,0.05,100.0,16.46,True,False,20.0,NORMAL
2026-08-21 17:03:40,2947,78.07,0.07,99.9,15.25,True,False,20.0,NORMAL
2026-08-21 17:03:41,2948,78.18,0.08,99.82,14.51,True,True,20.0,NORMAL
2026-08-21 17:03:42,2949,78.24,0.06,100.0,15.78,True,False,20.0,NORMAL
2026-08-21 17:03:43,2950,78.37,0.06,99.86,14.96,True,True,20.0,NORMAL
2026-08-21 17:03:44,2951,78.44,0.04,100.0,16.15,True,False,20.0,NORMAL
2026-08-21 17:03:46,2952,78.51,0.04,99.93,14.82,True,True,20.0,NORMAL
2026-08-21 17:03:47,2953,78.38,0.05,100.0,16.32,True,False,20.0,NORMAL
2026-08-21 17:03:48,2954,78.35,0.04,99.95,15.38,True,False,20.0,NORMAL
2026-08-21 17:03:49,2955,78.28,0.07,99.87,14.33,True,True,20.0,NORMAL
2026-08-21 17:03:50,2956,78.26,0.04,100.0,15.56,True,False,20.0,NORMAL
2026-08-21 17:03:51,2957,78.38,0.06,99.9,14.61,True,True,20.0,NORMAL
2026-08-21 17:03:52,2958,78.44,0.05,100.0,16.01,True,False,20.0,NORMAL
2026-08-21 17:03:53,2959,78.49,0.04,99.88,14.81,True,True,20.0,NORMAL
2026-08-21 17:03:54,2960,78.48,0.04,100.0,16.37,True,False,20.0,NORMAL
2026-08-21 17:03:55,2961,78.58,0.06,99.9,15.37,True,False,20.0,NORMAL
2026-08-21 17:03:56,2962,78.49,0.07,99.83,14.15,True,True,20.0,NORMAL
2026-08-21 17:03:58,2963,78.56,0.08,100.0,15.6,True,False,20.0,NORMAL
2026-08-21 17:03:59,2964,78.7,0.1,99.93,14.74,True,True,20.0,NORMAL
2026-08-21 17:04:00,2965,78.67,0.08,100.0,16.26,True,False,20.0,NORMAL
2026-08-21 17:04:01,2966,78.54,0.1,99.92,15.43,True,False,20.0,NORMAL
2026-08-21 17:04:02,2967,78.54,0.1,99.8,14.18,True,True,20.0,NORMAL
2026-08-21 17:04:03,2968,78.39,0.09,100.0,15.7,True,False,20.0,NORMAL
2026-08-21 17:04:04,2969,78.49,0.11,99.85,14.97,True,True,20.0,NORMAL
2026-08-21 17:04:05,2970,78.45,0.1,100.0,16.34,True,False,20.0,NORMAL
2026-08-21 17:04:06,2971,78.48,0.08,99.89,15.46,True,False,20.0,NORMAL
2026-08-21 17:04:07,2972,78.33,0.11,99.76,14.5,True,True,20.0,NORMAL
2026-08-21 17:04:08,2973,78.44,0.14,99.99,15.73,True,False,20.0,NORMAL
2026-08-21 17:04:09,2974,78.59,0.16,99.92,14.74,True,True,20.0,NORMAL
2026-08-21 17:04:11,2975,78.49,0.15,100.0,15.94,True,False,20.0,NORMAL
2026-08-21 17:04:12,2976,78.52,0.12,99.89,14.92,True,True,20.0,NORMAL
2026-08-21 17:04:13,2977,78.58,0.11,100.0,16.0,True,False,20.0,NORMAL
2026-08-21 17:04:14,2978,78.57,0.1,99.86,14.78,True,True,20.0,NORMAL
2026-08-21 17:04:15,2979,78.43,0.1,100.0,16.33,True,False,20.0,NORMAL
2026-08-21 17:04:16,2980,78.32,0.07,99.89,15.11,True,False,20.0,NORMAL
2026-08-21 17:04:17,2981,78.35,0.04,99.8,13.95,True,True,20.0,NORMAL
2026-08-21 17:04:18,2982,78.47,0.04,100.0,15.53,True,False,20.0,NORMAL
2026-08-21 17:04:19,2983,78.37,0.03,99.9,14.6,True,True,20.0,NORMAL
2026-08-21 17:04:20,2984,78.51,0.05,100.0,16.02,True,False,20.0,NORMAL
2026-08-21 17:04:21,2985,78.48,0.03,99.94,15.1,True,False,20.0,NORMAL
2026-08-21 17:04:22,2986,78.44,0.06,99.82,14.41,True,True,20.0,NORMAL
2026-08-21 17:04:24,2987,78.48,0.03,100.0,15.69,True,False,20.0,NORMAL
2026-08-21 17:04:25,2988,78.6,0.05,99.86,14.83,True,True,20.0,NORMAL
2026-08-21 17:04:26,2989,78.5,0.06,100.0,16.49,True,False,20.0,NORMAL
2026-08-21 17:04:27,2990,78.37,0.08,99.89,15.13,True,False,20.0,NORMAL
2026-08-21 17:04:28,2991,78.46,0.09,99.77,13.99,True,True,20.0,NORMAL
2026-08-21 17:04:29,2992,78.41,0.07,100.0,15.6,True,False,20.0,NORMAL
2026-08-21 17:04:30,2993,78.49,0.09,99.91,14.38,True,True,20.0,NORMAL
2026-08-21 17:04:31,2994,78.46,0.08,100.0,15.67,True,False,20.0,NORMAL
2026-08-21 17:04:32,2995,78.56,0.11,99.92,14.81,True,True,20.0,NORMAL
2026-08-21 17:04:33,2996,78.65,0.08,100.0,15.94,True,False,20.0,NORMAL
2026-08-21 17:04:34,2997,78.68,0.09,99.95,15.09,True,False,20.0,NORMAL
2026-08-21 17:04:36,2998,78.72,0.1,99.85,14.39,True,True,20.0,NORMAL
2026-08-21 17:04:37,2999,78.77,0.09,100.0,16.05,True,False,20.0,NORMAL
2026-08-21 17:04:38,3000,78.86,0.06,99.88,15.26,True,False,20.0,NORMAL
2026-08-21 17:04:39,3001,78.79,0.09,99.75,14.01,True,True,20.0,NORMAL
2026-08-21 17:04:40,3002,78.72,0.08,100.0,15.19,True,False,20.0,NORMAL
2026-08-21 17:04:41,3003,78.65,0.1,99.88,14.2,True,True,20.0,NORMAL
2026-08-21 17:04:42,3004,78.66,0.12,100.0,15.87,True,False,20.0,NORMAL
2026-08-21 17:04:43,3005,78.8,0.14,99.92,14.84,True,True,20.0,NORMAL
2026-08-21 17:04:44,3006,78.77,0.12,100.0,16.46,True,False,20.0,NORMAL
2026-08-21 17:04:45,3007,78.67,0.14,99.89,15.59,True,False,20.0,NORMAL
2026-08-21 17:04:46,3008,78.75,0.15,99.83,14.66,True,True,20.0,NORMAL
2026-08-21 17:04:48,3009,78.69,0.13,100.0,16.07,True,False,20.0,NORMAL
2026-08-21 17:04:49,3010,78.64,0.12,99.92,15.02,True,False,20.0,NORMAL
2026-08-21 17:04:50,3011,78.62,0.09,99.78,13.91,True,True,20.0,NORMAL
2026-08-21 17:04:51,3012,78.5,0.09,100.0,15.2,True,False,20.0,NORMAL
2026-08-21 17:04:52,3013,78.41,0.1,99.9,13.97,True,True,20.0,NORMAL
2026-08-21 17:04:53,3014,78.42,0.13,100.0,15.27,True,False,20.0,NORMAL
2026-08-21 17:04:54,3015,78.4,0.13,99.92,14.23,True,True,20.0,NORMAL
2026-08-21 17:04:55,3016,78.41,0.11,100.0,15.75,True,False,20.0,NORMAL
2026-08-21 17:04:56,3017,78.52,0.13,99.87,15.01,True,False,20.0,NORMAL
2026-08-21 17:04:57,3018,78.59,0.13,99.77,14.28,True,True,20.0,NORMAL
2026-08-21 17:04:58,3019,78.73,0.12,100.0,15.85,True,False,20.0,NORMAL
2026-08-21 17:05:00,3020,78.7,0.12,99.95,14.58,True,True,20.0,NORMAL
2026-08-21 17:05:01,3021,78.73,0.11,100.0,16.19,True,False,20.0,NORMAL
2026-08-21 17:05:02,3022,78.82,0.13,99.91,15.32,True,False,20.0,NORMAL
2026-08-21 17:05:03,3023,78.68,0.13,99.79,14.23,True,True,20.0,NORMAL
2026-08-21 17:05:04,3024,78.7,0.11,100.0,15.52,True,False,20.0,NORMAL
2026-08-21 17:05:05,3025,78.67,0.11,99.95,14.75,True,True,20.0,NORMAL
2026-08-21 17:05:06,3026,78.71,0.11,100.0,16.37,True,False,20.0,NORMAL
2026-08-21 17:05:07,3027,78.56,0.09,99.9,15.37,True,False,20.0,NORMAL
2026-08-21 17:05:08,3028,78.68,0.07,99.83,14.33,True,True,20.0,NORMAL
2026-08-21 17:05:09,3029,78.83,0.07,100.0,16.04,True,False,20.0,NORMAL
2026-08-21 17:05:10,3030,78.73,0.05,99.92,14.85,True,True,20.0,NORMAL
2026-08-21 17:05:11,3031,78.77,0.05,100.0,16.14,True,False,20.0,NORMAL
2026-08-21 17:05:13,3032,78.72,0.07,99.89,15.36,True,False,20.0,NORMAL
2026-08-21 17:05:14,3033,78.67,0.1,99.83,14.21,True,True,20.0,NORMAL
2026-08-21 17:05:15,3034,78.74,0.08,100.0,15.77,True,False,20.0,NORMAL
2026-08-21 17:05:16,3035,78.71,0.1,99.93,14.71,True,True,20.0,NORMAL
2026-08-21 17:05:17,3036,78.81,0.08,100.0,15.85,True,False,20.0,NORMAL
2026-08-21 17:05:18,3037,78.77,0.07,99.92,14.75,True,True,20.0,NORMAL
2026-08-21 17:05:19,3038,78.82,0.09,100.0,16.19,True,False,20.0,NORMAL
2026-08-21 17:05:20,3039,78.85,0.13,99.94,14.86,True,True,20.0,NORMAL
2026-08-21 17:05:21,3040,78.75,0.14,100.0,16.06,True,False,20.0,NORMAL
2026-08-21 17:05:22,3041,78.85,0.12,99.9,14.74,True,True,20.0,NORMAL
2026-08-21 17:05:23,3042,78.82,0.12,100.0,16.25,True,False,20.0,NORMAL
2026-08-21 17:05:25,3043,78.93,0.09,99.87,15.07,True,False,20.0,NORMAL
2026-08-21 17:05:26,3044,78.88,0.08,99.79,13.91,True,True,20.0,NORMAL
2026-08-21 17:05:27,3045,78.81,0.08,100.0,15.34,True,False,20.0,NORMAL
2026-08-21 17:05:28,3046,78.7,0.1,99.93,14.28,True,True,20.0,NORMAL
2026-08-21 17:05:29,3047,78.78,0.13,100.0,15.78,True,False,20.0,NORMAL
2026-08-21 17:05:30,3048,78.64,0.13,99.88,14.95,True,True,20.0,NORMAL
2026-08-21 17:05:31,3049,78.68,0.15,100.0,16.44,True,False,20.0,NORMAL
2026-08-21 17:05:32,3050,78.57,0.14,99.92,15.6,True,False,20.0,NORMAL
2026-08-21 17:05:33,3051,78.5,0.13,99.77,14.65,True,True,20.0,NORMAL
2026-08-21 17:05:34,3052,78.53,0.13,100.0,15.95,True,False,20.0,NORMAL
2026-08-21 17:05:35,3053,78.51,0.13,99.93,15.19,True,False,20.0,NORMAL
2026-08-21 17:05:37,3054,78.35,0.12,99.82,14.3,True,True,20.0,NORMAL
2026-08-21 17:05:38,3055,78.27,0.1,100.0,15.92,True,False,20.0,NORMAL
2026-08-21 17:05:39,3056,78.3,0.09,99.86,15.17,True,False,20.0,NORMAL
2026-08-21 17:05:40,3057,78.26,0.1,99.72,14.15,True,True,20.0,NORMAL
2026-08-21 17:05:41,3058,78.41,0.1,99.93,15.34,True,False,20.0,NORMAL
2026-08-21 17:05:42,3059,78.45,0.12,99.84,14.27,True,True,20.0,NORMAL
2026-08-21 17:05:43,3060,78.41,0.1,100.0,15.57,True,False,20.0,NORMAL
2026-08-21 17:05:44,3061,78.4,0.07,99.85,14.4,True,True,20.0,NORMAL
2026-08-21 17:05:45,3062,78.45,0.07,100.0,15.91,True,False,20.0,NORMAL
2026-08-21 17:05:46,3063,78.35,0.06,99.93,14.72,True,True,20.0,NORMAL
2026-08-21 17:05:47,3064,78.49,0.06,100.0,15.91,True,False,20.0,NORMAL
2026-08-21 17:05:48,3065,78.34,0.07,99.87,14.9,True,True,20.0,NORMAL
2026-08-21 17:05:50,3066,78.28,0.09,100.0,16.48,True,False,20.0,NORMAL
2026-08-21 17:05:51,3067,78.28,0.12,99.93,15.24,True,False,20.0,NORMAL
2026-08-21 17:05:52,3068,78.26,0.14,99.87,14.29,True,True,20.0,NORMAL
2026-08-21 17:05:53,3069,78.28,0.15,100.0,15.99,True,False,20.0,NORMAL
2026-08-21 17:05:54,3070,78.23,0.17,99.86,15.19,True,False,20.0,NORMAL
2026-08-21 17:05:55,3071,78.23,0.17,99.77,14.5,True,True,20.0,NORMAL
2026-08-21 17:05:56,3072,78.11,0.18,100.0,15.74,True,False,20.0,NORMAL
2026-08-21 17:05:57,3073,78.11,0.2,99.93,14.78,True,True,20.0,NORMAL
2026-08-21 17:05:58,3074,77.97,0.19,100.0,16.12,True,False,20.0,NORMAL
2026-08-21 17:05:59,3075,78.11,0.16,99.87,14.83,True,True,20.0,NORMAL
2026-08-21 17:06:00,3076,78.21,0.16,100.0,15.95,True,False,20.0,NORMAL
2026-08-21 17:06:02,3077,78.2,0.17,99.89,15.04,True,False,20.0,NORMAL
2026-08-21 17:06:03,3078,78.15,0.16,99.81,14.28,True,True,20.0,NORMAL
2026-08-21 17:06:04,3079,78.27,0.13,100.0,15.78,True,False,20.0,NORMAL
2026-08-21 17:06:05,3080,78.18,0.16,99.9,14.7,True,True,20.0,NORMAL
2026-08-21 17:06:06,3081,78.14,0.15,100.0,16.37,True,False,20.0,NORMAL
2026-08-21 17:06:07,3082,78.28,0.17,99.86,15.43,True,False,20.0,NORMAL
2026-08-21 17:06:08,3083,78.16,0.14,99.75,14.5,True,True,20.0,NORMAL
2026-08-21 17:06:09,3084,78.1,0.15,100.0,16.06,True,False,20.0,NORMAL
2026-08-21 17:06:10,3085,78.26,0.17,99.93,15.09,True,False,20.0,NORMAL
2026-08-21 17:06:11,3086,78.35,0.18,99.86,14.15,True,True,20.0,NORMAL
2026-08-21 17:06:12,3087,78.38,0.19,100.0,15.29,True,False,20.0,NORMAL
2026-08-21 17:06:13,3088,78.33,0.21,99.93,14.62,True,True,20.0,NORMAL
2026-08-21 17:06:15,3089,78.28,0.2,100.0,15.88,True,False,20.0,NORMAL
2026-08-21 17:06:16,3090,78.36,0.21,99.85,14.78,True,True,20.0,NORMAL
2026-08-21 17:06:17,3091,78.27,0.21,100.0,16.16,True,False,20.0,NORMAL
2026-08-21 17:06:18,3092,78.3,0.19,99.86,15.01,True,False,20.0,NORMAL
2026-08-21 17:06:19,3093,78.3,0.17,99.73,13.83,True,True,20.0,NORMAL
2026-08-21 17:06:20,3094,78.41,0.17,99.98,15.18,True,False,20.0,NORMAL
2026-08-21 17:06:21,3095,78.52,0.16,99.91,13.96,True,True,20.0,NORMAL
2026-08-21 17:06:22,3096,78.65,0.14,100.0,15.66,True,False,20.0,NORMAL
2026-08-21 17:06:23,3097,78.7,0.14,99.92,14.67,True,True,20.0,NORMAL
2026-08-21 17:06:24,3098,78.81,0.13,100.0,16.18,True,False,20.0,NORMAL
2026-08-21 17:06:25,3099,78.89,0.15,99.88,15.26,True,False,20.0,NORMAL
2026-08-21 17:06:26,3100,78.82,0.15,99.83,14.39,True,True,20.0,NORMAL
2026-08-21 17:06:27,3101,78.77,0.16,100.0,15.87,True,False,20.0,NORMAL
2026-08-21 17:06:29,3102,78.66,0.17,99.86,15.11,True,False,20.0,NORMAL
2026-08-21 17:06:30,3103,78.58,0.15,99.73,14.36,True,True,20.0,NORMAL
2026-08-21 17:06:31,3104,78.68,0.12,100.0,15.61,True,False,20.0,NORMAL
2026-08-21 17:06:32,3105,78.8,0.14,99.92,14.51,True,True,20.0,NORMAL
2026-08-21 17:06:33,3106,78.78,0.15,100.0,15.95,True,False,20.0,NORMAL
2026-08-21 17:06:34,3107,78.81,0.14,99.88,14.83,True,True,20.0,NORMAL
2026-08-21 17:06:35,3108,78.8,0.16,100.0,16.33,True,False,20.0,NORMAL
2026-08-21 17:06:36,3109,78.73,0.15,99.92,15.04,True,False,20.0,NORMAL
2026-08-21 17:06:37,3110,78.8,0.13,99.77,14.03,True,True,20.0,NORMAL
2026-08-21 17:06:38,3111,78.94,0.13,99.99,15.55,True,False,20.0,NORMAL
2026-08-21 17:06:39,3112,78.82,0.13,99.89,14.47,True,True,20.0,NORMAL
2026-08-21 17:06:41,3113,78.93,0.13,100.0,15.81,True,False,20.0,NORMAL
2026-08-21 17:06:42,3114,79.03,0.11,99.92,14.96,True,True,20.0,NORMAL
2026-08-21 17:06:43,3115,79.11,0.13,100.0,16.11,True,False,20.0,NORMAL
2026-08-21 17:06:44,3116,79.09,0.14,99.91,15.0,True,False,20.0,NORMAL
2026-08-21 17:06:45,3117,79.22,0.17,99.78,14.11,True,True,20.0,NORMAL
2026-08-21 17:06:46,3118,79.35,0.17,100.0,15.61,True,False,20.0,NORMAL
2026-08-21 17:06:47,3119,79.44,0.17,99.93,14.8,True,True,20.0,NORMAL
2026-08-21 17:06:48,3120,79.39,0.17,100.0,16.39,True,False,20.0,NORMAL
2026-08-21 17:06:49,3121,79.52,0.18,99.94,15.04,True,False,20.0,NORMAL
2026-08-21 17:06:50,3122,79.49,0.17,99.86,13.82,True,True,20.0,NORMAL
2026-08-21 17:06:52,3123,79.62,0.15,100.0,15.05,True,False,20.0,NORMAL
2026-08-21 17:06:53,3124,79.69,0.17,99.85,13.96,True,True,20.0,NORMAL
2026-08-21 17:06:54,3125,79.79,0.2,100.0,15.46,True,False,20.0,NORMAL
2026-08-21 17:06:55,3126,79.74,0.19,99.88,14.56,True,True,20.0,NORMAL
2026-08-21 17:06:56,3127,79.77,0.21,100.0,15.85,True,False,20.0,NORMAL
2026-08-21 17:06:57,3128,79.71,0.21,99.88,14.98,True,True,20.0,NORMAL
2026-08-21 17:06:58,3129,79.67,0.22,100.0,16.6,True,False,20.0,NORMAL
2026-08-21 17:06:59,3130,79.54,0.22,99.86,15.81,True,False,20.0,NORMAL
2026-08-21 17:07:00,3131,79.56,0.2,99.72,14.96,True,True,20.0,NORMAL
2026-08-21 17:07:01,3132,79.45,0.19,99.93,16.58,True,False,20.0,NORMAL
2026-08-21 17:07:02,3133,79.5,0.17,99.79,15.72,True,False,20.0,NORMAL
2026-08-21 17:07:04,3134,79.46,0.2,99.68,14.95,True,True,20.0,NORMAL
2026-08-21 17:07:05,3135,79.39,0.2,99.96,16.43,True,False,20.0,NORMAL
2026-08-21 17:07:06,3136,79.3,0.18,99.82,15.14,True,False,20.0,NORMAL
2026-08-21 17:07:07,3137,79.32,0.16,99.76,13.93,True,True,20.0,NORMAL
2026-08-21 17:07:08,3138,79.44,0.15,100.0,15.53,True,False,20.0,NORMAL
2026-08-21 17:07:09,3139,79.55,0.13,99.86,14.62,True,True,20.0,NORMAL
2026-08-21 17:07:10,3140,79.58,0.13,100.0,16.07,True,False,20.0,NORMAL
2026-08-21 17:07:11,3141,79.67,0.13,99.94,15.15,True,False,20.0,NORMAL
2026-08-21 17:07:12,3142,79.8,0.1,99.84,14.38,True,True,20.0,NORMAL
2026-08-21 17:07:13,3143,79.7,0.11,100.0,15.8,True,False,20.0,NORMAL
2026-08-21 17:07:14,3144,79.65,0.13,99.91,14.55,True,True,20.0,NORMAL
2026-08-21 17:07:16,3145,79.49,0.16,100.0,16.23,True,False,20.0,NORMAL
2026-08-21 17:07:17,3146,79.43,0.15,99.88,15.26,True,False,20.0,NORMAL
2026-08-21 17:07:18,3147,79.45,0.17,99.76,14.49,True,True,20.0,NORMAL
2026-08-21 17:07:19,3148,79.58,0.2,100.0,16.12,True,False,20.0,NORMAL
2026-08-21 17:07:20,3149,79.68,0.2,99.88,15.09,True,False,20.0,NORMAL
2026-08-21 17:07:21,3150,79.74,0.23,99.78,14.13,True,True,20.0,NORMAL
2026-08-21 17:07:22,3151,79.63,0.25,100.0,15.3,True,False,20.0,NORMAL
2026-08-21 17:07:23,3152,79.54,0.26,99.93,14.43,True,True,20.0,NORMAL
2026-08-21 17:07:24,3153,79.41,0.24,100.0,16.02,True,False,20.0,NORMAL
2026-08-21 17:07:25,3154,79.31,0.22,99.91,15.28,True,False,20.0,NORMAL
2026-08-21 17:07:27,3155,79.23,0.21,99.83,14.08,True,True,20.0,NORMAL
2026-08-21 17:07:28,3156,79.2,0.23,100.0,15.79,True,False,20.0,NORMAL
2026-08-21 17:07:29,3157,79.23,0.2,99.87,14.5,True,True,20.0,NORMAL
2026-08-21 17:07:30,3158,79.22,0.21,100.0,16.1,True,False,20.0,NORMAL
2026-08-21 17:07:31,3159,79.19,0.18,99.95,15.37,True,False,20.0,NORMAL
2026-08-21 17:07:32,3160,79.1,0.17,99.87,14.68,True,True,20.0,NORMAL
2026-08-21 17:07:33,3161,79.02,0.15,100.0,16.17,True,False,20.0,NORMAL
2026-08-21 17:07:34,3162,79.05,0.16,99.89,14.88,True,True,20.0,NORMAL
2026-08-21 17:07:35,3163,79.13,0.16,100.0,16.22,True,False,20.0,NORMAL
2026-08-21 17:07:36,3164,79.02,0.15,99.92,15.14,True,False,20.0,NORMAL
2026-08-21 17:07:37,3165,78.97,0.14,99.78,14.31,True,True,20.0,NORMAL
2026-08-21 17:07:38,3166,78.84,0.16,100.0,15.89,True,False,20.0,NORMAL
2026-08-21 17:07:40,3167,78.85,0.16,99.92,14.65,True,True,20.0,NORMAL
2026-08-21 17:07:41,3168,78.78,0.15,100.0,16.15,True,False,20.0,NORMAL
2026-08-21 17:07:42,3169,78.81,0.13,99.92,15.3,True,False,20.0,NORMAL
2026-08-21 17:07:43,3170,78.81,0.11,99.87,14.34,True,True,20.0,NORMAL
2026-08-21 17:07:44,3171,78.68,0.09,100.0,15.93,True,False,20.0,NORMAL
2026-08-21 17:07:45,3172,78.7,0.07,99.91,14.93,True,True,20.0,NORMAL
2026-08-21 17:07:46,3173,78.8,0.08,100.0,16.39,True,False,20.0,NORMAL
2026-08-21 17:07:47,3174,78.69,0.09,99.88,15.19,True,False,20.0,NORMAL
2026-08-21 17:07:48,3175,78.67,0.11,99.8,14.35,True,True,20.0,NORMAL
2026-08-21 17:07:49,3176,78.6,0.14,100.0,15.53,True,False,20.0,NORMAL
2026-08-21 17:07:51,3177,78.71,0.13,99.88,14.58,True,True,20.0,NORMAL
2026-08-21 17:07:52,3178,78.76,0.11,100.0,15.9,True,False,20.0,NORMAL
2026-08-21 17:07:53,3179,78.82,0.1,99.9,14.77,True,True,20.0,NORMAL
2026-08-21 17:07:54,3180,78.81,0.13,100.0,16.21,True,False,20.0,NORMAL
2026-08-21 17:07:55,3181,78.84,0.14,99.89,14.94,True,True,20.0,NORMAL
2026-08-21 17:07:56,3182,78.92,0.12,100.0,16.14,True,False,20.0,NORMAL
2026-08-21 17:07:57,3183,78.93,0.09,99.92,14.84,True,True,20.0,NORMAL
2026-08-21 17:07:58,3184,78.87,0.1,100.0,16.31,True,False,20.0,NORMAL
2026-08-21 17:07:59,3185,79.0,0.13,99.87,15.48,True,False,20.0,NORMAL
2026-08-21 17:08:00,3186,78.87,0.14,99.8,14.64,True,True,20.0,NORMAL
2026-08-21 17:08:01,3187,78.98,0.13,100.0,15.88,True,False,20.0,NORMAL
2026-08-21 17:08:02,3188,79.0,0.15,99.86,14.66,True,True,20.0,NORMAL
2026-08-21 17:08:04,3189,79.13,0.17,100.0,16.23,True,False,20.0,NORMAL
2026-08-21 17:08:05,3190,79.0,0.18,99.9,15.36,True,False,20.0,NORMAL
2026-08-21 17:08:06,3191,79.13,0.2,99.77,14.44,True,True,20.0,NORMAL
2026-08-21 17:08:07,3192,79.12,0.22,100.0,15.66,True,False,20.0,NORMAL
2026-08-21 17:08:08,3193,79.18,0.24,99.92,14.63,True,True,20.0,NORMAL
2026-08-21 17:08:09,3194,79.23,0.25,100.0,16.28,True,False,20.0,NORMAL
2026-08-21 17:08:10,3195,79.31,0.25,99.89,15.37,True,False,20.0,NORMAL
2026-08-21 17:08:11,3196,79.43,0.26,99.83,14.67,True,True,20.0,NORMAL
2026-08-21 17:08:12,3197,79.52,0.23,100.0,16.35,True,False,20.0,NORMAL
2026-08-21 17:08:13,3198,79.53,0.2,99.86,15.0,True,False,20.0,NORMAL
2026-08-21 17:08:14,3199,79.62,0.23,99.74,14.09,True,True,20.0,NORMAL
2026-08-21 17:08:16,3200,79.58,0.21,100.0,15.33,True,False,20.0,NORMAL
2026-08-21 17:08:17,3201,79.61,0.19,99.88,14.35,True,True,20.0,NORMAL
2026-08-21 17:08:18,3202,79.59,0.2,100.0,15.59,True,False,20.0,NORMAL
2026-08-21 17:08:19,3203,79.49,0.18,99.86,14.79,True,True,20.0,NORMAL
2026-08-21 17:08:20,3204,79.51,0.16,100.0,16.38,True,False,20.0,NORMAL
2026-08-21 17:08:21,3205,79.5,0.19,99.91,15.03,True,False,20.0,NORMAL
2026-08-21 17:08:22,3206,79.45,0.17,99.82,14.23,True,True,20.0,NORMAL
2026-08-21 17:08:23,3207,79.49,0.14,100.0,15.55,True,False,20.0,NORMAL
2026-08-21 17:08:24,3208,79.37,0.16,99.93,14.8,True,True,20.0,NORMAL
2026-08-21 17:08:25,3209,79.37,0.14,100.0,16.03,True,False,20.0,NORMAL
2026-08-21 17:08:26,3210,79.5,0.17,99.87,15.04,True,False,20.0,NORMAL
2026-08-21 17:08:28,3211,79.54,0.18,99.77,14.21,True,True,20.0,NORMAL
2026-08-21 17:08:29,3212,79.53,0.18,100.0,15.51,True,False,20.0,NORMAL
2026-08-21 17:08:30,3213,79.46,0.16,99.86,14.48,True,True,20.0,NORMAL
2026-08-21 17:08:31,3214,79.41,0.18,100.0,15.94,True,False,20.0,NORMAL
2026-08-21 17:08:32,3215,79.46,0.15,99.9,15.03,True,False,20.0,NORMAL
2026-08-21 17:08:33,3216,79.54,0.13,99.81,14.28,True,True,20.0,NORMAL
2026-08-21 17:08:34,3217,79.44,0.15,100.0,15.89,True,False,20.0,NORMAL
2026-08-21 17:08:35,3218,79.54,0.17,99.93,14.62,True,True,20.0,NORMAL
2026-08-21 17:08:36,3219,79.37,0.2,100.0,15.94,True,False,20.0,NORMAL
2026-08-21 17:08:38,3220,79.41,0.21,99.86,14.72,True,True,20.0,NORMAL
2026-08-21 17:08:39,3221,79.42,0.19,100.0,15.89,True,False,20.0,NORMAL
2026-08-21 17:08:40,3222,79.35,0.21,99.94,14.61,True,True,20.0,NORMAL
2026-08-21 17:08:41,3223,79.44,0.22,100.0,16.22,True,False,20.0,NORMAL
2026-08-21 17:08:42,3224,79.4,0.2,99.91,15.43,True,False,20.0,NORMAL
2026-08-21 17:08:43,3225,79.41,0.18,99.79,14.24,True,True,20.0,NORMAL
2026-08-21 17:08:44,3226,79.28,0.16,99.99,15.7,True,False,20.0,NORMAL
2026-08-21 17:08:45,3227,79.18,0.16,99.85,14.96,True,True,20.0,NORMAL
2026-08-21 17:08:46,3228,79.11,0.13,100.0,16.29,True,False,20.0,NORMAL
2026-08-21 17:08:47,3229,79.18,0.13,99.88,15.15,True,False,20.0,NORMAL
2026-08-21 17:08:48,3230,79.07,0.15,99.78,14.02,True,True,20.0,NORMAL
2026-08-21 17:08:50,3231,78.91,0.13,100.0,15.3,True,False,20.0,NORMAL
2026-08-21 17:08:51,3232,78.83,0.11,99.95,14.25,True,True,20.0,NORMAL
2026-08-21 17:08:52,3233,78.7,0.1,100.0,15.5,True,False,20.0,NORMAL
2026-08-21 17:08:53,3234,78.84,0.12,99.92,14.48,True,True,20.0,NORMAL
2026-08-21 17:08:54,3235,78.94,0.1,100.0,15.73,True,False,20.0,NORMAL
2026-08-21 17:08:55,3236,78.87,0.07,99.86,14.89,True,True,20.0,NORMAL
2026-08-21 17:08:56,3237,78.72,0.1,100.0,16.22,True,False,20.0,NORMAL
2026-08-21 17:08:57,3238,78.63,0.08,99.86,15.37,True,False,20.0,NORMAL
2026-08-21 17:08:58,3239,78.56,0.07,99.76,14.48,True,True,20.0,NORMAL
2026-08-21 17:08:59,3240,78.62,0.06,99.99,16.01,True,False,20.0,NORMAL
2026-08-21 17:09:00,3241,78.53,0.09,99.87,14.88,True,True,20.0,NORMAL
2026-08-21 17:09:02,3242,78.55,0.07,100.0,16.08,True,False,20.0,NORMAL
2026-08-21 17:09:03,3243,78.6,0.08,99.92,15.24,True,False,20.0,NORMAL
2026-08-21 17:09:04,3244,78.64,0.06,99.82,14.06,True,True,20.0,NORMAL
2026-08-21 17:09:05,3245,78.68,0.06,100.0,15.61,True,False,20.0,NORMAL
2026-08-21 17:09:06,3246,78.76,0.07,99.87,14.46,True,True,20.0,NORMAL
2026-08-21 17:09:07,3247,78.71,0.07,100.0,16.0,True,False,20.0,NORMAL
2026-08-21 17:09:08,3248,78.59,0.06,99.88,15.08,True,False,20.0,NORMAL
2026-08-21 17:09:09,3249,78.46,0.05,99.81,13.95,True,True,20.0,NORMAL
2026-08-21 17:09:10,3250,78.46,0.04,100.0,15.49,True,False,20.0,NORMAL
2026-08-21 17:09:11,3251,78.59,0.07,99.9,14.24,True,True,20.0,NORMAL
2026-08-21 17:09:13,3252,78.61,0.06,100.0,15.48,True,False,20.0,NORMAL
2026-08-21 17:09:14,3253,78.68,0.08,99.93,14.5,True,True,20.0,NORMAL
2026-08-21 17:09:15,3254,78.54,0.09,100.0,15.68,True,False,20.0,NORMAL
2026-08-21 17:09:16,3255,78.51,0.08,99.92,14.89,True,True,20.0,NORMAL
2026-08-21 17:09:17,3256,78.4,0.09,100.0,16.55,True,False,20.0,NORMAL
2026-08-21 17:09:18,3257,78.27,0.08,99.87,15.74,True,False,20.0,NORMAL
2026-08-21 17:09:19,3258,78.21,0.1,99.8,14.76,True,True,20.0,NORMAL
2026-08-21 17:09:20,3259,78.08,0.1,100.0,16.08,True,False,20.0,NORMAL
2026-08-21 17:09:21,3260,78.05,0.11,99.94,14.76,True,True,20.0,NORMAL
2026-08-21 17:09:22,3261,78.03,0.08,100.0,16.17,True,False,20.0,NORMAL
2026-08-21 17:09:24,3262,78.05,0.07,99.88,15.2,True,False,20.0,NORMAL
2026-08-21 17:09:25,3263,77.96,0.07,99.74,14.4,True,True,20.0,NORMAL
2026-08-21 17:09:26,3264,77.83,0.08,99.97,15.73,True,False,20.0,NORMAL
2026-08-21 17:09:27,3265,77.72,0.07,99.88,14.7,True,True,20.0,NORMAL
2026-08-21 17:09:28,3266,77.71,0.05,100.0,16.36,True,False,20.0,NORMAL
2026-08-21 17:09:29,3267,77.79,0.06,99.87,15.2,True,False,20.0,NORMAL
2026-08-21 17:09:30,3268,77.91,0.05,99.8,14.11,True,True,20.0,NORMAL
2026-08-21 17:09:31,3269,77.91,0.05,100.0,15.74,True,False,20.0,NORMAL
2026-08-21 17:09:32,3270,77.82,0.03,99.87,15.01,True,False,20.0,NORMAL
2026-08-21 17:09:33,3271,77.81,0.04,99.79,14.03,True,True,20.0,NORMAL
2026-08-21 17:09:34,3272,77.95,0.06,100.0,15.21,True,False,20.0,NORMAL
2026-08-21 17:09:35,3273,77.86,0.03,99.91,14.06,True,True,20.0,NORMAL
2026-08-21 17:09:37,3274,77.92,0.01,100.0,15.61,True,False,20.0,NORMAL
2026-08-21 17:09:38,3275,77.95,0.0,99.89,14.9,True,True,20.0,NORMAL
2026-08-21 17:09:39,3276,78.04,0.0,100.0,16.39,True,False,20.0,NORMAL
2026-08-21 17:09:40,3277,78.1,0.02,99.95,15.29,True,False,20.0,NORMAL
2026-08-21 17:09:41,3278,78.24,0.0,99.89,14.23,True,True,20.0,NORMAL
2026-08-21 17:09:42,3279,78.37,0.03,100.0,15.74,True,False,20.0,NORMAL
2026-08-21 17:09:43,3280,78.45,0.04,99.9,14.77,True,True,20.0,NORMAL
2026-08-21 17:09:44,3281,78.54,0.03,100.0,16.44,True,False,20.0,NORMAL
2026-08-21 17:09:45,3282,78.39,0.02,99.94,15.47,True,False,20.0,NORMAL
2026-08-21 17:09:46,3283,78.24,0.01,99.86,14.4,True,True,20.0,NORMAL
2026-08-21 17:09:47,3284,78.25,0.01,100.0,15.94,True,False,20.0,NORMAL
2026-08-21 17:09:48,3285,78.35,0.05,99.88,15.16,True,False,20.0,NORMAL
2026-08-21 17:09:50,3286,78.2,0.06,99.75,14.18,True,True,20.0,NORMAL
2026-08-21 17:09:51,3287,78.27,0.06,100.0,15.83,True,False,20.0,NORMAL
2026-08-21 17:09:52,3288,78.37,0.07,99.95,14.67,True,True,20.0,NORMAL
2026-08-21 17:09:53,3289,78.3,0.06,100.0,15.94,True,False,20.0,NORMAL
2026-08-21 17:09:54,3290,78.31,0.09,99.9,14.85,True,True,20.0,NORMAL
2026-08-21 17:09:55,3291,78.34,0.09,100.0,16.02,True,False,20.0,NORMAL
2026-08-21 17:09:56,3292,78.3,0.08,99.86,15.02,True,False,20.0,NORMAL
2026-08-21 17:09:57,3293,78.3,0.11,99.74,14.36,True,True,20.0,NORMAL
2026-08-21 17:09:58,3294,78.43,0.1,100.0,15.8,True,False,20.0,NORMAL
2026-08-21 17:09:59,3295,78.31,0.11,99.94,14.79,True,True,20.0,NORMAL
2026-08-21 17:10:00,3296,78.19,0.09,100.0,16.32,True,False,20.0,NORMAL
2026-08-21 17:10:01,3297,78.16,0.1,99.91,15.27,True,False,20.0,NORMAL
2026-08-21 17:10:03,3298,78.26,0.11,99.83,14.28,True,True,20.0,NORMAL
2026-08-21 17:10:04,3299,78.26,0.13,100.0,15.86,True,False,20.0,NORMAL
2026-08-21 17:10:05,3300,78.13,0.13,99.95,14.57,True,True,20.0,NORMAL
2026-08-21 17:10:06,3301,78.26,0.13,100.0,15.76,True,False,20.0,NORMAL
2026-08-21 17:10:07,3302,78.31,0.14,99.85,14.49,True,True,20.0,NORMAL
2026-08-21 17:10:08,3303,78.31,0.14,100.0,15.82,True,False,20.0,NORMAL
2026-08-21 17:10:09,3304,78.39,0.16,99.88,14.83,True,True,20.0,NORMAL
2026-08-21 17:10:10,3305,78.42,0.16,100.0,16.27,True,False,20.0,NORMAL
2026-08-21 17:10:11,3306,78.32,0.16,99.86,15.01,True,False,20.0,NORMAL
2026-08-21 17:10:12,3307,78.23,0.16,99.75,14.02,True,True,20.0,NORMAL
2026-08-21 17:10:13,3308,78.17,0.14,99.96,15.5,True,False,20.0,NORMAL
2026-08-21 17:10:14,3309,78.31,0.11,99.87,14.75,True,True,20.0,NORMAL
2026-08-21 17:10:16,3310,78.28,0.11,100.0,16.2,True,False,20.0,NORMAL
2026-08-21 17:10:17,3311,78.21,0.08,99.91,15.1,True,False,20.0,NORMAL
2026-08-21 17:10:18,3312,78.19,0.06,99.8,14.33,True,True,20.0,NORMAL
2026-08-21 17:10:19,3313,78.19,0.04,100.0,15.96,True,False,20.0,NORMAL
2026-08-21 17:10:20,3314,78.23,0.06,99.86,14.8,True,True,20.0,NORMAL
2026-08-21 17:10:21,3315,78.09,0.08,100.0,16.47,True,False,20.0,NORMAL
2026-08-21 17:10:22,3316,78.19,0.06,99.92,15.32,True,False,20.0,NORMAL
2026-08-21 17:10:23,3317,78.08,0.05,99.79,14.3,True,True,20.0,NORMAL
2026-08-21 17:10:24,3318,77.95,0.05,100.0,15.57,True,False,20.0,NORMAL
2026-08-21 17:10:25,3319,78.02,0.07,99.92,14.44,True,True,20.0,NORMAL
2026-08-21 17:10:26,3320,77.98,0.05,100.0,16.1,True,False,20.0,NORMAL
2026-08-21 17:10:27,3321,77.86,0.04,99.89,14.95,True,True,20.0,NORMAL
2026-08-21 17:10:29,3322,77.98,0.07,100.0,16.06,True,False,20.0,NORMAL
2026-08-21 17:10:30,3323,78.13,0.07,99.94,14.9,True,True,20.0,NORMAL
2026-08-21 17:10:31,3324,78.2,0.08,100.0,16.06,True,False,20.0,NORMAL
2026-08-21 17:10:32,3325,78.14,0.05,99.86,15.07,True,False,20.0,NORMAL
2026-08-21 17:10:33,3326,78.04,0.06,99.79,13.86,True,True,20.0,NORMAL
2026-08-21 17:10:34,3327,78.19,0.06,100.0,15.61,True,False,20.0,NORMAL
2026-08-21 17:10:35,3328,78.08,0.08,99.91,14.51,True,True,20.0,NORMAL
2026-08-21 17:10:36,3329,78.04,0.06,100.0,16.09,True,False,20.0,NORMAL
2026-08-21 17:10:37,3330,78.04,0.08,99.9,15.22,True,False,20.0,NORMAL
2026-08-21 17:10:38,3331,78.09,0.08,99.84,14.21,True,True,20.0,NORMAL
2026-08-21 17:10:39,3332,78.16,0.06,100.0,15.57,True,False,20.0,NORMAL
2026-08-21 17:10:41,3333,78.21,0.08,99.95,14.3,True,True,20.0,NORMAL
2026-08-21 17:10:42,3334,78.19,0.05,100.0,15.88,True,False,20.0,NORMAL
2026-08-21 17:10:43,3335,78.07,0.05,99.88,14.94,True,True,20.0,NORMAL
2026-08-21 17:10:44,3336,78.05,0.06,100.0,16.09,True,False,20.0,NORMAL
2026-08-21 17:10:45,3337,77.92,0.09,99.88,15.17,True,False,20.0,NORMAL
2026-08-21 17:10:46,3338,78.01,0.07,99.82,14.42,True,True,20.0,NORMAL
2026-08-21 17:10:47,3339,77.94,0.05,100.0,15.83,True,False,20.0,NORMAL
2026-08-21 17:10:48,3340,77.87,0.05,99.86,14.54,True,True,20.0,NORMAL
2026-08-21 17:10:49,3341,78.01,0.04,100.0,15.68,True,False,20.0,NORMAL
2026-08-21 17:10:50,3342,77.98,0.03,99.85,14.73,True,True,20.0,NORMAL
2026-08-21 17:10:51,3343,77.91,0.03,100.0,15.96,True,False,20.0,NORMAL
2026-08-21 17:10:53,3344,77.96,0.01,99.93,14.94,True,True,20.0,NORMAL
2026-08-21 17:10:54,3345,77.96,0.04,100.0,16.45,True,False,20.0,NORMAL
2026-08-21 17:10:55,3346,78.06,0.03,99.89,15.21,True,False,20.0,NORMAL
2026-08-21 17:10:56,3347,78.11,0.02,99.8,14.14,True,True,20.0,NORMAL
2026-08-21 17:10:57,3348,78.03,0.02,100.0,15.32,True,False,20.0,NORMAL
2026-08-21 17:10:58,3349,77.99,0.06,99.93,14.48,True,True,20.0,NORMAL
2026-08-21 17:10:59,3350,78.08,0.09,100.0,15.74,True,False,20.0,NORMAL
2026-08-21 17:11:00,3351,77.94,0.12,99.87,14.78,True,True,20.0,NORMAL
2026-08-21 17:11:01,3352,77.95,0.1,100.0,16.2,True,False,20.0,NORMAL
2026-08-21 17:11:02,3353,77.94,0.1,99.95,15.2,True,False,20.0,NORMAL
2026-08-21 17:11:04,3354,77.94,0.13,99.86,14.33,True,True,20.0,NORMAL
2026-08-21 17:11:05,3355,77.94,0.11,100.0,15.92,True,False,20.0,NORMAL
2026-08-21 17:11:06,3356,77.85,0.1,99.93,14.66,True,True,20.0,NORMAL
2026-08-21 17:11:07,3357,77.94,0.09,100.0,15.95,True,False,20.0,NORMAL
2026-08-21 17:11:08,3358,77.87,0.06,99.94,15.06,True,False,20.0,NORMAL
2026-08-21 17:11:09,3359,77.75,0.08,99.88,14.31,True,True,20.0,NORMAL
2026-08-21 17:11:10,3360,77.91,0.09,100.0,15.69,True,False,20.0,NORMAL
2026-08-21 17:11:11,3361,77.96,0.1,99.87,14.79,True,True,20.0,NORMAL
2026-08-21 17:11:12,3362,77.84,0.12,100.0,16.31,True,False,20.0,NORMAL
2026-08-21 17:11:13,3363,77.83,0.12,99.93,15.39,True,False,20.0,NORMAL
2026-08-21 17:11:15,3364,77.8,0.09,99.83,14.41,True,True,20.0,NORMAL
2026-08-21 17:11:16,3365,77.85,0.07,100.0,15.97,True,False,20.0,NORMAL
2026-08-21 17:11:17,3366,77.72,0.08,99.92,14.66,True,True,20.0,NORMAL
2026-08-21 17:11:18,3367,77.79,0.05,100.0,16.04,True,False,20.0,NORMAL
2026-08-21 17:11:19,3368,77.65,0.08,99.86,15.22,True,False,20.0,NORMAL
2026-08-21 17:11:20,3369,77.58,0.1,99.81,14.45,True,True,20.0,NORMAL
2026-08-21 17:11:21,3370,77.6,0.09,100.0,15.76,True,False,20.0,NORMAL
2026-08-21 17:11:22,3371,77.53,0.1,99.88,14.58,True,True,20.0,NORMAL
2026-08-21 17:11:23,3372,77.56,0.09,100.0,16.09,True,False,20.0,NORMAL
2026-08-21 17:11:24,3373,77.69,0.07,99.9,15.18,True,False,20.0,NORMAL
2026-08-21 17:11:25,3374,77.83,0.04,99.78,14.49,True,True,20.0,NORMAL
2026-08-21 17:11:26,3375,77.7,0.07,100.0,15.92,True,False,20.0,NORMAL
2026-08-21 17:11:28,3376,77.7,0.09,99.92,15.03,True,False,20.0,NORMAL
2026-08-21 17:11:29,3377,77.75,0.12,99.81,14.12,True,True,20.0,NORMAL
2026-08-21 17:11:30,3378,77.73,0.14,100.0,15.63,True,False,20.0,NORMAL
2026-08-21 17:11:31,3379,77.67,0.11,99.85,14.76,True,True,20.0,NORMAL
2026-08-21 17:11:32,3380,77.53,0.13,100.0,16.26,True,False,20.0,NORMAL
2026-08-21 17:11:33,3381,77.66,0.1,99.93,15.06,True,False,20.0,NORMAL
2026-08-21 17:11:34,3382,77.7,0.11,99.86,14.06,True,True,20.0,NORMAL
2026-08-21 17:11:35,3383,77.72,0.09,100.0,15.76,True,False,20.0,NORMAL
2026-08-21 17:11:36,3384,77.81,0.09,99.91,14.53,True,True,20.0,NORMAL
2026-08-21 17:11:38,3385,77.71,0.11,100.0,16.08,True,False,20.0,NORMAL
2026-08-21 17:11:39,3386,77.83,0.13,99.93,15.07,True,False,20.0,NORMAL
2026-08-21 17:11:40,3387,77.75,0.15,99.84,14.33,True,True,20.0,NORMAL
2026-08-21 17:11:41,3388,77.61,0.15,100.0,15.52,True,False,20.0,NORMAL
2026-08-21 17:11:42,3389,77.71,0.16,99.86,14.33,True,True,20.0,NORMAL
2026-08-21 17:11:43,3390,77.62,0.15,100.0,15.97,True,False,20.0,NORMAL
2026-08-21 17:11:44,3391,77.66,0.17,99.88,15.21,True,False,20.0,NORMAL
2026-08-21 17:11:46,3392,77.62,0.15,99.74,13.98,True,True,20.0,NORMAL
2026-08-21 17:11:47,3393,77.69,0.14,99.97,15.46,True,False,20.0,NORMAL
2026-08-21 17:11:48,3394,77.69,0.11,99.84,14.76,True,True,20.0,NORMAL
2026-08-21 17:11:49,3395,77.62,0.14,100.0,16.17,True,False,20.0,NORMAL
2026-08-21 17:11:50,3396,77.72,0.12,99.89,15.42,True,False,20.0,NORMAL
2026-08-21 17:11:51,3397,77.77,0.12,99.84,14.71,True,True,20.0,NORMAL
2026-08-21 17:11:52,3398,77.66,0.14,100.0,15.92,True,False,20.0,NORMAL
2026-08-21 17:11:53,3399,77.68,0.1,99.95,14.9,True,True,20.0,NORMAL
2026-08-21 17:11:54,3400,77.7,0.11,100.0,16.39,True,False,20.0,NORMAL
2026-08-21 17:11:56,3401,77.59,0.08,99.87,15.25,True,False,20.0,NORMAL
2026-08-21 17:11:57,3402,77.47,0.06,99.74,14.47,True,True,20.0,NORMAL
2026-08-21 17:11:58,3403,77.47,0.05,100.0,16.03,True,False,20.0,NORMAL
2026-08-21 17:11:59,3404,77.42,0.07,99.86,14.81,True,True,20.0,NORMAL
2026-08-21 17:12:00,3405,77.47,0.1,100.0,16.03,True,False,20.0,NORMAL
2026-08-21 17:12:01,3406,77.44,0.11,99.86,15.26,True,False,20.0,NORMAL
2026-08-21 17:12:02,3407,77.55,0.12,99.78,14.59,True,True,20.0,NORMAL
2026-08-21 17:12:03,3408,77.63,0.14,100.0,16.12,True,False,20.0,NORMAL
2026-08-21 17:12:04,3409,77.62,0.15,99.92,14.89,True,True,20.0,NORMAL
2026-08-21 17:12:06,3410,77.66,0.15,100.0,16.13,True,False,20.0,NORMAL
2026-08-21 17:12:07,3411,77.69,0.16,99.85,15.24,True,False,20.0,NORMAL
2026-08-21 17:12:08,3412,77.72,0.12,99.77,14.0,True,True,20.0,NORMAL
2026-08-21 17:12:09,3413,77.85,0.14,100.0,15.61,True,False,20.0,NORMAL
2026-08-21 17:12:10,3414,77.94,0.13,99.93,14.32,True,True,20.0,NORMAL
2026-08-21 17:12:11,3415,77.97,0.1,100.0,15.48,True,False,20.0,NORMAL
2026-08-21 17:12:12,3416,77.93,0.11,99.88,14.23,True,True,20.0,NORMAL
2026-08-21 17:12:13,3417,78.07,0.12,100.0,15.59,True,False,20.0,NORMAL
2026-08-21 17:12:14,3418,78.19,0.09,99.91,14.87,True,True,20.0,NORMAL
2026-08-21 17:12:16,3419,78.29,0.07,100.0,16.43,True,False,20.0,NORMAL
2026-08-21 17:12:17,3420,78.44,0.09,99.89,15.44,True,False,20.0,NORMAL
2026-08-21 17:12:18,3421,78.49,0.12,99.76,14.16,True,True,20.0,NORMAL
2026-08-21 17:12:19,3422,78.59,0.15,100.0,15.66,True,False,20.0,NORMAL
2026-08-21 17:12:20,3423,78.55,0.14,99.91,14.42,True,True,20.0,NORMAL
2026-08-21 17:12:21,3424,78.66,0.12,100.0,15.8,True,False,20.0,NORMAL
2026-08-21 17:12:22,3425,78.77,0.14,99.89,14.79,True,True,20.0,NORMAL
2026-08-21 17:12:23,3426,78.84,0.12,100.0,16.06,True,False,20.0,NORMAL
2026-08-21 17:12:25,3427,78.8,0.09,99.9,14.85,True,True,20.0,NORMAL
2026-08-21 17:12:26,3428,78.68,0.07,100.0,16.11,True,False,20.0,NORMAL
2026-08-21 17:12:27,3429,78.75,0.1,99.91,15.13,True,False,20.0,NORMAL
2026-08-21 17:12:28,3430,78.69,0.11,99.8,14.36,True,True,20.0,NORMAL
2026-08-21 17:12:29,3431,78.78,0.08,100.0,15.74,True,False,20.0,NORMAL
2026-08-21 17:12:30,3432,78.77,0.09,99.92,14.73,True,True,20.0,NORMAL
2026-08-21 17:12:31,3433,78.64,0.08,100.0,15.95,True,False,20.0,NORMAL
2026-08-21 17:12:32,3434,78.75,0.07,99.95,14.72,True,True,20.0,NORMAL
2026-08-21 17:12:34,3435,78.8,0.06,100.0,16.24,True,False,20.0,NORMAL
2026-08-21 17:12:35,3436,78.71,0.07,99.89,15.2,True,False,20.0,NORMAL
2026-08-21 17:12:36,3437,78.58,0.09,99.75,14.43,True,True,20.0,NORMAL
2026-08-21 17:12:37,3438,78.48,0.11,100.0,15.63,True,False,20.0,NORMAL
2026-08-21 17:12:38,3439,78.47,0.13,99.92,14.63,True,True,20.0,NORMAL
2026-08-21 17:12:39,3440,78.61,0.15,100.0,16.04,True,False,20.0,NORMAL
2026-08-21 17:12:40,3441,78.58,0.16,99.91,15.29,True,False,20.0,NORMAL
2026-08-21 17:12:41,3442,78.63,0.14,99.83,14.38,True,True,20.0,NORMAL
2026-08-21 17:12:42,3443,78.5,0.12,100.0,15.53,True,False,20.0,NORMAL
2026-08-21 17:12:44,3444,78.35,0.09,99.9,14.39,True,True,20.0,NORMAL
2026-08-21 17:12:45,3445,78.25,0.07,100.0,15.86,True,False,20.0,NORMAL
2026-08-21 17:12:46,3446,78.32,0.09,99.88,15.12,True,False,20.0,NORMAL
2026-08-21 17:12:47,3447,78.29,0.07,99.73,13.89,True,True,20.0,NORMAL
2026-08-21 17:12:48,3448,78.23,0.1,100.0,15.32,True,False,20.0,NORMAL
2026-08-21 17:12:49,3449,78.35,0.13,99.89,14.48,True,True,20.0,NORMAL
2026-08-21 17:12:50,3450,78.36,0.11,100.0,15.65,True,False,20.0,NORMAL
2026-08-21 17:12:52,3451,78.5,0.1,99.92,14.44,True,True,20.0,NORMAL
2026-08-21 17:12:53,3452,78.54,0.07,100.0,15.68,True,False,20.0,NORMAL
2026-08-21 17:12:54,3453,78.42,0.08,99.94,14.94,True,True,20.0,NORMAL
2026-08-21 17:12:55,3454,78.3,0.09,100.0,16.38,True,False,20.0,NORMAL
2026-08-21 17:12:56,3455,78.42,0.1,99.92,15.46,True,False,20.0,NORMAL
2026-08-21 17:12:58,3456,78.39,0.07,99.87,14.6,True,True,20.0,NORMAL
2026-08-21 17:12:59,3457,78.54,0.05,100.0,16.07,True,False,20.0,NORMAL
2026-08-21 17:13:00,3458,78.58,0.03,99.86,15.33,True,False,20.0,NORMAL
2026-08-21 17:13:01,3459,78.54,0.05,99.75,14.58,True,True,20.0,NORMAL
2026-08-21 17:13:02,3460,78.49,0.08,100.0,15.88,True,False,20.0,NORMAL
2026-08-21 17:13:04,3461,78.37,0.1,99.92,14.79,True,True,20.0,NORMAL
2026-08-21 17:13:05,3462,78.43,0.09,100.0,16.4,True,False,20.0,NORMAL
2026-08-21 17:13:06,3463,78.39,0.11,99.94,15.23,True,False,20.0,NORMAL
2026-08-21 17:13:07,3464,78.45,0.08,99.81,14.12,True,True,20.0,NORMAL
2026-08-21 17:13:08,3465,78.47,0.12,100.0,15.42,True,False,20.0,NORMAL
2026-08-21 17:13:09,3466,78.58,0.1,99.95,14.69,True,True,20.0,NORMAL
2026-08-21 17:13:10,3467,78.54,0.1,100.0,15.87,True,False,20.0,NORMAL
2026-08-21 17:13:12,3468,78.42,0.12,99.91,14.64,True,True,20.0,NORMAL
2026-08-21 17:13:13,3469,78.57,0.12,100.0,15.83,True,False,20.0,NORMAL
2026-08-21 17:13:14,3470,78.61,0.12,99.91,14.55,True,True,20.0,NORMAL
2026-08-21 17:13:15,3471,78.69,0.11,100.0,15.84,True,False,20.0,NORMAL
2026-08-21 17:13:16,3472,78.76,0.14,99.91,14.71,True,True,20.0,NORMAL
2026-08-21 17:13:18,3473,78.67,0.14,100.0,16.24,True,False,20.0,NORMAL
2026-08-21 17:13:19,3474,78.54,0.15,99.95,15.1,True,False,20.0,NORMAL
2026-08-21 17:13:20,3475,78.49,0.16,99.86,14.32,True,True,20.0,NORMAL
2026-08-21 17:13:22,3476,78.6,0.18,100.0,15.56,True,False,20.0,NORMAL
2026-08-21 17:13:23,3477,78.56,0.17,99.91,14.83,True,True,20.0,NORMAL
2026-08-21 17:13:24,3478,78.69,0.18,100.0,15.98,True,False,20.0,NORMAL
2026-08-21 17:13:25,3479,78.59,0.15,99.94,14.67,True,True,20.0,NORMAL
2026-08-21 17:13:26,3480,78.65,0.14,100.0,16.08,True,False,20.0,NORMAL
2026-08-21 17:13:27,3481,78.72,0.15,99.91,15.3,True,False,20.0,NORMAL
2026-08-21 17:13:29,3482,78.66,0.13,99.84,14.16,True,True,20.0,NORMAL
2026-08-21 17:13:30,3483,78.72,0.14,100.0,15.75,True,False,20.0,NORMAL
2026-08-21 17:13:31,3484,78.61,0.12,99.89,14.94,True,True,20.0,NORMAL
2026-08-21 17:13:32,3485,78.51,0.1,100.0,16.09,True,False,20.0,NORMAL
2026-08-21 17:13:33,3486,78.48,0.09,99.93,15.1,True,False,20.0,NORMAL
2026-08-21 17:13:34,3487,78.52,0.1,99.79,13.97,True,True,20.0,NORMAL
2026-08-21 17:13:35,3488,78.63,0.09,100.0,15.23,True,False,20.0,NORMAL
2026-08-21 17:13:36,3489,78.54,0.12,99.88,14.43,True,True,20.0,NORMAL
2026-08-21 17:13:37,3490,78.39,0.12,100.0,15.59,True,False,20.0,NORMAL
2026-08-21 17:13:39,3491,78.47,0.13,99.89,14.54,True,True,20.0,NORMAL
2026-08-21 17:13:40,3492,78.43,0.15,100.0,15.84,True,False,20.0,NORMAL
2026-08-21 17:13:41,3493,78.31,0.13,99.91,15.07,True,False,20.0,NORMAL
2026-08-21 17:13:42,3494,78.28,0.13,99.78,13.93,True,True,20.0,NORMAL
2026-08-21 17:13:43,3495,78.25,0.15,100.0,15.15,True,False,20.0,NORMAL
2026-08-21 17:13:44,3496,78.31,0.17,99.88,13.9,True,True,20.0,NORMAL
2026-08-21 17:13:45,3497,78.2,0.16,100.0,15.51,True,False,20.0,NORMAL
2026-08-21 17:13:47,3498,78.22,0.14,99.89,14.65,True,True,20.0,NORMAL
2026-08-21 17:13:48,3499,78.15,0.12,100.0,15.94,True,False,20.0,NORMAL
2026-08-21 17:13:49,3500,78.21,0.1,99.94,14.85,True,True,20.0,NORMAL
2026-08-21 17:13:50,3501,78.13,0.07,100.0,16.3,True,False,20.0,NORMAL
2026-08-21 17:13:51,3502,78.24,0.1,99.87,15.25,True,False,20.0,NORMAL
2026-08-21 17:13:52,3503,78.36,0.12,99.76,14.53,True,True,20.0,NORMAL
2026-08-21 17:13:53,3504,78.49,0.12,100.0,16.23,True,False,20.0,NORMAL
2026-08-21 17:13:54,3505,78.34,0.1,99.91,15.39,True,False,20.0,NORMAL
2026-08-21 17:13:56,3506,78.46,0.11,99.78,14.36,True,True,20.0,NORMAL
2026-08-21 17:13:57,3507,78.56,0.1,100.0,15.98,True,False,20.0,NORMAL
2026-08-21 17:13:58,3508,78.42,0.09,99.9,14.66,True,True,20.0,NORMAL
2026-08-21 17:13:59,3509,78.36,0.08,100.0,15.8,True,False,20.0,NORMAL
2026-08-21 17:14:00,3510,78.28,0.09,99.88,14.9,True,True,20.0,NORMAL
2026-08-21 17:14:01,3511,78.31,0.07,100.0,16.02,True,False,20.0,NORMAL
2026-08-21 17:14:02,3512,78.41,0.06,99.92,14.74,True,True,20.0,NORMAL
2026-08-21 17:14:04,3513,78.27,0.08,100.0,16.25,True,False,20.0,NORMAL
2026-08-21 17:14:05,3514,78.36,0.09,99.93,14.97,True,True,20.0,NORMAL
2026-08-21 17:14:06,3515,78.34,0.1,100.0,16.3,True,False,20.0,NORMAL
2026-08-21 17:14:07,3516,78.39,0.11,99.9,15.38,True,False,20.0,NORMAL
2026-08-21 17:14:08,3517,78.39,0.1,99.75,14.31,True,True,20.0,NORMAL
2026-08-21 17:14:09,3518,78.53,0.1,100.0,15.88,True,False,20.0,NORMAL
2026-08-21 17:14:10,3519,78.51,0.11,99.92,14.7,True,True,20.0,NORMAL
2026-08-21 17:14:12,3520,78.54,0.1,100.0,16.24,True,False,20.0,NORMAL
2026-08-21 17:14:13,3521,78.62,0.12,99.9,14.92,True,True,20.0,NORMAL
2026-08-21 17:14:14,3522,78.71,0.14,100.0,16.22,True,False,20.0,NORMAL
2026-08-21 17:14:15,3523,78.65,0.13,99.88,15.1,True,False,20.0,NORMAL
2026-08-21 17:14:16,3524,78.53,0.11,99.75,14.37,True,True,20.0,NORMAL
2026-08-21 17:14:17,3525,78.63,0.14,100.0,15.94,True,False,20.0,NORMAL
2026-08-21 17:14:18,3526,78.69,0.11,99.86,14.85,True,True,20.0,NORMAL
2026-08-21 17:14:20,3527,78.78,0.1,100.0,16.09,True,False,20.0,NORMAL
2026-08-21 17:14:21,3528,78.64,0.12,99.94,15.12,True,False,20.0,NORMAL
2026-08-21 17:14:22,3529,78.67,0.14,99.83,14.14,True,True,20.0,NORMAL
2026-08-21 17:14:23,3530,78.62,0.13,100.0,15.47,True,False,20.0,NORMAL
2026-08-21 17:14:24,3531,78.47,0.15,99.91,14.52,True,True,20.0,NORMAL
2026-08-21 17:14:26,3532,78.54,0.12,100.0,16.03,True,False,20.0,NORMAL
2026-08-21 17:14:27,3533,78.39,0.1,99.86,15.26,True,False,20.0,NORMAL
2026-08-21 17:14:28,3534,78.25,0.08,99.79,14.28,True,True,20.0,NORMAL
2026-08-21 17:14:29,3535,78.25,0.06,100.0,15.47,True,False,20.0,NORMAL
2026-08-21 17:14:30,3536,78.39,0.09,99.93,14.78,True,True,20.0,NORMAL
2026-08-21 17:14:31,3537,78.52,0.09,100.0,16.25,True,False,20.0,NORMAL
2026-08-21 17:14:32,3538,78.49,0.11,99.88,15.38,True,False,20.0,NORMAL
2026-08-21 17:14:33,3539,78.53,0.1,99.82,14.64,True,True,20.0,NORMAL
2026-08-21 17:14:35,3540,78.5,0.12,100.0,15.98,True,False,20.0,NORMAL
2026-08-21 17:14:36,3541,78.62,0.14,99.94,15.25,True,False,20.0,NORMAL
2026-08-21 17:14:37,3542,78.67,0.12,99.84,14.53,True,True,20.0,NORMAL
2026-08-21 17:14:38,3543,78.76,0.1,100.0,15.98,True,False,20.0,NORMAL
2026-08-21 17:14:39,3544,78.81,0.1,99.91,15.02,True,False,20.0,NORMAL
2026-08-21 17:14:40,3545,78.81,0.12,99.85,13.87,True,True,20.0,NORMAL
2026-08-21 17:14:41,3546,78.89,0.12,100.0,15.42,True,False,20.0,NORMAL
2026-08-21 17:14:42,3547,79.01,0.1,99.94,14.3,True,True,20.0,NORMAL
2026-08-21 17:14:44,3548,79.13,0.09,100.0,15.58,True,False,20.0,NORMAL
2026-08-21 17:14:45,3549,79.08,0.11,99.88,14.37,True,True,20.0,NORMAL
2026-08-21 17:14:46,3550,79.1,0.09,100.0,15.88,True,False,20.0,NORMAL
2026-08-21 17:14:47,3551,79.16,0.1,99.89,14.64,True,True,20.0,NORMAL
2026-08-21 17:14:48,3552,79.14,0.09,100.0,16.06,True,False,20.0,NORMAL
2026-08-21 17:14:49,3553,79.16,0.1,99.91,15.05,True,False,20.0,NORMAL
2026-08-21 17:14:50,3554,79.24,0.12,99.84,13.92,True,True,20.0,NORMAL
2026-08-21 17:14:51,3555,79.22,0.15,100.0,15.38,True,False,20.0,NORMAL
2026-08-21 17:14:53,3556,79.06,0.12,99.89,14.65,True,True,20.0,NORMAL
2026-08-21 17:14:54,3557,79.04,0.13,100.0,15.75,True,False,20.0,NORMAL
2026-08-21 17:14:55,3558,78.93,0.1,99.92,14.54,True,True,20.0,NORMAL
2026-08-21 17:14:56,3559,78.95,0.08,100.0,15.89,True,False,20.0,NORMAL
2026-08-21 17:14:57,3560,79.01,0.1,99.93,14.95,True,True,20.0,NORMAL
2026-08-21 17:14:58,3561,78.93,0.11,100.0,16.56,True,False,20.0,NORMAL
2026-08-21 17:14:59,3562,78.9,0.11,99.94,15.2,True,False,20.0,NORMAL
2026-08-21 17:15:00,3563,78.83,0.12,99.86,14.05,True,True,20.0,NORMAL
2026-08-21 17:15:02,3564,78.85,0.13,100.0,15.56,True,False,20.0,NORMAL
2026-08-21 17:15:03,3565,78.97,0.12,99.95,14.56,True,True,20.0,NORMAL
2026-08-21 17:15:04,3566,79.06,0.11,100.0,15.75,True,False,20.0,NORMAL
2026-08-21 17:15:05,3567,79.19,0.09,99.86,14.79,True,True,20.0,NORMAL
2026-08-21 17:15:06,3568,79.13,0.1,100.0,16.35,True,False,20.0,NORMAL
2026-08-21 17:15:08,3569,79.19,0.12,99.93,15.42,True,False,20.0,NORMAL
2026-08-21 17:15:09,3570,79.11,0.14,99.79,14.16,True,True,20.0,NORMAL
2026-08-21 17:15:10,3571,79.09,0.12,100.0,15.47,True,False,20.0,NORMAL
2026-08-21 17:15:11,3572,79.09,0.11,99.88,14.59,True,True,20.0,NORMAL
2026-08-21 17:15:12,3573,79.05,0.1,100.0,16.21,True,False,20.0,NORMAL
2026-08-21 17:15:13,3574,79.1,0.12,99.94,15.21,True,False,20.0,NORMAL
2026-08-21 17:15:14,3575,79.03,0.1,99.82,14.44,True,True,20.0,NORMAL
2026-08-21 17:15:16,3576,78.99,0.11,100.0,16.03,True,False,20.0,NORMAL
2026-08-21 17:15:17,3577,79.09,0.14,99.94,15.19,True,False,20.0,NORMAL
2026-08-21 17:15:18,3578,79.19,0.12,99.83,14.19,True,True,20.0,NORMAL
2026-08-21 17:15:19,3579,79.09,0.11,100.0,15.65,True,False,20.0,NORMAL
2026-08-21 17:15:20,3580,79.21,0.13,99.87,14.87,True,True,20.0,NORMAL
2026-08-21 17:15:21,3581,79.11,0.12,100.0,15.97,True,False,20.0,NORMAL
2026-08-21 17:15:22,3582,79.09,0.14,99.89,15.06,True,False,20.0,NORMAL
2026-08-21 17:15:23,3583,79.04,0.16,99.76,14.01,True,True,20.0,NORMAL
2026-08-21 17:15:25,3584,79.02,0.17,100.0,15.44,True,False,20.0,NORMAL
2026-08-21 17:15:26,3585,79.03,0.15,99.9,14.38,True,True,20.0,NORMAL
2026-08-21 17:15:27,3586,78.94,0.17,100.0,16.04,True,False,20.0,NORMAL
2026-08-21 17:15:28,3587,78.96,0.16,99.86,15.19,True,False,20.0,NORMAL
2026-08-21 17:15:29,3588,79.05,0.18,99.75,14.48,True,True,20.0,NORMAL
2026-08-21 17:15:30,3589,79.13,0.16,99.99,15.7,True,False,20.0,NORMAL
2026-08-21 17:15:31,3590,79.15,0.16,99.84,14.49,True,True,20.0,NORMAL
2026-08-21 17:15:32,3591,79.01,0.18,100.0,15.9,True,False,20.0,NORMAL
2026-08-21 17:15:34,3592,78.91,0.19,99.89,14.71,True,True,20.0,NORMAL
2026-08-21 17:15:35,3593,79.02,0.19,100.0,16.36,True,False,20.0,NORMAL
2026-08-21 17:15:36,3594,79.13,0.21,99.94,15.2,True,False,20.0,NORMAL
2026-08-21 17:15:37,3595,79.11,0.2,99.85,13.96,True,True,20.0,NORMAL
2026-08-21 17:15:38,3596,78.98,0.21,100.0,15.41,True,False,20.0,NORMAL
2026-08-21 17:15:39,3597,78.86,0.2,99.87,14.4,True,True,20.0,NORMAL
2026-08-21 17:15:41,3598,78.93,0.21,100.0,15.54,True,False,20.0,NORMAL
2026-08-21 17:15:42,3599,78.89,0.21,99.89,14.33,True,True,20.0,NORMAL
2026-08-21 17:15:43,3600,78.76,0.23,100.0,15.84,True,False,20.0,NORMAL
2026-08-21 17:15:44,3601,78.88,0.21,99.87,14.99,True,True,20.0,NORMAL
2026-08-21 17:15:45,3602,78.82,0.21,100.0,16.51,True,False,20.0,NORMAL
2026-08-21 17:15:46,3603,78.89,0.23,99.86,15.38,True,False,20.0,NORMAL
2026-08-21 17:15:47,3604,78.85,0.25,99.76,14.66,True,True,20.0,NORMAL
2026-08-21 17:15:49,3605,78.72,0.23,100.0,16.15,True,False,20.0,NORMAL
2026-08-21 17:15:50,3606,78.74,0.2,99.89,15.06,True,False,20.0,NORMAL
2026-08-21 17:15:51,3607,78.6,0.18,99.77,14.19,True,True,20.0,NORMAL
2026-08-21 17:15:52,3608,78.58,0.2,100.0,15.84,True,False,20.0,NORMAL
2026-08-21 17:15:53,3609,78.72,0.16,99.92,15.06,True,False,20.0,NORMAL
2026-08-21 17:15:54,3610,78.83,0.16,99.85,14.35,True,True,20.0,NORMAL
2026-08-21 17:15:55,3611,78.8,0.18,100.0,15.75,True,False,20.0,NORMAL
2026-08-21 17:15:57,3612,78.82,0.17,99.91,14.67,True,True,20.0,NORMAL
2026-08-21 17:15:58,3613,78.82,0.19,100.0,16.23,True,False,20.0,NORMAL
2026-08-21 17:15:59,3614,78.92,0.16,99.89,15.3,True,False,20.0,NORMAL
2026-08-21 17:16:00,3615,78.83,0.14,99.75,14.54,True,True,20.0,NORMAL
2026-08-21 17:16:01,3616,78.93,0.15,99.97,16.16,True,False,20.0,NORMAL
2026-08-21 17:16:02,3617,78.82,0.12,99.9,14.99,True,True,20.0,NORMAL
2026-08-21 17:16:04,3618,78.69,0.13,100.0,16.27,True,False,20.0,NORMAL
2026-08-21 17:16:05,3619,78.62,0.13,99.86,15.3,True,False,20.0,NORMAL
2026-08-21 17:16:06,3620,78.61,0.13,99.78,14.54,True,True,20.0,NORMAL
2026-08-21 17:16:07,3621,78.5,0.13,100.0,16.07,True,False,20.0,NORMAL
2026-08-21 17:16:09,3622,78.54,0.13,99.95,15.3,True,False,20.0,NORMAL
2026-08-21 17:16:10,3623,78.5,0.15,99.85,14.44,True,True,20.0,NORMAL
2026-08-21 17:16:11,3624,78.42,0.12,100.0,15.82,True,False,20.0,NORMAL
2026-08-21 17:16:12,3625,78.46,0.14,99.89,14.79,True,True,20.0,NORMAL
2026-08-21 17:16:13,3626,78.58,0.12,100.0,16.41,True,False,20.0,NORMAL
2026-08-21 17:16:14,3627,78.58,0.12,99.88,15.54,True,False,20.0,NORMAL
2026-08-21 17:16:15,3628,78.43,0.1,99.8,14.54,True,True,20.0,NORMAL
2026-08-21 17:16:17,3629,78.38,0.12,100.0,15.94,True,False,20.0,NORMAL
2026-08-21 17:16:18,3630,78.35,0.14,99.88,14.83,True,True,20.0,NORMAL
2026-08-21 17:16:19,3631,78.42,0.15,100.0,16.29,True,False,20.0,NORMAL
2026-08-21 17:16:20,3632,78.48,0.13,99.92,15.32,True,False,20.0,NORMAL
2026-08-21 17:16:21,3633,78.44,0.13,99.82,14.6,True,True,20.0,NORMAL
2026-08-21 17:16:22,3634,78.37,0.12,100.0,16.28,True,False,20.0,NORMAL
2026-08-21 17:16:23,3635,78.38,0.14,99.86,15.08,True,False,20.0,NORMAL
2026-08-21 17:16:25,3636,78.45,0.12,99.74,13.89,True,True,20.0,NORMAL
2026-08-21 17:16:26,3637,78.43,0.13,99.94,15.2,True,False,20.0,NORMAL
2026-08-21 17:16:27,3638,78.52,0.16,99.84,14.17,True,True,20.0,NORMAL
2026-08-21 17:16:28,3639,78.64,0.15,100.0,15.79,True,False,20.0,NORMAL
2026-08-21 17:16:30,3640,78.51,0.17,99.89,14.98,True,True,20.0,NORMAL
2026-08-21 17:16:31,3641,78.59,0.15,100.0,16.17,True,False,20.0,NORMAL
2026-08-21 17:16:32,3642,78.73,0.17,99.92,15.19,True,False,20.0,NORMAL
2026-08-21 17:16:33,3643,78.75,0.18,99.79,14.45,True,True,20.0,NORMAL
2026-08-21 17:16:34,3644,78.68,0.2,100.0,15.76,True,False,20.0,NORMAL
2026-08-21 17:16:35,3645,78.8,0.21,99.86,14.7,True,True,20.0,NORMAL
2026-08-21 17:16:36,3646,78.65,0.2,100.0,16.27,True,False,20.0,NORMAL
2026-08-21 17:16:37,3647,78.66,0.18,99.95,15.35,True,False,20.0,NORMAL
2026-08-21 17:16:38,3648,78.58,0.16,99.82,14.38,True,True,20.0,NORMAL
2026-08-21 17:16:40,3649,78.63,0.17,100.0,15.62,True,False,20.0,NORMAL
2026-08-21 17:16:41,3650,78.67,0.17,99.93,14.55,True,True,20.0,NORMAL
2026-08-21 17:16:42,3651,78.71,0.17,100.0,15.67,True,False,20.0,NORMAL
2026-08-21 17:16:43,3652,78.83,0.17,99.91,14.77,True,True,20.0,NORMAL
2026-08-21 17:16:44,3653,78.8,0.14,100.0,16.08,True,False,20.0,NORMAL
2026-08-21 17:16:45,3654,78.87,0.11,99.95,14.94,True,True,20.0,NORMAL
2026-08-21 17:16:46,3655,78.73,0.12,100.0,16.55,True,False,20.0,NORMAL
2026-08-21 17:16:47,3656,78.8,0.14,99.87,15.49,True,False,20.0,NORMAL
2026-08-21 17:16:49,3657,78.75,0.16,99.73,14.21,True,True,20.0,NORMAL
2026-08-21 17:16:50,3658,78.88,0.17,99.98,15.39,True,False,20.0,NORMAL
2026-08-21 17:16:51,3659,78.95,0.16,99.85,14.45,True,True,20.0,NORMAL
2026-08-21 17:16:52,3660,79.08,0.15,100.0,15.94,True,False,20.0,NORMAL
2026-08-21 17:16:53,3661,79.02,0.14,99.85,14.7,True,True,20.0,NORMAL
2026-08-21 17:16:54,3662,79.14,0.13,100.0,15.85,True,False,20.0,NORMAL
2026-08-21 17:16:56,3663,78.99,0.14,99.86,14.75,True,True,20.0,NORMAL
2026-08-21 17:16:57,3664,78.99,0.13,100.0,16.26,True,False,20.0,NORMAL
2026-08-21 17:16:58,3665,78.91,0.13,99.9,15.04,True,False,20.0,NORMAL
2026-08-21 17:16:59,3666,78.82,0.14,99.76,14.17,True,True,20.0,NORMAL
2026-08-21 17:17:00,3667,78.69,0.15,100.0,15.62,True,False,20.0,NORMAL
2026-08-21 17:17:01,3668,78.63,0.13,99.85,14.4,True,True,20.0,NORMAL
2026-08-21 17:17:02,3669,78.61,0.14,100.0,16.11,True,False,20.0,NORMAL
2026-08-21 17:17:04,3670,78.54,0.15,99.95,15.24,True,False,20.0,NORMAL
2026-08-21 17:17:05,3671,78.63,0.17,99.88,14.3,True,True,20.0,NORMAL
2026-08-21 17:17:06,3672,78.74,0.17,100.0,15.77,True,False,20.0,NORMAL
2026-08-21 17:17:07,3673,78.7,0.18,99.88,14.69,True,True,20.0,NORMAL
2026-08-21 17:17:08,3674,78.79,0.19,100.0,16.18,True,False,20.0,NORMAL
2026-08-21 17:17:10,3675,78.65,0.2,99.9,14.96,True,True,20.0,NORMAL
2026-08-21 17:17:11,3676,78.68,0.19,100.0,16.44,True,False,20.0,NORMAL
2026-08-21 17:17:12,3677,78.81,0.18,99.85,15.17,True,False,20.0,NORMAL
2026-08-21 17:17:14,3678,78.66,0.18,99.78,14.3,True,True,20.0,NORMAL
2026-08-21 17:17:15,3679,78.66,0.19,100.0,15.61,True,False,20.0,NORMAL
2026-08-21 17:17:16,3680,78.58,0.21,99.88,14.67,True,True,20.0,NORMAL
2026-08-21 17:17:17,3681,78.46,0.21,100.0,16.1,True,False,20.0,NORMAL
2026-08-21 17:17:18,3682,78.36,0.18,99.87,14.92,True,True,20.0,NORMAL
2026-08-21 17:17:19,3683,78.34,0.16,100.0,16.38,True,False,20.0,NORMAL
2026-08-21 17:17:21,3684,78.39,0.13,99.85,15.19,True,False,20.0,NORMAL
2026-08-21 17:17:22,3685,78.5,0.13,99.78,14.39,True,True,20.0,NORMAL
2026-08-21 17:17:23,3686,78.47,0.14,100.0,16.0,True,False,20.0,NORMAL
2026-08-21 17:17:24,3687,78.58,0.15,99.93,14.82,True,True,20.0,NORMAL
2026-08-21 17:17:25,3688,78.45,0.17,100.0,16.24,True,False,20.0,NORMAL
2026-08-21 17:17:26,3689,78.42,0.18,99.89,15.34,True,False,20.0,NORMAL
2026-08-21 17:17:27,3690,78.27,0.2,99.83,14.14,True,True,20.0,NORMAL
2026-08-21 17:17:29,3691,78.38,0.21,100.0,15.48,True,False,20.0,NORMAL
2026-08-21 17:17:30,3692,78.3,0.2,99.9,14.36,True,True,20.0,NORMAL
2026-08-21 17:17:31,3693,78.32,0.22,100.0,15.73,True,False,20.0,NORMAL
2026-08-21 17:17:32,3694,78.3,0.21,99.92,14.55,True,True,20.0,NORMAL
2026-08-21 17:17:33,3695,78.3,0.19,100.0,15.92,True,False,20.0,NORMAL
2026-08-21 17:17:34,3696,78.16,0.17,99.92,15.15,True,False,20.0,NORMAL
2026-08-21 17:17:36,3697,78.21,0.14,99.81,14.42,True,True,20.0,NORMAL
2026-08-21 17:17:37,3698,78.19,0.13,100.0,15.86,True,False,20.0,NORMAL
2026-08-21 17:17:38,3699,78.22,0.11,99.9,15.09,True,False,20.0,NORMAL
2026-08-21 17:17:39,3700,78.17,0.12,99.78,14.11,True,True,20.0,NORMAL
2026-08-21 17:17:40,3701,78.03,0.12,100.0,15.65,True,False,20.0,NORMAL
2026-08-21 17:17:41,3702,78.17,0.12,99.92,14.53,True,True,20.0,NORMAL
2026-08-21 17:17:42,3703,78.28,0.09,100.0,16.19,True,False,20.0,NORMAL
2026-08-21 17:17:44,3704,78.13,0.12,99.85,14.88,True,True,20.0,NORMAL
2026-08-21 17:17:45,3705,78.14,0.13,100.0,16.27,True,False,20.0,NORMAL
2026-08-21 17:17:46,3706,78.2,0.13,99.93,15.0,True,False,20.0,NORMAL
2026-08-21 17:17:47,3707,78.11,0.13,99.82,14.06,True,True,20.0,NORMAL
2026-08-21 17:17:48,3708,78.11,0.15,100.0,15.32,True,False,20.0,NORMAL
2026-08-21 17:17:49,3709,78.07,0.13,99.93,14.4,True,True,20.0,NORMAL
2026-08-21 17:17:50,3710,78.22,0.14,100.0,15.9,True,False,20.0,NORMAL
2026-08-21 17:17:51,3711,78.17,0.17,99.92,14.91,True,True,20.0,NORMAL
2026-08-21 17:17:53,3712,78.23,0.15,100.0,16.09,True,False,20.0,NORMAL
2026-08-21 17:17:54,3713,78.26,0.16,99.89,15.02,True,False,20.0,NORMAL
2026-08-21 17:17:55,3714,78.29,0.14,99.77,14.27,True,True,20.0,NORMAL
2026-08-21 17:17:56,3715,78.38,0.12,100.0,15.38,True,False,20.0,NORMAL
2026-08-21 17:17:57,3716,78.36,0.11,99.94,14.56,True,True,20.0,NORMAL
2026-08-21 17:17:58,3717,78.37,0.09,100.0,16.2,True,False,20.0,NORMAL
2026-08-21 17:17:59,3718,78.33,0.08,99.93,15.45,True,False,20.0,NORMAL
2026-08-21 17:18:01,3719,78.44,0.07,99.87,14.46,True,True,20.0,NORMAL
2026-08-21 17:18:02,3720,78.38,0.07,100.0,16.15,True,False,20.0,NORMAL
2026-08-21 17:18:03,3721,78.31,0.1,99.88,15.36,True,False,20.0,NORMAL
2026-08-21 17:18:05,3722,78.27,0.1,99.73,14.33,True,True,20.0,NORMAL
2026-08-21 17:18:06,3723,78.15,0.12,99.95,15.48,True,False,20.0,NORMAL
2026-08-21 17:18:07,3724,78.27,0.13,99.86,14.35,True,True,20.0,NORMAL
2026-08-21 17:18:09,3725,78.16,0.12,100.0,15.9,True,False,20.0,NORMAL
2026-08-21 17:18:10,3726,78.16,0.15,99.88,14.63,True,True,20.0,NORMAL
2026-08-21 17:18:11,3727,78.26,0.15,100.0,16.08,True,False,20.0,NORMAL
2026-08-21 17:18:12,3728,78.28,0.13,99.93,14.97,True,True,20.0,NORMAL
2026-08-21 17:18:14,3729,78.16,0.15,100.0,16.56,True,False,20.0,NORMAL
2026-08-21 17:18:15,3730,78.02,0.13,99.87,15.41,True,False,20.0,NORMAL
2026-08-21 17:18:16,3731,78.12,0.11,99.79,14.48,True,True,20.0,NORMAL
2026-08-21 17:18:17,3732,78.15,0.09,100.0,15.61,True,False,20.0,NORMAL
2026-08-21 17:18:19,3733,78.18,0.1,99.95,14.72,True,True,20.0,NORMAL
2026-08-21 17:18:20,3734,78.21,0.07,100.0,15.94,True,False,20.0,NORMAL
2026-08-21 17:18:21,3735,78.27,0.08,99.88,14.99,True,True,20.0,NORMAL
2026-08-21 17:18:23,3736,78.18,0.05,100.0,16.06,True,False,20.0,NORMAL
2026-08-21 17:18:25,3737,78.04,0.06,99.91,14.89,True,True,20.0,NORMAL
2026-08-21 17:18:26,3738,78.15,0.04,100.0,16.55,True,False,20.0,NORMAL
2026-08-21 17:18:27,3739,78.19,0.04,99.85,15.53,True,False,20.0,NORMAL
2026-08-21 17:18:29,3740,78.08,0.06,99.76,14.74,True,True,20.0,NORMAL
2026-08-21 17:18:30,3741,78.12,0.09,100.0,16.29,True,False,20.0,NORMAL
2026-08-21 17:18:31,3742,78.11,0.08,99.94,15.49,True,False,20.0,NORMAL
2026-08-21 17:18:32,3743,77.97,0.07,99.84,14.32,True,True,20.0,NORMAL
2026-08-21 17:18:34,3744,77.97,0.08,100.0,15.6,True,False,20.0,NORMAL
2026-08-21 17:18:35,3745,78.04,0.1,99.86,14.34,True,True,20.0,NORMAL
2026-08-21 17:18:36,3746,78.06,0.12,100.0,15.51,True,False,20.0,NORMAL
2026-08-21 17:18:37,3747,78.21,0.11,99.94,14.35,True,True,20.0,NORMAL
2026-08-21 17:18:39,3748,78.36,0.1,100.0,15.95,True,False,20.0,NORMAL
2026-08-21 17:18:40,3749,78.42,0.11,99.94,15.18,True,False,20.0,NORMAL
2026-08-21 17:18:41,3750,78.47,0.11,99.87,14.5,True,True,20.0,NORMAL
2026-08-21 17:18:42,3751,78.51,0.1,100.0,16.2,True,False,20.0,NORMAL
2026-08-21 17:18:43,3752,78.52,0.11,99.94,15.19,True,False,20.0,NORMAL
2026-08-21 17:18:44,3753,78.42,0.13,99.83,13.96,True,True,20.0,NORMAL
2026-08-21 17:18:45,3754,78.38,0.15,100.0,15.25,True,False,20.0,NORMAL
2026-08-21 17:18:47,3755,78.46,0.15,99.88,14.2,True,True,20.0,NORMAL
2026-08-21 17:18:48,3756,78.59,0.16,100.0,15.85,True,False,20.0,NORMAL
2026-08-21 17:18:49,3757,78.62,0.14,99.92,14.66,True,True,20.0,NORMAL
2026-08-21 17:18:50,3758,78.68,0.12,100.0,16.19,True,False,20.0,NORMAL
2026-08-21 17:18:51,3759,78.58,0.13,99.86,15.13,True,False,20.0,NORMAL
2026-08-21 17:18:52,3760,78.66,0.1,99.72,14.4,True,True,20.0,NORMAL
2026-08-21 17:18:53,3761,78.76,0.07,100.0,15.74,True,False,20.0,NORMAL
2026-08-21 17:18:54,3762,78.76,0.09,99.92,14.47,True,True,20.0,NORMAL
2026-08-21 17:18:56,3763,78.8,0.1,100.0,15.73,True,False,20.0,NORMAL
2026-08-21 17:18:57,3764,78.69,0.1,99.89,14.49,True,True,20.0,NORMAL
2026-08-21 17:18:58,3765,78.71,0.11,100.0,15.68,True,False,20.0,NORMAL
2026-08-21 17:18:59,3766,78.65,0.11,99.9,14.43,True,True,20.0,NORMAL
2026-08-21 17:19:00,3767,78.52,0.12,100.0,16.06,True,False,20.0,NORMAL
2026-08-21 17:19:02,3768,78.49,0.1,99.88,15.19,True,False,20.0,NORMAL
2026-08-21 17:19:03,3769,78.57,0.08,99.73,14.19,True,True,20.0,NORMAL
2026-08-21 17:19:04,3770,78.56,0.1,100.0,15.75,True,False,20.0,NORMAL
2026-08-21 17:19:05,3771,78.64,0.13,99.88,14.77,True,True,20.0,NORMAL
2026-08-21 17:19:06,3772,78.54,0.14,100.0,16.4,True,False,20.0,NORMAL
2026-08-21 17:19:07,3773,78.63,0.12,99.89,15.29,True,False,20.0,NORMAL
2026-08-21 17:19:08,3774,78.74,0.1,99.76,14.2,True,True,20.0,NORMAL
2026-08-21 17:19:10,3775,78.63,0.12,100.0,15.33,True,False,20.0,NORMAL
2026-08-21 17:19:11,3776,78.74,0.13,99.86,14.56,True,True,20.0,NORMAL
2026-08-21 17:19:12,3777,78.62,0.11,100.0,16.16,True,False,20.0,NORMAL
2026-08-21 17:19:13,3778,78.66,0.1,99.88,15.21,True,False,20.0,NORMAL
2026-08-21 17:19:14,3779,78.69,0.1,99.79,14.03,True,True,20.0,NORMAL
2026-08-21 17:19:15,3780,78.67,0.13,100.0,15.54,True,False,20.0,NORMAL
2026-08-21 17:19:16,3781,78.57,0.14,99.91,14.32,True,True,20.0,NORMAL
2026-08-21 17:19:18,3782,78.47,0.13,100.0,15.52,True,False,20.0,NORMAL
2026-08-21 17:19:19,3783,78.59,0.14,99.91,14.5,True,True,20.0,NORMAL
2026-08-21 17:19:20,3784,78.45,0.17,100.0,16.17,True,False,20.0,NORMAL
2026-08-21 17:19:21,3785,78.52,0.19,99.91,15.05,True,False,20.0,NORMAL
2026-08-21 17:19:22,3786,78.54,0.2,99.85,14.23,True,True,20.0,NORMAL
2026-08-21 17:19:24,3787,78.51,0.18,100.0,15.36,True,False,20.0,NORMAL
2026-08-21 17:19:25,3788,78.5,0.17,99.86,14.66,True,True,20.0,NORMAL
2026-08-21 17:19:26,3789,78.51,0.15,100.0,16.09,True,False,20.0,NORMAL
2026-08-21 17:19:27,3790,78.59,0.15,99.85,14.78,True,True,20.0,NORMAL
2026-08-21 17:19:28,3791,78.67,0.13,100.0,15.9,True,False,20.0,NORMAL
2026-08-21 17:19:30,3792,78.78,0.12,99.87,14.72,True,True,20.0,NORMAL
2026-08-21 17:19:31,3793,78.82,0.09,100.0,16.1,True,False,20.0,NORMAL
2026-08-21 17:19:32,3794,78.77,0.1,99.95,15.16,True,False,20.0,NORMAL
2026-08-21 17:19:33,3795,78.66,0.1,99.88,13.99,True,True,20.0,NORMAL
2026-08-21 17:19:34,3796,78.72,0.12,100.0,15.65,True,False,20.0,NORMAL
2026-08-21 17:19:35,3797,78.8,0.09,99.9,14.96,True,True,20.0,NORMAL
2026-08-21 17:19:36,3798,78.91,0.08,100.0,16.06,True,False,20.0,NORMAL
2026-08-21 17:19:37,3799,78.91,0.1,99.94,14.77,True,True,20.0,NORMAL
2026-08-21 17:19:39,3800,79.04,0.09,100.0,16.14,True,False,20.0,NORMAL
2026-08-21 17:19:40,3801,79.06,0.13,99.94,15.33,True,False,20.0,NORMAL
2026-08-21 17:19:41,3802,79.07,0.14,99.79,14.19,True,True,20.0,NORMAL
2026-08-21 17:19:42,3803,78.99,0.13,99.99,15.34,True,False,20.0,NORMAL
2026-08-21 17:19:43,3804,79.07,0.1,99.88,14.56,True,True,20.0,NORMAL
2026-08-21 17:19:44,3805,79.03,0.12,100.0,16.12,True,False,20.0,NORMAL
2026-08-21 17:19:45,3806,78.94,0.14,99.92,15.09,True,False,20.0,NORMAL
2026-08-21 17:19:46,3807,78.83,0.12,99.83,14.08,True,True,20.0,NORMAL
2026-08-21 17:19:48,3808,78.86,0.12,100.0,15.24,True,False,20.0,NORMAL
2026-08-21 17:19:49,3809,78.86,0.1,99.87,14.46,True,True,20.0,NORMAL
2026-08-21 17:19:50,3810,78.8,0.12,100.0,15.9,True,False,20.0,NORMAL
2026-08-21 17:19:51,3811,78.72,0.11,99.88,14.82,True,True,20.0,NORMAL
2026-08-21 17:19:52,3812,78.77,0.1,100.0,15.93,True,False,20.0,NORMAL
2026-08-21 17:19:53,3813,78.8,0.09,99.92,15.02,True,False,20.0,NORMAL
2026-08-21 17:19:55,3814,78.66,0.06,99.82,14.23,True,True,20.0,NORMAL
2026-08-21 17:19:56,3815,78.51,0.09,100.0,15.83,True,False,20.0,NORMAL
2026-08-21 17:19:57,3816,78.59,0.09,99.87,15.06,True,False,20.0,NORMAL
2026-08-21 17:19:58,3817,78.56,0.11,99.76,14.22,True,True,20.0,NORMAL
2026-08-21 17:19:59,3818,78.61,0.09,99.97,15.43,True,False,20.0,NORMAL
2026-08-21 17:20:00,3819,78.72,0.07,99.9,14.18,True,True,20.0,NORMAL
2026-08-21 17:20:02,3820,78.65,0.06,100.0,15.35,True,False,20.0,NORMAL
2026-08-21 17:20:03,3821,78.68,0.09,99.88,14.52,True,True,20.0,NORMAL
2026-08-21 17:20:04,3822,78.74,0.06,100.0,15.74,True,False,20.0,NORMAL
2026-08-21 17:20:05,3823,78.59,0.07,99.92,14.5,True,True,20.0,NORMAL
2026-08-21 17:20:06,3824,78.6,0.1,100.0,16.1,True,False,20.0,NORMAL
2026-08-21 17:20:07,3825,78.73,0.09,99.86,15.17,True,False,20.0,NORMAL
2026-08-21 17:20:08,3826,78.85,0.08,99.73,14.49,True,True,20.0,NORMAL
2026-08-21 17:20:10,3827,78.8,0.06,99.94,15.64,True,False,20.0,NORMAL
2026-08-21 17:20:11,3828,78.81,0.09,99.87,14.72,True,True,20.0,NORMAL
2026-08-21 17:20:12,3829,78.74,0.07,100.0,16.2,True,False,20.0,NORMAL
2026-08-21 17:20:13,3830,78.87,0.07,99.87,15.01,True,False,20.0,NORMAL
2026-08-21 17:20:14,3831,78.95,0.1,99.81,14.13,True,True,20.0,NORMAL
2026-08-21 17:20:16,3832,79.04,0.13,100.0,15.58,True,False,20.0,NORMAL
2026-08-21 17:20:17,3833,78.96,0.11,99.89,14.54,True,True,20.0,NORMAL
2026-08-21 17:20:18,3834,78.85,0.09,100.0,15.92,True,False,20.0,NORMAL
2026-08-21 17:20:19,3835,78.97,0.11,99.92,14.66,True,True,20.0,NORMAL
2026-08-21 17:20:20,3836,79.03,0.11,100.0,16.06,True,False,20.0,NORMAL
2026-08-21 17:20:21,3837,79.07,0.12,99.91,14.94,True,True,20.0,NORMAL
2026-08-21 17:20:23,3838,79.13,0.11,100.0,16.27,True,False,20.0,NORMAL
2026-08-21 17:20:24,3839,79.09,0.11,99.87,15.52,True,False,20.0,NORMAL
2026-08-21 17:20:25,3840,79.21,0.12,99.75,14.26,True,True,20.0,NORMAL
2026-08-21 17:20:26,3841,79.26,0.11,100.0,15.67,True,False,20.0,NORMAL
2026-08-21 17:20:27,3842,79.2,0.09,99.95,14.61,True,True,20.0,NORMAL
2026-08-21 17:20:28,3843,79.22,0.08,100.0,15.92,True,False,20.0,NORMAL
2026-08-21 17:20:29,3844,79.25,0.06,99.91,15.09,True,False,20.0,NORMAL
2026-08-21 17:20:31,3845,79.22,0.05,99.83,14.43,True,True,20.0,NORMAL
2026-08-21 17:20:32,3846,79.16,0.03,100.0,15.98,True,False,20.0,NORMAL
2026-08-21 17:20:33,3847,79.13,0.02,99.9,14.8,True,True,20.0,NORMAL
2026-08-21 17:20:34,3848,79.19,0.04,100.0,16.24,True,False,20.0,NORMAL
2026-08-21 17:20:35,3849,79.27,0.03,99.95,14.94,True,True,20.0,NORMAL
2026-08-21 17:20:37,3850,79.12,0.07,100.0,16.3,True,False,20.0,NORMAL
2026-08-21 17:20:38,3851,79.12,0.05,99.87,15.29,True,False,20.0,NORMAL
2026-08-21 17:20:39,3852,78.99,0.05,99.76,14.11,True,True,20.0,NORMAL
2026-08-21 17:20:40,3853,78.98,0.04,100.0,15.29,True,False,20.0,NORMAL
2026-08-21 17:20:42,3854,79.1,0.05,99.92,14.5,True,True,20.0,NORMAL
2026-08-21 17:20:43,3855,79.17,0.04,100.0,15.65,True,False,20.0,NORMAL
2026-08-21 17:20:44,3856,79.25,0.07,99.94,14.47,True,True,20.0,NORMAL
2026-08-21 17:20:45,3857,79.25,0.08,100.0,15.87,True,False,20.0,NORMAL
2026-08-21 17:20:46,3858,79.15,0.06,99.93,15.08,True,False,20.0,NORMAL
2026-08-21 17:20:48,3859,79.16,0.06,99.78,14.06,True,True,20.0,NORMAL
2026-08-21 17:20:49,3860,79.24,0.09,100.0,15.4,True,False,20.0,NORMAL
2026-08-21 17:20:50,3861,79.09,0.1,99.93,14.36,True,True,20.0,NORMAL
2026-08-21 17:20:51,3862,78.95,0.08,100.0,15.74,True,False,20.0,NORMAL
2026-08-21 17:20:52,3863,78.97,0.08,99.92,14.72,True,True,20.0,NORMAL
2026-08-21 17:20:53,3864,78.87,0.1,100.0,16.02,True,False,20.0,NORMAL
2026-08-21 17:20:54,3865,78.83,0.13,99.95,15.29,True,False,20.0,NORMAL
2026-08-21 17:20:55,3866,78.9,0.14,99.84,14.33,True,True,20.0,NORMAL
2026-08-21 17:20:57,3867,78.85,0.12,100.0,15.63,True,False,20.0,NORMAL
2026-08-21 17:20:58,3868,78.89,0.12,99.89,14.35,True,True,20.0,NORMAL
2026-08-21 17:20:59,3869,78.97,0.11,100.0,15.52,True,False,20.0,NORMAL
2026-08-21 17:21:00,3870,78.87,0.11,99.94,14.61,True,True,20.0,NORMAL
2026-08-21 17:21:01,3871,78.84,0.14,100.0,16.11,True,False,20.0,NORMAL
2026-08-21 17:21:02,3872,78.83,0.11,99.87,15.22,True,False,20.0,NORMAL
2026-08-21 17:21:03,3873,78.8,0.12,99.79,14.07,True,True,20.0,NORMAL
2026-08-21 17:21:05,3874,78.7,0.11,100.0,15.31,True,False,20.0,NORMAL
2026-08-21 17:21:06,3875,78.69,0.11,99.94,14.22,True,True,20.0,NORMAL
2026-08-21 17:21:07,3876,78.63,0.1,100.0,15.41,True,False,20.0,NORMAL
2026-08-21 17:21:08,3877,78.58,0.07,99.93,14.32,True,True,20.0,NORMAL
2026-08-21 17:21:09,3878,78.47,0.07,100.0,15.8,True,False,20.0,NORMAL
2026-08-21 17:21:10,3879,78.33,0.09,99.89,15.05,True,False,20.0,NORMAL
2026-08-21 17:21:11,3880,78.28,0.09,99.79,14.11,True,True,20.0,NORMAL
2026-08-21 17:21:12,3881,78.29,0.08,100.0,15.33,True,False,20.0,NORMAL
2026-08-21 17:21:14,3882,78.37,0.07,99.94,14.48,True,True,20.0,NORMAL
2026-08-21 17:21:15,3883,78.38,0.07,100.0,15.9,True,False,20.0,NORMAL
2026-08-21 17:21:16,3884,78.24,0.1,99.9,14.78,True,True,20.0,NORMAL
2026-08-21 17:21:17,3885,78.12,0.11,100.0,16.27,True,False,20.0,NORMAL
2026-08-21 17:21:18,3886,78.03,0.1,99.87,15.35,True,False,20.0,NORMAL
2026-08-21 17:21:19,3887,78.04,0.07,99.77,14.51,True,True,20.0,NORMAL
2026-08-21 17:21:21,3888,77.91,0.06,100.0,16.15,True,False,20.0,NORMAL
2026-08-21 17:21:22,3889,78.05,0.06,99.94,15.12,True,False,20.0,NORMAL
2026-08-21 17:21:23,3890,77.96,0.05,99.88,14.17,True,True,20.0,NORMAL
2026-08-21 17:21:24,3891,77.96,0.04,100.0,15.78,True,False,20.0,NORMAL
2026-08-21 17:21:25,3892,77.99,0.07,99.93,14.76,True,True,20.0,NORMAL
2026-08-21 17:21:27,3893,77.92,0.08,100.0,16.29,True,False,20.0,NORMAL
2026-08-21 17:21:28,3894,77.8,0.1,99.88,15.43,True,False,20.0,NORMAL
2026-08-21 17:21:29,3895,77.78,0.12,99.74,14.54,True,True,20.0,NORMAL
2026-08-21 17:21:30,3896,77.67,0.14,100.0,15.76,True,False,20.0,NORMAL
2026-08-21 17:21:31,3897,77.65,0.16,99.87,14.49,True,True,20.0,NORMAL
2026-08-21 17:21:33,3898,77.67,0.16,100.0,15.96,True,False,20.0,NORMAL
2026-08-21 17:21:34,3899,77.71,0.13,99.9,15.18,True,False,20.0,NORMAL
2026-08-21 17:21:35,3900,77.86,0.11,99.8,13.94,True,True,20.0,NORMAL
2026-08-21 17:21:36,3901,77.88,0.13,100.0,15.22,True,False,20.0,NORMAL
2026-08-21 17:21:37,3902,77.96,0.1,99.88,14.14,True,True,20.0,NORMAL
2026-08-21 17:21:38,3903,78.1,0.11,100.0,15.76,True,False,20.0,NORMAL
2026-08-21 17:21:40,3904,78.18,0.09,99.9,14.53,True,True,20.0,NORMAL
2026-08-21 17:21:41,3905,78.3,0.07,100.0,16.11,True,False,20.0,NORMAL
2026-08-21 17:21:42,3906,78.43,0.06,99.88,15.04,True,False,20.0,NORMAL
2026-08-21 17:21:43,3907,78.33,0.03,99.79,13.96,True,True,20.0,NORMAL
2026-08-21 17:21:45,3908,78.22,0.01,100.0,15.39,True,False,20.0,NORMAL
2026-08-21 17:21:46,3909,78.24,0.01,99.9,14.4,True,True,20.0,NORMAL
2026-08-21 17:21:47,3910,78.18,0.0,100.0,15.63,True,False,20.0,NORMAL
2026-08-21 17:21:48,3911,78.09,0.0,99.9,14.44,True,True,20.0,NORMAL
2026-08-21 17:21:49,3912,78.01,0.0,100.0,15.86,True,False,20.0,NORMAL
2026-08-21 17:21:50,3913,77.93,0.01,99.94,14.79,True,True,20.0,NORMAL
2026-08-21 17:21:52,3914,77.84,0.02,100.0,16.38,True,False,20.0,NORMAL
2026-08-21 17:21:53,3915,77.83,0.05,99.95,15.31,True,False,20.0,NORMAL
2026-08-21 17:21:54,3916,77.83,0.02,99.86,14.47,True,True,20.0,NORMAL
2026-08-21 17:21:55,3917,77.71,0.04,100.0,16.12,True,False,20.0,NORMAL
2026-08-21 17:21:57,3918,77.86,0.02,99.95,15.17,True,False,20.0,NORMAL
2026-08-21 17:21:58,3919,77.84,0.04,99.84,14.25,True,True,20.0,NORMAL
2026-08-21 17:21:59,3920,77.95,0.05,100.0,15.51,True,False,20.0,NORMAL
2026-08-21 17:22:00,3921,77.84,0.05,99.86,14.62,True,True,20.0,NORMAL
2026-08-21 17:22:01,3922,77.72,0.04,100.0,15.83,True,False,20.0,NORMAL
2026-08-21 17:22:03,3923,77.77,0.04,99.89,15.07,True,False,20.0,NORMAL
2026-08-21 17:22:04,3924,77.82,0.02,99.76,14.28,True,True,20.0,NORMAL
2026-08-21 17:22:05,3925,77.84,0.03,100.0,15.96,True,False,20.0,NORMAL
2026-08-21 17:22:06,3926,77.87,0.06,99.86,15.13,True,False,20.0,NORMAL
2026-08-21 17:22:07,3927,77.97,0.09,99.74,13.99,True,True,20.0,NORMAL
2026-08-21 17:22:09,3928,77.85,0.11,100.0,15.24,True,False,20.0,NORMAL
2026-08-21 17:22:10,3929,77.76,0.08,99.85,14.22,True,True,20.0,NORMAL
2026-08-21 17:22:11,3930,77.82,0.08,100.0,15.71,True,False,20.0,NORMAL
2026-08-21 17:22:12,3931,77.75,0.06,99.9,14.69,True,True,20.0,NORMAL
2026-08-21 17:22:13,3932,77.74,0.05,100.0,15.79,True,False,20.0,NORMAL
2026-08-21 17:22:14,3933,77.73,0.05,99.9,14.59,True,True,20.0,NORMAL
2026-08-21 17:22:15,3934,77.86,0.07,100.0,16.0,True,False,20.0,NORMAL
2026-08-21 17:22:16,3935,77.81,0.05,99.87,14.86,True,True,20.0,NORMAL
2026-08-21 17:22:17,3936,77.85,0.02,100.0,16.12,True,False,20.0,NORMAL
2026-08-21 17:22:19,3937,77.73,0.03,99.87,14.9,True,True,20.0,NORMAL
2026-08-21 17:22:20,3938,77.81,0.06,100.0,16.47,True,False,20.0,NORMAL
2026-08-21 17:22:21,3939,77.7,0.03,99.9,15.5,True,False,20.0,NORMAL
2026-08-21 17:22:22,3940,77.69,0.0,99.76,14.45,True,True,20.0,NORMAL
2026-08-21 17:22:23,3941,77.73,0.02,99.97,15.96,True,False,20.0,NORMAL
2026-08-21 17:22:25,3942,77.75,0.0,99.89,14.94,True,True,20.0,NORMAL
2026-08-21 17:22:26,3943,77.76,0.0,100.0,16.42,True,False,20.0,NORMAL
2026-08-21 17:22:27,3944,77.78,0.02,99.88,15.11,True,False,20.0,NORMAL
2026-08-21 17:22:28,3945,77.78,0.01,99.8,14.21,True,True,20.0,NORMAL
2026-08-21 17:22:29,3946,77.69,0.05,100.0,15.57,True,False,20.0,NORMAL
2026-08-21 17:22:31,3947,77.63,0.02,99.94,14.83,True,True,20.0,NORMAL
2026-08-21 17:22:32,3948,77.71,0.02,100.0,16.46,True,False,20.0,NORMAL
2026-08-21 17:22:33,3949,77.58,0.05,99.94,15.67,True,False,20.0,NORMAL
2026-08-21 17:22:34,3950,77.64,0.03,99.84,14.4,True,True,20.0,NORMAL
2026-08-21 17:22:35,3951,77.61,0.01,100.0,15.58,True,False,20.0,NORMAL
2026-08-21 17:22:36,3952,77.75,0.0,99.88,14.56,True,True,20.0,NORMAL
2026-08-21 17:22:37,3953,77.74,0.02,100.0,15.9,True,False,20.0,NORMAL
2026-08-21 17:22:39,3954,77.89,0.03,99.85,14.94,True,True,20.0,NORMAL
2026-08-21 17:22:40,3955,77.94,0.01,100.0,16.5,True,False,20.0,NORMAL
2026-08-21 17:22:41,3956,77.95,0.01,99.93,15.39,True,False,20.0,NORMAL
2026-08-21 17:22:42,3957,77.95,0.04,99.84,14.41,True,True,20.0,NORMAL
2026-08-21 17:22:43,3958,78.0,0.02,100.0,15.78,True,False,20.0,NORMAL
2026-08-21 17:22:45,3959,77.94,0.03,99.93,14.5,True,True,20.0,NORMAL
2026-08-21 17:22:46,3960,78.0,0.03,100.0,15.79,True,False,20.0,NORMAL
2026-08-21 17:22:47,3961,77.88,0.03,99.91,14.68,True,True,20.0,NORMAL
2026-08-21 17:22:48,3962,77.87,0.06,100.0,16.16,True,False,20.0,NORMAL
2026-08-21 17:22:49,3963,77.97,0.05,99.91,15.29,True,False,20.0,NORMAL
2026-08-21 17:22:50,3964,77.97,0.05,99.8,14.23,True,True,20.0,NORMAL
2026-08-21 17:22:52,3965,77.95,0.06,100.0,15.47,True,False,20.0,NORMAL
2026-08-21 17:22:53,3966,77.85,0.07,99.94,14.33,True,True,20.0,NORMAL
2026-08-21 17:22:54,3967,77.76,0.07,100.0,15.51,True,False,20.0,NORMAL
2026-08-21 17:22:56,3968,77.8,0.05,99.93,14.49,True,True,20.0,NORMAL
2026-08-21 17:22:57,3969,77.89,0.04,100.0,15.77,True,False,20.0,NORMAL
2026-08-21 17:22:58,3970,77.77,0.04,99.92,14.79,True,True,20.0,NORMAL
2026-08-21 17:22:59,3971,77.72,0.04,100.0,16.34,True,False,20.0,NORMAL
2026-08-21 17:23:01,3972,77.77,0.05,99.93,15.36,True,False,20.0,NORMAL
2026-08-21 17:23:02,3973,77.81,0.08,99.88,14.13,True,True,20.0,NORMAL
2026-08-21 17:23:03,3974,77.94,0.08,100.0,15.45,True,False,20.0,NORMAL
2026-08-21 17:23:04,3975,78.09,0.07,99.9,14.24,True,True,20.0,NORMAL
2026-08-21 17:23:05,3976,78.2,0.06,100.0,15.64,True,False,20.0,NORMAL
2026-08-21 17:23:06,3977,78.12,0.08,99.86,14.57,True,True,20.0,NORMAL
2026-08-21 17:23:07,3978,78.11,0.1,100.0,16.16,True,False,20.0,NORMAL
2026-08-21 17:23:08,3979,78.23,0.1,99.89,15.09,True,False,20.0,NORMAL
2026-08-21 17:23:10,3980,78.11,0.1,99.79,14.41,True,True,20.0,NORMAL
2026-08-21 17:23:11,3981,78.04,0.11,100.0,15.87,True,False,20.0,NORMAL
2026-08-21 17:23:12,3982,78.11,0.09,99.95,14.95,True,True,20.0,NORMAL
2026-08-21 17:23:13,3983,78.08,0.11,100.0,16.23,True,False,20.0,NORMAL
2026-08-21 17:23:14,3984,77.95,0.1,99.92,14.94,True,True,20.0,NORMAL
2026-08-21 17:23:15,3985,77.87,0.1,100.0,16.03,True,False,20.0,NORMAL
2026-08-21 17:23:17,3986,77.89,0.12,99.87,15.08,True,False,20.0,NORMAL
2026-08-21 17:23:18,3987,77.83,0.1,99.74,14.42,True,True,20.0,NORMAL
2026-08-21 17:23:19,3988,77.77,0.08,100.0,15.95,True,False,20.0,NORMAL
2026-08-21 17:23:20,3989,77.8,0.05,99.9,15.18,True,False,20.0,NORMAL
2026-08-21 17:23:21,3990,77.72,0.06,99.77,14.46,True,True,20.0,NORMAL
2026-08-21 17:23:22,3991,77.61,0.06,100.0,15.97,True,False,20.0,NORMAL
2026-08-21 17:23:23,3992,77.71,0.03,99.94,15.02,True,False,20.0,NORMAL
2026-08-21 17:23:25,3993,77.79,0.01,99.85,13.85,True,True,20.0,NORMAL
2026-08-21 17:23:26,3994,77.85,0.0,100.0,15.06,True,False,20.0,NORMAL
2026-08-21 17:23:27,3995,77.87,0.04,99.93,14.01,True,True,20.0,NORMAL
2026-08-21 17:23:28,3996,77.94,0.02,100.0,15.64,True,False,20.0,NORMAL
2026-08-21 17:23:29,3997,78.09,0.05,99.9,14.4,True,True,20.0,NORMAL
2026-08-21 17:23:31,3998,78.07,0.04,100.0,15.9,True,False,20.0,NORMAL
2026-08-21 17:23:32,3999,78.12,0.02,99.95,14.68,True,True,20.0,NORMAL
2026-08-21 17:23:33,4000,78.14,0.05,100.0,15.97,True,False,20.0,NORMAL
2026-08-21 17:23:34,4001,78.25,0.06,99.9,15.23,True,False,20.0,NORMAL
2026-08-21 17:23:35,4002,78.14,0.07,99.84,14.14,True,True,20.0,NORMAL
2026-08-21 17:23:37,4003,78.25,0.07,100.0,15.61,True,False,20.0,NORMAL
2026-08-21 17:23:38,4004,78.14,0.09,99.87,14.56,True,True,20.0,NORMAL
2026-08-21 17:23:39,4005,78.11,0.1,100.0,16.09,True,False,20.0,NORMAL
2026-08-21 17:23:40,4006,78.18,0.07,99.93,15.29,True,False,20.0,NORMAL
2026-08-21 17:23:41,4007,78.06,0.09,99.79,14.58,True,True,20.0,NORMAL
2026-08-21 17:23:43,4008,78.04,0.12,100.0,15.91,True,False,20.0,NORMAL
2026-08-21 17:23:44,4009,78.05,0.14,99.93,15.1,True,False,20.0,NORMAL
2026-08-21 17:23:45,4010,78.02,0.1,99.78,14.09,True,True,20.0,NORMAL
2026-08-21 17:23:46,4011,78.1,0.13,100.0,15.29,True,False,20.0,NORMAL
2026-08-21 17:23:47,4012,78.17,0.11,99.94,14.36,True,True,20.0,NORMAL
2026-08-21 17:23:48,4013,78.04,0.12,100.0,15.73,True,False,20.0,NORMAL
2026-08-21 17:23:50,4014,77.97,0.13,99.94,14.72,True,True,20.0,NORMAL
2026-08-21 17:23:51,4015,78.05,0.11,100.0,16.39,True,False,20.0,NORMAL
2026-08-21 17:23:52,4016,78.05,0.12,99.88,15.41,True,False,20.0,NORMAL
2026-08-21 17:23:53,4017,78.05,0.12,99.79,14.2,True,True,20.0,NORMAL
2026-08-21 17:23:55,4018,78.05,0.11,100.0,15.63,True,False,20.0,NORMAL
2026-08-21 17:23:56,4019,78.02,0.09,99.85,14.6,True,True,20.0,NORMAL
2026-08-21 17:23:57,4020,78.14,0.12,100.0,15.88,True,False,20.0,NORMAL
2026-08-21 17:23:58,4021,78.1,0.11,99.92,15.13,True,False,20.0,NORMAL
2026-08-21 17:23:59,4022,78.16,0.09,99.78,14.09,True,True,20.0,NORMAL
2026-08-21 17:24:00,4023,78.16,0.11,100.0,15.46,True,False,20.0,NORMAL
2026-08-21 17:24:01,4024,78.11,0.09,99.95,14.28,True,True,20.0,NORMAL
2026-08-21 17:24:03,4025,78.16,0.07,100.0,15.74,True,False,20.0,NORMAL
2026-08-21 17:24:04,4026,78.11,0.07,99.89,14.59,True,True,20.0,NORMAL
2026-08-21 17:24:05,4027,78.12,0.08,100.0,15.8,True,False,20.0,NORMAL
2026-08-21 17:24:07,4028,78.27,0.07,99.89,14.88,True,True,20.0,NORMAL
2026-08-21 17:24:08,4029,78.18,0.05,100.0,16.4,True,False,20.0,NORMAL
2026-08-21 17:24:09,4030,78.29,0.04,99.89,15.05,True,False,20.0,NORMAL
2026-08-21 17:24:10,4031,78.42,0.04,99.79,14.38,True,True,20.0,NORMAL
2026-08-21 17:24:11,4032,78.49,0.06,100.0,16.09,True,False,20.0,NORMAL
2026-08-21 17:24:13,4033,78.59,0.04,99.85,15.35,True,False,20.0,NORMAL
2026-08-21 17:24:14,4034,78.64,0.02,99.72,14.22,True,True,20.0,NORMAL
2026-08-21 17:24:15,4035,78.67,0.03,99.93,15.5,True,False,20.0,NORMAL
2026-08-21 17:24:16,4036,78.75,0.02,99.87,14.33,True,True,20.0,NORMAL
2026-08-21 17:24:18,4037,78.73,0.0,100.0,15.82,True,False,20.0,NORMAL
2026-08-21 17:24:19,4038,78.84,0.01,99.9,14.6,True,True,20.0,NORMAL
2026-08-21 17:24:20,4039,78.76,0.01,100.0,16.21,True,False,20.0,NORMAL
2026-08-21 17:24:21,4040,78.65,0.0,99.88,14.98,True,True,20.0,NORMAL
2026-08-21 17:24:22,4041,78.75,0.0,100.0,16.15,True,False,20.0,NORMAL
2026-08-21 17:24:23,4042,78.62,0.0,99.88,15.01,True,False,20.0,NORMAL
2026-08-21 17:24:25,4043,78.72,0.03,99.77,13.83,True,True,20.0,NORMAL
2026-08-21 17:24:26,4044,78.65,0.04,100.0,15.27,True,False,20.0,NORMAL
2026-08-21 17:24:27,4045,78.66,0.03,99.93,14.28,True,True,20.0,NORMAL
2026-08-21 17:24:28,4046,78.75,0.01,100.0,15.75,True,False,20.0,NORMAL
2026-08-21 17:24:29,4047,78.79,0.0,99.95,14.71,True,True,20.0,NORMAL
2026-08-21 17:24:30,4048,78.75,0.01,100.0,15.8,True,False,20.0,NORMAL
2026-08-21 17:24:32,4049,78.7,0.04,99.87,15.0,True,False,20.0,NORMAL
2026-08-21 17:24:33,4050,78.55,0.04,99.81,14.15,True,True,20.0,NORMAL
2026-08-21 17:24:34,4051,78.63,0.02,100.0,15.36,True,False,20.0,NORMAL
2026-08-21 17:24:35,4052,78.72,0.0,99.94,14.47,True,True,20.0,NORMAL
2026-08-21 17:24:36,4053,78.6,0.0,100.0,15.94,True,False,20.0,NORMAL
2026-08-21 17:24:37,4054,78.64,0.0,99.95,15.01,True,False,20.0,NORMAL
2026-08-21 17:24:39,4055,78.73,0.0,99.84,13.8,True,True,20.0,NORMAL
2026-08-21 17:24:40,4056,78.61,0.0,100.0,15.06,True,False,20.0,NORMAL
2026-08-21 17:24:41,4057,78.61,0.0,99.93,14.0,True,True,20.0,NORMAL
2026-08-21 17:24:42,4058,78.48,0.0,100.0,15.72,True,False,20.0,NORMAL
2026-08-21 17:24:44,4059,78.53,0.0,99.95,14.98,True,True,20.0,NORMAL
2026-08-21 17:24:45,4060,78.46,0.02,100.0,16.55,True,False,20.0,NORMAL
2026-08-21 17:24:46,4061,78.54,0.04,99.89,15.21,True,False,20.0,NORMAL
2026-08-21 17:24:47,4062,78.6,0.02,99.75,14.05,True,True,20.0,NORMAL
2026-08-21 17:24:48,4063,78.61,0.04,100.0,15.38,True,False,20.0,NORMAL
2026-08-21 17:24:50,4064,78.48,0.07,99.88,14.68,True,True,20.0,NORMAL
2026-08-21 17:24:51,4065,78.52,0.05,100.0,16.0,True,False,20.0,NORMAL
2026-08-21 17:24:52,4066,78.65,0.05,99.93,14.89,True,True,20.0,NORMAL
2026-08-21 17:24:53,4067,78.54,0.04,100.0,16.24,True,False,20.0,NORMAL
2026-08-21 17:24:54,4068,78.56,0.05,99.93,15.17,True,False,20.0,NORMAL
2026-08-21 17:24:56,4069,78.65,0.03,99.84,14.48,True,True,20.0,NORMAL
2026-08-21 17:24:57,4070,78.62,0.01,100.0,15.79,True,False,20.0,NORMAL
2026-08-21 17:24:58,4071,78.52,0.03,99.93,14.51,True,True,20.0,NORMAL
2026-08-21 17:24:59,4072,78.42,0.04,100.0,16.09,True,False,20.0,NORMAL
2026-08-21 17:25:00,4073,78.27,0.03,99.85,15.06,True,False,20.0,NORMAL
2026-08-21 17:25:02,4074,78.35,0.01,99.7,13.92,True,True,20.0,NORMAL
2026-08-21 17:25:03,4075,78.35,0.04,99.92,15.29,True,False,20.0,NORMAL
2026-08-21 17:25:04,4076,78.25,0.01,99.85,14.46,True,True,20.0,NORMAL
2026-08-21 17:25:05,4077,78.17,0.0,100.0,15.81,True,False,20.0,NORMAL
2026-08-21 17:25:06,4078,78.22,0.0,99.88,14.88,True,True,20.0,NORMAL
2026-08-21 17:25:07,4079,78.12,0.0,100.0,16.26,True,False,20.0,NORMAL
2026-08-21 17:25:08,4080,77.99,0.03,99.94,15.4,True,False,20.0,NORMAL
2026-08-21 17:25:10,4081,78.09,0.02,99.81,14.33,True,True,20.0,NORMAL
2026-08-21 17:25:11,4082,78.24,0.01,100.0,15.99,True,False,20.0,NORMAL
2026-08-21 17:25:12,4083,78.37,0.03,99.92,14.79,True,True,20.0,NORMAL
2026-08-21 17:25:14,4084,78.43,0.04,100.0,16.2,True,False,20.0,NORMAL
2026-08-21 17:25:15,4085,78.31,0.06,99.94,15.24,True,False,20.0,NORMAL
2026-08-21 17:25:16,4086,78.42,0.08,99.85,14.23,True,True,20.0,NORMAL
2026-08-21 17:25:17,4087,78.27,0.07,100.0,15.76,True,False,20.0,NORMAL
2026-08-21 17:25:18,4088,78.3,0.09,99.86,15.0,True,False,20.0,NORMAL
2026-08-21 17:25:19,4089,78.17,0.1,99.73,13.85,True,True,20.0,NORMAL
2026-08-21 17:25:20,4090,78.07,0.11,99.97,15.36,True,False,20.0,NORMAL
2026-08-21 17:25:21,4091,78.05,0.09,99.9,14.59,True,True,20.0,NORMAL
2026-08-21 17:25:23,4092,77.96,0.1,100.0,15.91,True,False,20.0,NORMAL
2026-08-21 17:25:24,4093,78.08,0.09,99.85,15.06,True,False,20.0,NORMAL
2026-08-21 17:25:25,4094,78.16,0.12,99.78,14.0,True,True,20.0,NORMAL
2026-08-21 17:25:26,4095,78.06,0.11,99.99,15.55,True,False,20.0,NORMAL
2026-08-21 17:25:27,4096,78.08,0.1,99.89,14.28,True,True,20.0,NORMAL
2026-08-21 17:25:28,4097,78.08,0.09,100.0,15.82,True,False,20.0,NORMAL
2026-08-21 17:25:30,4098,78.17,0.1,99.93,14.52,True,True,20.0,NORMAL
2026-08-21 17:25:31,4099,78.31,0.1,100.0,16.09,True,False,20.0,NORMAL
2026-08-21 17:25:32,4100,78.21,0.1,99.93,14.76,True,True,20.0,NORMAL
2026-08-21 17:25:33,4101,78.21,0.12,100.0,15.85,True,False,20.0,NORMAL
2026-08-21 17:25:34,4102,78.32,0.1,99.89,14.66,True,True,20.0,NORMAL
2026-08-21 17:25:35,4103,78.23,0.07,100.0,15.85,True,False,20.0,NORMAL
2026-08-21 17:25:37,4104,78.38,0.06,99.85,14.76,True,True,20.0,NORMAL
2026-08-21 17:25:38,4105,78.3,0.05,100.0,16.31,True,False,20.0,NORMAL
2026-08-21 17:25:39,4106,78.26,0.05,99.94,15.14,True,False,20.0,NORMAL
2026-08-21 17:25:40,4107,78.32,0.04,99.85,13.97,True,True,20.0,NORMAL
2026-08-21 17:25:41,4108,78.17,0.05,100.0,15.53,True,False,20.0,NORMAL
2026-08-21 17:25:42,4109,78.17,0.08,99.92,14.5,True,True,20.0,NORMAL
2026-08-21 17:25:44,4110,78.27,0.06,100.0,15.71,True,False,20.0,NORMAL
2026-08-21 17:25:45,4111,78.14,0.08,99.9,14.53,True,True,20.0,NORMAL
2026-08-21 17:25:46,4112,78.06,0.1,100.0,16.1,True,False,20.0,NORMAL
2026-08-21 17:25:47,4113,78.17,0.08,99.87,15.22,True,False,20.0,NORMAL
2026-08-21 17:25:48,4114,78.05,0.07,99.76,14.28,True,True,20.0,NORMAL
2026-08-21 17:25:49,4115,77.95,0.07,100.0,15.6,True,False,20.0,NORMAL
2026-08-21 17:25:51,4116,77.92,0.05,99.94,14.81,True,True,20.0,NORMAL
2026-08-21 17:25:52,4117,77.9,0.04,100.0,16.45,True,False,20.0,NORMAL
2026-08-21 17:25:53,4118,77.89,0.03,99.88,15.49,True,False,20.0,NORMAL
2026-08-21 17:25:54,4119,77.83,0.06,99.77,14.71,True,True,20.0,NORMAL
2026-08-21 17:25:55,4120,77.92,0.06,99.97,16.0,True,False,20.0,NORMAL
2026-08-21 17:25:56,4121,77.85,0.05,99.82,15.06,True,False,20.0,NORMAL
2026-08-21 17:25:57,4122,77.75,0.06,99.74,14.12,True,True,20.0,NORMAL
2026-08-21 17:25:59,4123,77.69,0.07,99.99,15.58,True,False,20.0,NORMAL
2026-08-21 17:26:00,4124,77.7,0.05,99.86,14.45,True,True,20.0,NORMAL
2026-08-21 17:26:01,4125,77.73,0.07,100.0,15.91,True,False,20.0,NORMAL
2026-08-21 17:26:02,4126,77.75,0.1,99.94,15.19,True,False,20.0,NORMAL
2026-08-21 17:26:03,4127,77.89,0.11,99.81,14.12,True,True,20.0,NORMAL
2026-08-21 17:26:04,4128,77.75,0.13,100.0,15.67,True,False,20.0,NORMAL
2026-08-21 17:26:06,4129,77.83,0.14,99.9,14.9,True,True,20.0,NORMAL
2026-08-21 17:26:07,4130,77.84,0.14,100.0,16.0,True,False,20.0,NORMAL
2026-08-21 17:26:08,4131,77.99,0.12,99.92,15.0,True,False,20.0,NORMAL
2026-08-21 17:26:09,4132,77.94,0.14,99.84,13.76,True,True,20.0,NORMAL
2026-08-21 17:26:10,4133,78.03,0.14,100.0,15.2,True,False,20.0,NORMAL
2026-08-21 17:26:11,4134,78.13,0.15,99.9,14.09,True,True,20.0,NORMAL
2026-08-21 17:26:12,4135,78.15,0.12,100.0,15.28,True,False,20.0,NORMAL
2026-08-21 17:26:14,4136,78.01,0.12,99.89,14.44,True,True,20.0,NORMAL
2026-08-21 17:26:15,4137,78.06,0.14,100.0,15.96,True,False,20.0,NORMAL
2026-08-21 17:26:16,4138,77.93,0.1,99.95,14.75,True,True,20.0,NORMAL
2026-08-21 17:26:17,4139,77.96,0.13,100.0,16.19,True,False,20.0,NORMAL
2026-08-21 17:26:18,4140,77.83,0.12,99.88,14.86,True,True,20.0,NORMAL
2026-08-21 17:26:19,4141,77.94,0.13,100.0,16.0,True,False,20.0,NORMAL
2026-08-21 17:26:21,4142,77.85,0.1,99.9,15.06,True,False,20.0,NORMAL
2026-08-21 17:26:22,4143,78.01,0.13,99.77,13.98,True,True,20.0,NORMAL
2026-08-21 17:26:23,4144,77.99,0.14,100.0,15.34,True,False,20.0,NORMAL
2026-08-21 17:26:24,4145,77.93,0.16,99.9,14.43,True,True,20.0,NORMAL
2026-08-21 17:26:25,4146,77.79,0.17,100.0,15.9,True,False,20.0,NORMAL
2026-08-21 17:26:26,4147,77.83,0.16,99.88,15.16,True,False,20.0,NORMAL
2026-08-21 17:26:27,4148,77.71,0.16,99.78,14.05,True,True,20.0,NORMAL
2026-08-21 17:26:28,4149,77.73,0.13,100.0,15.65,True,False,20.0,NORMAL
2026-08-21 17:26:30,4150,77.71,0.13,99.86,14.57,True,True,20.0,NORMAL
2026-08-21 17:26:31,4151,77.74,0.1,100.0,15.87,True,False,20.0,NORMAL
2026-08-21 17:26:32,4152,77.64,0.08,99.92,14.99,True,True,20.0,NORMAL
2026-08-21 17:26:33,4153,77.63,0.08,100.0,16.64,True,False,20.0,NORMAL
2026-08-21 17:26:34,4154,77.59,0.07,99.86,15.59,True,False,20.0,NORMAL
2026-08-21 17:26:35,4155,77.53,0.1,99.71,14.78,True,True,20.0,NORMAL
2026-08-21 17:26:37,4156,77.54,0.1,99.99,16.27,True,False,20.0,NORMAL
2026-08-21 17:26:38,4157,77.67,0.13,99.84,15.48,True,False,20.0,NORMAL
2026-08-21 17:26:39,4158,77.55,0.1,99.7,14.36,True,True,20.0,NORMAL
2026-08-21 17:26:40,4159,77.67,0.12,99.94,15.72,True,False,20.0,NORMAL
2026-08-21 17:26:41,4160,77.69,0.13,99.86,14.76,True,True,20.0,NORMAL
2026-08-21 17:26:42,4161,77.66,0.14,100.0,16.34,True,False,20.0,NORMAL
2026-08-21 17:26:44,4162,77.77,0.16,99.92,15.54,True,False,20.0,NORMAL
2026-08-21 17:26:45,4163,77.89,0.15,99.8,14.57,True,True,20.0,NORMAL
2026-08-21 17:26:46,4164,77.78,0.17,100.0,15.86,True,False,20.0,NORMAL
2026-08-21 17:26:47,4165,77.92,0.18,99.85,15.14,True,False,20.0,NORMAL
2026-08-21 17:26:48,4166,78.07,0.17,99.78,13.92,True,True,20.0,NORMAL
2026-08-21 17:26:49,4167,78.07,0.15,100.0,15.38,True,False,20.0,NORMAL
2026-08-21 17:26:50,4168,77.95,0.12,99.9,14.59,True,True,20.0,NORMAL
2026-08-21 17:26:51,4169,77.89,0.09,100.0,15.9,True,False,20.0,NORMAL
2026-08-21 17:26:53,4170,77.94,0.07,99.92,14.9,True,True,20.0,NORMAL
2026-08-21 17:26:54,4171,78.07,0.08,100.0,16.47,True,False,20.0,NORMAL
2026-08-21 17:26:55,4172,78.11,0.06,99.95,15.55,True,False,20.0,NORMAL
2026-08-21 17:26:56,4173,78.19,0.07,99.82,14.54,True,True,20.0,NORMAL
2026-08-21 17:26:57,4174,78.12,0.09,100.0,16.19,True,False,20.0,NORMAL
2026-08-21 17:26:58,4175,77.98,0.08,99.91,14.92,True,True,20.0,NORMAL
2026-08-21 17:26:59,4176,77.84,0.09,100.0,16.48,True,False,20.0,NORMAL
2026-08-21 17:27:01,4177,77.94,0.08,99.94,15.14,True,False,20.0,NORMAL
2026-08-21 17:27:02,4178,77.94,0.05,99.87,14.44,True,True,20.0,NORMAL
2026-08-21 17:27:03,4179,78.02,0.08,100.0,15.92,True,False,20.0,NORMAL
2026-08-21 17:27:04,4180,78.04,0.08,99.87,15.03,True,False,20.0,NORMAL
2026-08-21 17:27:05,4181,78.03,0.08,99.79,13.81,True,True,20.0,NORMAL
2026-08-21 17:27:06,4182,77.97,0.11,100.0,15.19,True,False,20.0,NORMAL
2026-08-21 17:27:08,4183,77.93,0.09,99.93,14.37,True,True,20.0,NORMAL
2026-08-21 17:27:09,4184,78.06,0.08,100.0,15.93,True,False,20.0,NORMAL
2026-08-21 17:27:10,4185,78.21,0.09,99.92,14.96,True,True,20.0,NORMAL
2026-08-21 17:27:11,4186,78.25,0.12,100.0,16.5,True,False,20.0,NORMAL
2026-08-21 17:27:12,4187,78.31,0.13,99.89,15.69,True,False,20.0,NORMAL
2026-08-21 17:27:13,4188,78.41,0.14,99.77,14.61,True,True,20.0,NORMAL
2026-08-21 17:27:14,4189,78.27,0.12,100.0,15.9,True,False,20.0,NORMAL
2026-08-21 17:27:16,4190,78.14,0.12,99.91,14.97,True,True,20.0,NORMAL
2026-08-21 17:27:17,4191,78.25,0.14,100.0,16.08,True,False,20.0,NORMAL
2026-08-21 17:27:18,4192,78.28,0.12,99.88,14.81,True,True,20.0,NORMAL
2026-08-21 17:27:19,4193,78.34,0.09,100.0,16.42,True,False,20.0,NORMAL
2026-08-21 17:27:20,4194,78.28,0.08,99.94,15.5,True,False,20.0,NORMAL
2026-08-21 17:27:21,4195,78.31,0.06,99.88,14.48,True,True,20.0,NORMAL
2026-08-21 17:27:22,4196,78.24,0.04,100.0,15.89,True,False,20.0,NORMAL
2026-08-21 17:27:23,4197,78.24,0.05,99.88,14.57,True,True,20.0,NORMAL
2026-08-21 17:27:25,4198,78.39,0.03,100.0,15.7,True,False,20.0,NORMAL
2026-08-21 17:27:26,4199,78.51,0.04,99.88,14.78,True,True,20.0,NORMAL
2026-08-21 17:27:27,4200,78.41,0.07,100.0,16.1,True,False,20.0,NORMAL
2026-08-21 17:27:28,4201,78.45,0.04,99.87,15.06,True,False,20.0,NORMAL
2026-08-21 17:27:29,4202,78.51,0.02,99.81,14.24,True,True,20.0,NORMAL
2026-08-21 17:27:30,4203,78.57,0.02,100.0,15.9,True,False,20.0,NORMAL
2026-08-21 17:27:31,4204,78.69,0.04,99.92,14.7,True,True,20.0,NORMAL
2026-08-21 17:27:32,4205,78.59,0.05,100.0,16.16,True,False,20.0,NORMAL
2026-08-21 17:27:34,4206,78.56,0.04,99.93,15.18,True,False,20.0,NORMAL
2026-08-21 17:27:35,4207,78.51,0.04,99.8,13.99,True,True,20.0,NORMAL
2026-08-21 17:27:36,4208,78.41,0.05,100.0,15.13,True,False,20.0,NORMAL
2026-08-21 17:27:37,4209,78.43,0.07,99.88,14.46,True,True,20.0,NORMAL
2026-08-21 17:27:38,4210,78.55,0.08,100.0,15.62,True,False,20.0,NORMAL
2026-08-21 17:27:39,4211,78.55,0.09,99.92,14.66,True,True,20.0,NORMAL
2026-08-21 17:27:40,4212,78.49,0.11,100.0,16.3,True,False,20.0,NORMAL
2026-08-21 17:27:41,4213,78.35,0.11,99.89,15.0,True,False,20.0,NORMAL
2026-08-21 17:27:43,4214,78.24,0.09,99.76,13.81,True,True,20.0,NORMAL
2026-08-21 17:27:44,4215,78.23,0.07,100.0,15.51,True,False,20.0,NORMAL
2026-08-21 17:27:45,4216,78.28,0.07,99.91,14.56,True,True,20.0,NORMAL
2026-08-21 17:27:46,4217,78.35,0.05,100.0,16.25,True,False,20.0,NORMAL
2026-08-21 17:27:47,4218,78.28,0.06,99.95,15.35,True,False,20.0,NORMAL
2026-08-21 17:27:48,4219,78.4,0.04,99.81,14.48,True,True,20.0,NORMAL
2026-08-21 17:27:50,4220,78.31,0.02,100.0,15.85,True,False,20.0,NORMAL
2026-08-21 17:27:51,4221,78.3,0.04,99.95,14.54,True,True,20.0,NORMAL
2026-08-21 17:27:52,4222,78.2,0.03,100.0,15.76,True,False,20.0,NORMAL
2026-08-21 17:27:53,4223,78.06,0.05,99.87,14.76,True,True,20.0,NORMAL
2026-08-21 17:27:54,4224,78.04,0.06,100.0,16.15,True,False,20.0,NORMAL
2026-08-21 17:27:55,4225,77.97,0.05,99.88,15.01,True,False,20.0,NORMAL
2026-08-21 17:27:57,4226,78.03,0.06,99.79,14.24,True,True,20.0,NORMAL
2026-08-21 17:27:58,4227,77.89,0.07,100.0,15.91,True,False,20.0,NORMAL
2026-08-21 17:27:59,4228,77.93,0.04,99.88,14.67,True,True,20.0,NORMAL
2026-08-21 17:28:00,4229,78.04,0.03,100.0,16.11,True,False,20.0,NORMAL
2026-08-21 17:28:01,4230,78.08,0.06,99.95,14.92,True,True,20.0,NORMAL
2026-08-21 17:28:03,4231,78.02,0.08,100.0,16.06,True,False,20.0,NORMAL
2026-08-21 17:28:04,4232,78.06,0.09,99.93,14.99,True,True,20.0,NORMAL
2026-08-21 17:28:05,4233,78.17,0.09,100.0,16.61,True,False,20.0,NORMAL
2026-08-21 17:28:06,4234,78.04,0.1,99.91,15.71,True,False,20.0,NORMAL
2026-08-21 17:28:07,4235,78.2,0.07,99.85,14.48,True,True,20.0,NORMAL
2026-08-21 17:28:08,4236,78.3,0.06,100.0,15.85,True,False,20.0,NORMAL
2026-08-21 17:28:10,4237,78.19,0.03,99.91,14.59,True,True,20.0,NORMAL
2026-08-21 17:28:11,4238,78.32,0.02,100.0,16.22,True,False,20.0,NORMAL
2026-08-21 17:28:12,4239,78.29,0.06,99.87,15.2,True,False,20.0,NORMAL
2026-08-21 17:28:13,4240,78.37,0.04,99.76,14.0,True,True,20.0,NORMAL
2026-08-21 17:28:14,4241,78.51,0.06,100.0,15.61,True,False,20.0,NORMAL
2026-08-21 17:28:15,4242,78.51,0.08,99.89,14.52,True,True,20.0,NORMAL
2026-08-21 17:28:17,4243,78.48,0.09,100.0,16.02,True,False,20.0,NORMAL
2026-08-21 17:28:18,4244,78.6,0.11,99.88,14.96,True,True,20.0,NORMAL
2026-08-21 17:28:19,4245,78.54,0.09,100.0,16.06,True,False,20.0,NORMAL
2026-08-21 17:28:20,4246,78.61,0.07,99.86,15.05,True,False,20.0,NORMAL
2026-08-21 17:28:21,4247,78.48,0.08,99.72,14.23,True,True,20.0,NORMAL
2026-08-21 17:28:22,4248,78.51,0.1,100.0,15.84,True,False,20.0,NORMAL
2026-08-21 17:28:24,4249,78.66,0.11,99.95,14.71,True,True,20.0,NORMAL
2026-08-21 17:28:25,4250,78.51,0.14,100.0,16.09,True,False,20.0,NORMAL
2026-08-21 17:28:26,4251,78.49,0.15,99.92,14.79,True,True,20.0,NORMAL
2026-08-21 17:28:27,4252,78.35,0.13,100.0,16.17,True,False,20.0,NORMAL
2026-08-21 17:28:28,4253,78.41,0.11,99.92,15.01,True,False,20.0,NORMAL
2026-08-21 17:28:30,4254,78.31,0.14,99.87,13.87,True,True,20.0,NORMAL
2026-08-21 17:28:31,4255,78.36,0.11,100.0,15.55,True,False,20.0,NORMAL
2026-08-21 17:28:32,4256,78.22,0.13,99.91,14.61,True,True,20.0,NORMAL
2026-08-21 17:28:33,4257,78.14,0.12,100.0,15.82,True,False,20.0,NORMAL
2026-08-21 17:28:34,4258,78.27,0.1,99.89,14.94,True,True,20.0,NORMAL
2026-08-21 17:28:35,4259,78.26,0.09,100.0,16.48,True,False,20.0,NORMAL
2026-08-21 17:28:37,4260,78.21,0.1,99.89,15.6,True,False,20.0,NORMAL
2026-08-21 17:28:38,4261,78.29,0.11,99.78,14.42,True,True,20.0,NORMAL
2026-08-21 17:28:39,4262,78.14,0.14,100.0,15.95,True,False,20.0,NORMAL
2026-08-21 17:28:40,4263,78.04,0.11,99.86,14.78,True,True,20.0,NORMAL
2026-08-21 17:28:41,4264,77.91,0.13,100.0,16.01,True,False,20.0,NORMAL
2026-08-21 17:28:42,4265,77.82,0.12,99.94,14.83,True,True,20.0,NORMAL
2026-08-21 17:28:44,4266,77.86,0.1,100.0,16.19,True,False,20.0,NORMAL
2026-08-21 17:28:45,4267,77.9,0.07,99.89,15.3,True,False,20.0,NORMAL
2026-08-21 17:28:46,4268,77.83,0.1,99.77,14.58,True,True,20.0,NORMAL
2026-08-21 17:28:47,4269,77.81,0.09,100.0,16.09,True,False,20.0,NORMAL
2026-08-21 17:28:48,4270,77.92,0.11,99.91,15.14,True,False,20.0,NORMAL
2026-08-21 17:28:49,4271,78.07,0.11,99.82,14.27,True,True,20.0,NORMAL
2026-08-21 17:28:51,4272,78.01,0.13,100.0,15.61,True,False,20.0,NORMAL
2026-08-21 17:28:52,4273,77.98,0.1,99.92,14.55,True,True,20.0,NORMAL
2026-08-21 17:28:53,4274,77.94,0.11,100.0,15.74,True,False,20.0,NORMAL
2026-08-21 17:28:54,4275,77.93,0.12,99.87,14.53,True,True,20.0,NORMAL
2026-08-21 17:28:55,4276,77.83,0.09,100.0,16.0,True,False,20.0,NORMAL
2026-08-21 17:28:56,4277,77.82,0.1,99.87,15.19,True,False,20.0,NORMAL
2026-08-21 17:28:58,4278,77.87,0.12,99.81,13.96,True,True,20.0,NORMAL
2026-08-21 17:28:59,4279,77.75,0.14,100.0,15.54,True,False,20.0,NORMAL
2026-08-21 17:29:00,4280,77.71,0.12,99.9,14.8,True,True,20.0,NORMAL
2026-08-21 17:29:01,4281,77.65,0.13,100.0,15.95,True,False,20.0,NORMAL
2026-08-21 17:29:02,4282,77.67,0.14,99.91,15.19,True,False,20.0,NORMAL
2026-08-21 17:29:03,4283,77.77,0.12,99.83,14.42,True,True,20.0,NORMAL
2026-08-21 17:29:05,4284,77.71,0.12,100.0,15.91,True,False,20.0,NORMAL
2026-08-21 17:29:06,4285,77.68,0.11,99.89,14.87,True,True,20.0,NORMAL
2026-08-21 17:29:07,4286,77.69,0.09,100.0,16.0,True,False,20.0,NORMAL
2026-08-21 17:29:08,4287,77.75,0.11,99.93,14.85,True,True,20.0,NORMAL
2026-08-21 17:29:09,4288,77.87,0.11,100.0,15.98,True,False,20.0,NORMAL
2026-08-21 17:29:10,4289,77.99,0.11,99.93,15.18,True,False,20.0,NORMAL
2026-08-21 17:29:11,4290,77.89,0.1,99.78,14.31,True,True,20.0,NORMAL
2026-08-21 17:29:12,4291,77.92,0.12,100.0,15.51,True,False,20.0,NORMAL
2026-08-21 17:29:14,4292,78.0,0.14,99.92,14.62,True,True,20.0,NORMAL
2026-08-21 17:29:15,4293,77.95,0.13,100.0,15.78,True,False,20.0,NORMAL
2026-08-21 17:29:16,4294,77.95,0.15,99.93,14.66,True,True,20.0,NORMAL
2026-08-21 17:29:17,4295,78.02,0.15,100.0,16.32,True,False,20.0,NORMAL
2026-08-21 17:29:18,4296,77.94,0.13,99.94,15.14,True,False,20.0,NORMAL
2026-08-21 17:29:19,4297,77.98,0.15,99.87,14.06,True,True,20.0,NORMAL
2026-08-21 17:29:20,4298,78.09,0.14,100.0,15.41,True,False,20.0,NORMAL
2026-08-21 17:29:22,4299,78.23,0.11,99.94,14.32,True,True,20.0,NORMAL
2026-08-21 17:29:23,4300,78.37,0.13,100.0,16.0,True,False,20.0,NORMAL
2026-08-21 17:29:24,4301,78.43,0.12,99.85,15.19,True,False,20.0,NORMAL
2026-08-21 17:29:25,4302,78.5,0.13,99.8,13.99,True,True,20.0,NORMAL
2026-08-21 17:29:26,4303,78.63,0.14,100.0,15.68,True,False,20.0,NORMAL
2026-08-21 17:29:27,4304,78.59,0.14,99.94,14.97,True,True,20.0,NORMAL
2026-08-21 17:29:28,4305,78.59,0.15,100.0,16.58,True,False,20.0,NORMAL
2026-08-21 17:29:29,4306,78.47,0.14,99.95,15.66,True,False,20.0,NORMAL
2026-08-21 17:29:31,4307,78.45,0.11,99.85,14.74,True,True,20.0,NORMAL
2026-08-21 17:29:32,4308,78.4,0.11,100.0,16.01,True,False,20.0,NORMAL
2026-08-21 17:29:33,4309,78.26,0.11,99.93,14.73,True,True,20.0,NORMAL
2026-08-21 17:29:34,4310,78.17,0.09,100.0,15.85,True,False,20.0,NORMAL
2026-08-21 17:29:35,4311,78.17,0.08,99.92,15.14,True,False,20.0,NORMAL
2026-08-21 17:29:36,4312,78.13,0.09,99.85,13.95,True,True,20.0,NORMAL
2026-08-21 17:29:37,4313,78.24,0.1,100.0,15.62,True,False,20.0,NORMAL
2026-08-21 17:29:39,4314,78.31,0.1,99.88,14.88,True,True,20.0,NORMAL
2026-08-21 17:29:40,4315,78.24,0.1,100.0,16.5,True,False,20.0,NORMAL
2026-08-21 17:29:41,4316,78.38,0.12,99.92,15.29,True,False,20.0,NORMAL
2026-08-21 17:29:42,4317,78.35,0.12,99.86,14.26,True,True,20.0,NORMAL
2026-08-21 17:29:43,4318,78.39,0.11,100.0,15.41,True,False,20.0,NORMAL
2026-08-21 17:29:44,4319,78.26,0.09,99.9,14.26,True,True,20.0,NORMAL
2026-08-21 17:29:45,4320,78.37,0.06,100.0,15.92,True,False,20.0,NORMAL
2026-08-21 17:29:47,4321,78.52,0.07,99.91,14.79,True,True,20.0,NORMAL
2026-08-21 17:29:48,4322,78.6,0.05,100.0,16.21,True,False,20.0,NORMAL
2026-08-21 17:29:49,4323,78.62,0.07,99.95,14.9,True,True,20.0,NORMAL
2026-08-21 17:29:50,4324,78.62,0.06,100.0,16.28,True,False,20.0,NORMAL
2026-08-21 17:29:51,4325,78.47,0.04,99.92,15.11,True,False,20.0,NORMAL
2026-08-21 17:29:52,4326,78.32,0.06,99.84,14.06,True,True,20.0,NORMAL
2026-08-21 17:29:54,4327,78.31,0.04,100.0,15.57,True,False,20.0,NORMAL
2026-08-21 17:29:55,4328,78.4,0.03,99.86,14.35,True,True,20.0,NORMAL
2026-08-21 17:29:56,4329,78.48,0.04,100.0,15.66,True,False,20.0,NORMAL
2026-08-21 17:29:57,4330,78.39,0.07,99.93,14.9,True,True,20.0,NORMAL
2026-08-21 17:29:58,4331,78.52,0.06,100.0,16.02,True,False,20.0,NORMAL
2026-08-21 17:29:59,4332,78.41,0.04,99.92,15.17,True,False,20.0,NORMAL
2026-08-21 17:30:01,4333,78.52,0.06,99.8,13.95,True,True,20.0,NORMAL
2026-08-21 17:30:02,4334,78.54,0.08,100.0,15.37,True,False,20.0,NORMAL
2026-08-21 17:30:03,4335,78.64,0.11,99.92,14.28,True,True,20.0,NORMAL
2026-08-21 17:30:04,4336,78.52,0.1,100.0,15.53,True,False,20.0,NORMAL
2026-08-21 17:30:05,4337,78.63,0.09,99.93,14.37,True,True,20.0,NORMAL
2026-08-21 17:30:06,4338,78.49,0.07,100.0,15.54,True,False,20.0,NORMAL
2026-08-21 17:30:07,4339,78.35,0.07,99.86,14.7,True,True,20.0,NORMAL
2026-08-21 17:30:08,4340,78.43,0.09,100.0,16.13,True,False,20.0,NORMAL
2026-08-21 17:30:09,4341,78.46,0.11,99.95,15.2,True,False,20.0,NORMAL
2026-08-21 17:30:11,4342,78.58,0.14,99.82,14.38,True,True,20.0,NORMAL
2026-08-21 17:30:12,4343,78.56,0.13,100.0,15.51,True,False,20.0,NORMAL
2026-08-21 17:30:13,4344,78.61,0.13,99.89,14.71,True,True,20.0,NORMAL
2026-08-21 17:30:14,4345,78.61,0.13,100.0,15.91,True,False,20.0,NORMAL
2026-08-21 17:30:15,4346,78.66,0.11,99.92,14.79,True,True,20.0,NORMAL
2026-08-21 17:30:16,4347,78.78,0.12,100.0,16.42,True,False,20.0,NORMAL
2026-08-21 17:30:17,4348,78.65,0.14,99.91,15.34,True,False,20.0,NORMAL
2026-08-21 17:30:19,4349,78.62,0.13,99.81,14.22,True,True,20.0,NORMAL
2026-08-21 17:30:20,4350,78.72,0.11,100.0,15.62,True,False,20.0,NORMAL
2026-08-21 17:30:21,4351,78.76,0.08,99.9,14.44,True,True,20.0,NORMAL
2026-08-21 17:30:22,4352,78.66,0.07,100.0,15.92,True,False,20.0,NORMAL
2026-08-21 17:30:23,4353,78.79,0.07,99.9,14.75,True,True,20.0,NORMAL
2026-08-21 17:30:24,4354,78.68,0.06,100.0,16.06,True,False,20.0,NORMAL
2026-08-21 17:30:25,4355,78.8,0.05,99.93,15.29,True,False,20.0,NORMAL
2026-08-21 17:30:26,4356,78.67,0.09,99.87,14.42,True,True,20.0,NORMAL
2026-08-21 17:30:28,4357,78.54,0.12,100.0,15.68,True,False,20.0,NORMAL
2026-08-21 17:30:29,4358,78.64,0.13,99.86,14.68,True,True,20.0,NORMAL
2026-08-21 17:30:30,4359,78.69,0.12,100.0,16.17,True,False,20.0,NORMAL
2026-08-21 17:30:31,4360,78.72,0.13,99.88,15.14,True,False,20.0,NORMAL
2026-08-21 17:30:32,4361,78.8,0.12,99.77,14.25,True,True,20.0,NORMAL
2026-08-21 17:30:33,4362,78.65,0.1,99.98,15.77,True,False,20.0,NORMAL
2026-08-21 17:30:34,4363,78.51,0.11,99.89,14.63,True,True,20.0,NORMAL
2026-08-21 17:30:36,4364,78.59,0.12,100.0,16.03,True,False,20.0,NORMAL
2026-08-21 17:30:37,4365,78.47,0.11,99.94,15.04,True,False,20.0,NORMAL
2026-08-21 17:30:38,4366,78.44,0.14,99.84,14.33,True,True,20.0,NORMAL
2026-08-21 17:30:39,4367,78.4,0.13,100.0,15.8,True,False,20.0,NORMAL
2026-08-21 17:30:40,4368,78.31,0.14,99.88,14.86,True,True,20.0,NORMAL
2026-08-21 17:30:41,4369,78.37,0.15,100.0,16.0,True,False,20.0,NORMAL
2026-08-21 17:30:42,4370,78.45,0.13,99.9,15.15,True,False,20.0,NORMAL
2026-08-21 17:30:43,4371,78.44,0.13,99.83,14.46,True,True,20.0,NORMAL
2026-08-21 17:30:44,4372,78.3,0.16,100.0,15.78,True,False,20.0,NORMAL
2026-08-21 17:30:46,4373,78.3,0.14,99.85,14.61,True,True,20.0,NORMAL
2026-08-21 17:30:47,4374,78.26,0.17,100.0,16.08,True,False,20.0,NORMAL
2026-08-21 17:30:48,4375,78.29,0.18,99.93,15.11,True,False,20.0,NORMAL
2026-08-21 17:30:49,4376,78.17,0.19,99.86,14.17,True,True,20.0,NORMAL
2026-08-21 17:30:50,4377,78.21,0.19,100.0,15.88,True,False,20.0,NORMAL
2026-08-21 17:30:51,4378,78.25,0.16,99.92,14.6,True,True,20.0,NORMAL
2026-08-21 17:30:52,4379,78.29,0.18,100.0,16.22,True,False,20.0,NORMAL
2026-08-21 17:30:53,4380,78.38,0.15,99.94,15.23,True,False,20.0,NORMAL
2026-08-21 17:30:55,4381,78.28,0.14,99.87,14.11,True,True,20.0,NORMAL
2026-08-21 17:30:56,4382,78.38,0.14,100.0,15.34,True,False,20.0,NORMAL
2026-08-21 17:30:57,4383,78.24,0.16,99.92,14.15,True,True,20.0,NORMAL
2026-08-21 17:30:58,4384,78.26,0.13,100.0,15.4,True,False,20.0,NORMAL
2026-08-21 17:30:59,4385,78.18,0.12,99.95,14.65,True,True,20.0,NORMAL
2026-08-21 17:31:00,4386,78.15,0.11,100.0,16.03,True,False,20.0,NORMAL
2026-08-21 17:31:01,4387,78.3,0.11,99.87,15.01,True,False,20.0,NORMAL
2026-08-21 17:31:02,4388,78.38,0.08,99.74,13.86,True,True,20.0,NORMAL
2026-08-21 17:31:03,4389,78.35,0.09,100.0,15.28,True,False,20.0,NORMAL
2026-08-21 17:31:05,4390,78.45,0.09,99.91,14.36,True,True,20.0,NORMAL
2026-08-21 17:31:06,4391,78.41,0.11,100.0,15.63,True,False,20.0,NORMAL
2026-08-21 17:31:07,4392,78.46,0.12,99.86,14.56,True,True,20.0,NORMAL
2026-08-21 17:31:08,4393,78.54,0.12,100.0,15.83,True,False,20.0,NORMAL
2026-08-21 17:31:09,4394,78.4,0.13,99.89,14.86,True,True,20.0,NORMAL
2026-08-21 17:31:10,4395,78.49,0.09,100.0,16.07,True,False,20.0,NORMAL
2026-08-21 17:31:11,4396,78.41,0.09,99.91,15.19,True,False,20.0,NORMAL
2026-08-21 17:31:13,4397,78.26,0.06,99.77,14.16,True,True,20.0,NORMAL
2026-08-21 17:31:14,4398,78.36,0.08,100.0,15.82,True,False,20.0,NORMAL
2026-08-21 17:31:15,4399,78.43,0.08,99.94,15.03,True,False,20.0,NORMAL
2026-08-21 17:31:16,4400,78.42,0.05,99.8,13.96,True,True,20.0,NORMAL
2026-08-21 17:31:17,4401,78.31,0.03,100.0,15.29,True,False,20.0,NORMAL
2026-08-21 17:31:18,4402,78.22,0.05,99.9,14.2,True,True,20.0,NORMAL
2026-08-21 17:31:19,4403,78.12,0.03,100.0,15.6,True,False,20.0,NORMAL
2026-08-21 17:31:21,4404,78.05,0.01,99.91,14.45,True,True,20.0,NORMAL
2026-08-21 17:31:22,4405,77.93,0.03,100.0,15.77,True,False,20.0,NORMAL
2026-08-21 17:31:23,4406,77.96,0.05,99.89,14.91,True,True,20.0,NORMAL
2026-08-21 17:31:24,4407,77.93,0.08,100.0,15.98,True,False,20.0,NORMAL
2026-08-21 17:31:25,4408,77.78,0.07,99.88,14.93,True,True,20.0,NORMAL
2026-08-21 17:31:26,4409,77.84,0.06,100.0,16.52,True,False,20.0,NORMAL
2026-08-21 17:31:27,4410,77.7,0.03,99.94,15.33,True,False,20.0,NORMAL
2026-08-21 17:31:28,4411,77.79,0.03,99.88,14.63,True,True,20.0,NORMAL
2026-08-21 17:31:29,4412,77.68,0.01,100.0,16.26,True,False,20.0,NORMAL
2026-08-21 17:31:31,4413,77.69,0.0,99.9,15.09,True,False,20.0,NORMAL
2026-08-21 17:31:32,4414,77.76,0.01,99.84,14.43,True,True,20.0,NORMAL
2026-08-21 17:31:33,4415,77.9,0.0,100.0,16.03,True,False,20.0,NORMAL
2026-08-21 17:31:34,4416,78.04,0.0,99.9,15.21,True,False,20.0,NORMAL
2026-08-21 17:31:35,4417,78.06,0.0,99.79,14.27,True,True,20.0,NORMAL
2026-08-21 17:31:36,4418,78.11,0.01,100.0,15.47,True,False,20.0,NORMAL
2026-08-21 17:31:38,4419,78.0,0.0,99.88,14.19,True,True,20.0,NORMAL
2026-08-21 17:31:39,4420,78.06,0.03,100.0,15.78,True,False,20.0,NORMAL
2026-08-21 17:31:40,4421,77.94,0.01,99.9,15.06,True,False,20.0,NORMAL
2026-08-21 17:31:41,4422,77.83,0.02,99.82,14.01,True,True,20.0,NORMAL
2026-08-21 17:31:42,4423,77.89,0.02,100.0,15.52,True,False,20.0,NORMAL
2026-08-21 17:31:44,4424,77.99,0.02,99.88,14.79,True,True,20.0,NORMAL
2026-08-21 17:31:45,4425,77.92,0.04,100.0,16.06,True,False,20.0,NORMAL
2026-08-21 17:31:46,4426,77.9,0.02,99.92,15.23,True,False,20.0,NORMAL
2026-08-21 17:31:47,4427,78.05,0.03,99.83,14.3,True,True,20.0,NORMAL
2026-08-21 17:31:48,4428,78.18,0.03,100.0,15.98,True,False,20.0,NORMAL
2026-08-21 17:31:50,4429,78.2,0.06,99.94,15.18,True,False,20.0,NORMAL
2026-08-21 17:31:51,4430,78.21,0.03,99.8,14.11,True,True,20.0,NORMAL
2026-08-21 17:31:52,4431,78.17,0.06,100.0,15.53,True,False,20.0,NORMAL
2026-08-21 17:31:53,4432,78.03,0.04,99.93,14.63,True,True,20.0,NORMAL
2026-08-21 17:31:54,4433,77.9,0.07,100.0,16.07,True,False,20.0,NORMAL
2026-08-21 17:31:56,4434,77.88,0.08,99.94,14.96,True,True,20.0,NORMAL
2026-08-21 17:31:57,4435,77.74,0.06,100.0,16.43,True,False,20.0,NORMAL
2026-08-21 17:31:58,4436,77.76,0.05,99.95,15.12,True,False,20.0,NORMAL
2026-08-21 17:31:59,4437,77.91,0.05,99.88,14.18,True,True,20.0,NORMAL
2026-08-21 17:32:00,4438,77.79,0.06,100.0,15.81,True,False,20.0,NORMAL
2026-08-21 17:32:01,4439,77.87,0.07,99.94,14.81,True,True,20.0,NORMAL
2026-08-21 17:32:02,4440,78.0,0.05,100.0,16.22,True,False,20.0,NORMAL
2026-08-21 17:32:03,4441,77.96,0.04,99.9,14.93,True,True,20.0,NORMAL
2026-08-21 17:32:05,4442,77.88,0.04,100.0,16.29,True,False,20.0,NORMAL
2026-08-21 17:32:06,4443,77.81,0.05,99.85,15.13,True,False,20.0,NORMAL
2026-08-21 17:32:07,4444,77.88,0.04,99.78,14.06,True,True,20.0,NORMAL
2026-08-21 17:32:08,4445,77.87,0.04,100.0,15.53,True,False,20.0,NORMAL
2026-08-21 17:32:09,4446,77.83,0.02,99.94,14.47,True,True,20.0,NORMAL
2026-08-21 17:32:10,4447,77.71,0.02,100.0,16.11,True,False,20.0,NORMAL
2026-08-21 17:32:11,4448,77.75,0.01,99.93,14.93,True,True,20.0,NORMAL
2026-08-21 17:32:13,4449,77.77,0.04,100.0,16.24,True,False,20.0,NORMAL
2026-08-21 17:32:14,4450,77.89,0.05,99.88,15.48,True,False,20.0,NORMAL
2026-08-21 17:32:15,4451,77.86,0.05,99.75,14.6,True,True,20.0,NORMAL
2026-08-21 17:32:16,4452,77.73,0.06,100.0,16.13,True,False,20.0,NORMAL
2026-08-21 17:32:17,4453,77.87,0.04,99.92,15.11,True,False,20.0,NORMAL
2026-08-21 17:32:18,4454,77.93,0.05,99.85,14.39,True,True,20.0,NORMAL
2026-08-21 17:32:19,4455,78.02,0.03,100.0,15.96,True,False,20.0,NORMAL
2026-08-21 17:32:21,4456,78.12,0.05,99.87,14.88,True,True,20.0,NORMAL
2026-08-21 17:32:22,4457,78.13,0.03,100.0,16.02,True,False,20.0,NORMAL
2026-08-21 17:32:23,4458,78.25,0.04,99.86,14.91,True,True,20.0,NORMAL
2026-08-21 17:32:24,4459,78.19,0.03,100.0,16.46,True,False,20.0,NORMAL
2026-08-21 17:32:25,4460,78.22,0.05,99.87,15.6,True,False,20.0,NORMAL
2026-08-21 17:32:26,4461,78.26,0.07,99.79,14.84,True,True,20.0,NORMAL
2026-08-21 17:32:28,4462,78.3,0.06,99.99,16.15,True,False,20.0,NORMAL
2026-08-21 17:32:29,4463,78.34,0.04,99.94,15.08,True,False,20.0,NORMAL
2026-08-21 17:32:30,4464,78.48,0.07,99.8,14.17,True,True,20.0,NORMAL
2026-08-21 17:32:31,4465,78.55,0.08,100.0,15.39,True,False,20.0,NORMAL
2026-08-21 17:32:32,4466,78.68,0.1,99.88,14.36,True,True,20.0,NORMAL
2026-08-21 17:32:33,4467,78.74,0.1,100.0,15.81,True,False,20.0,NORMAL
2026-08-21 17:32:34,4468,78.78,0.11,99.9,14.79,True,True,20.0,NORMAL
2026-08-21 17:32:36,4469,78.79,0.1,100.0,15.87,True,False,20.0,NORMAL
2026-08-21 17:32:37,4470,78.79,0.08,99.93,15.0,True,False,20.0,NORMAL
2026-08-21 17:32:38,4471,78.73,0.09,99.79,13.78,True,True,20.0,NORMAL
2026-08-21 17:32:39,4472,78.75,0.08,100.0,15.34,True,False,20.0,NORMAL
2026-08-21 17:32:40,4473,78.76,0.1,99.85,14.55,True,True,20.0,NORMAL
2026-08-21 17:32:41,4474,78.83,0.09,100.0,15.73,True,False,20.0,NORMAL
2026-08-21 17:32:42,4475,78.78,0.08,99.9,14.8,True,True,20.0,NORMAL
2026-08-21 17:32:43,4476,78.65,0.08,100.0,16.17,True,False,20.0,NORMAL
2026-08-21 17:32:45,4477,78.74,0.1,99.92,15.43,True,False,20.0,NORMAL
2026-08-21 17:32:46,4478,78.58,0.09,99.85,14.58,True,True,20.0,NORMAL
2026-08-21 17:32:47,4479,78.47,0.07,100.0,16.23,True,False,20.0,NORMAL
2026-08-21 17:32:48,4480,78.52,0.07,99.87,15.15,True,False,20.0,NORMAL
2026-08-21 17:32:49,4481,78.5,0.1,99.76,14.38,True,True,20.0,NORMAL
2026-08-21 17:32:50,4482,78.61,0.1,99.97,15.92,True,False,20.0,NORMAL
2026-08-21 17:32:51,4483,78.7,0.08,99.92,14.73,True,True,20.0,NORMAL
2026-08-21 17:32:52,4484,78.56,0.09,100.0,16.24,True,False,20.0,NORMAL
2026-08-21 17:32:54,4485,78.7,0.09,99.94,15.08,True,False,20.0,NORMAL
2026-08-21 17:32:55,4486,78.58,0.08,99.86,14.07,True,True,20.0,NORMAL
2026-08-21 17:32:56,4487,78.6,0.08,100.0,15.37,True,False,20.0,NORMAL
2026-08-21 17:32:57,4488,78.55,0.08,99.92,14.39,True,True,20.0,NORMAL
2026-08-21 17:32:58,4489,78.53,0.11,100.0,15.93,True,False,20.0,NORMAL
2026-08-21 17:32:59,4490,78.58,0.13,99.9,15.21,True,False,20.0,NORMAL
2026-08-21 17:33:00,4491,78.6,0.12,99.82,14.0,True,True,20.0,NORMAL
2026-08-21 17:33:02,4492,78.49,0.15,100.0,15.38,True,False,20.0,NORMAL
2026-08-21 17:33:03,4493,78.44,0.14,99.91,14.11,True,True,20.0,NORMAL
2026-08-21 17:33:04,4494,78.34,0.14,100.0,15.39,True,False,20.0,NORMAL
2026-08-21 17:33:05,4495,78.26,0.11,99.93,14.59,True,True,20.0,NORMAL
2026-08-21 17:33:06,4496,78.15,0.12,100.0,16.09,True,False,20.0,NORMAL
2026-08-21 17:33:07,4497,78.24,0.12,99.93,15.34,True,False,20.0,NORMAL
2026-08-21 17:33:08,4498,78.38,0.09,99.8,14.12,True,True,20.0,NORMAL
2026-08-21 17:33:09,4499,78.52,0.12,100.0,15.34,True,False,20.0,NORMAL
2026-08-21 17:33:11,4500,78.6,0.15,99.92,14.49,True,True,20.0,NORMAL
2026-08-21 17:33:12,4501,78.57,0.14,100.0,15.84,True,False,20.0,NORMAL
2026-08-21 17:33:13,4502,78.45,0.16,99.87,14.82,True,True,20.0,NORMAL
2026-08-21 17:33:14,4503,78.55,0.14,100.0,16.09,True,False,20.0,NORMAL
2026-08-21 17:33:15,4504,78.6,0.13,99.85,15.12,True,False,20.0,NORMAL
2026-08-21 17:33:16,4505,78.71,0.13,99.76,14.15,True,True,20.0,NORMAL
2026-08-21 17:33:17,4506,78.76,0.16,100.0,15.84,True,False,20.0,NORMAL
2026-08-21 17:33:18,4507,78.81,0.13,99.92,14.91,True,True,20.0,NORMAL
2026-08-21 17:33:19,4508,78.77,0.13,100.0,16.41,True,False,20.0,NORMAL
2026-08-21 17:33:21,4509,78.7,0.14,99.94,15.38,True,False,20.0,NORMAL
2026-08-21 17:33:22,4510,78.61,0.12,99.85,14.22,True,True,20.0,NORMAL
2026-08-21 17:33:23,4511,78.62,0.1,100.0,15.81,True,False,20.0,NORMAL
2026-08-21 17:33:24,4512,78.76,0.11,99.94,14.85,True,True,20.0,NORMAL
2026-08-21 17:33:25,4513,78.83,0.12,100.0,16.4,True,False,20.0,NORMAL
2026-08-21 17:33:26,4514,78.71,0.1,99.93,15.37,True,False,20.0,NORMAL
2026-08-21 17:33:27,4515,78.81,0.11,99.86,14.24,True,True,20.0,NORMAL
2026-08-21 17:33:28,4516,78.76,0.13,100.0,15.39,True,False,20.0,NORMAL
2026-08-21 17:33:30,4517,78.61,0.11,99.89,14.66,True,True,20.0,NORMAL
2026-08-21 17:33:31,4518,78.49,0.11,100.0,15.81,True,False,20.0,NORMAL
2026-08-21 17:33:32,4519,78.58,0.14,99.86,14.92,True,True,20.0,NORMAL
2026-08-21 17:33:33,4520,78.65,0.12,100.0,16.0,True,False,20.0,NORMAL
2026-08-21 17:33:34,4521,78.63,0.09,99.91,15.27,True,False,20.0,NORMAL
2026-08-21 17:33:36,4522,78.58,0.12,99.82,14.41,True,True,20.0,NORMAL
2026-08-21 17:33:37,4523,78.57,0.14,100.0,15.72,True,False,20.0,NORMAL
2026-08-21 17:33:38,4524,78.56,0.11,99.9,15.02,True,False,20.0,NORMAL
2026-08-21 17:33:39,4525,78.56,0.1,99.79,14.02,True,True,20.0,NORMAL
2026-08-21 17:33:40,4526,78.66,0.08,100.0,15.49,True,False,20.0,NORMAL
2026-08-21 17:33:42,4527,78.52,0.07,99.89,14.59,True,True,20.0,NORMAL
2026-08-21 17:33:43,4528,78.42,0.06,100.0,15.95,True,False,20.0,NORMAL
2026-08-21 17:33:44,4529,78.28,0.05,99.87,15.13,True,False,20.0,NORMAL
2026-08-21 17:33:45,4530,78.33,0.08,99.81,13.91,True,True,20.0,NORMAL
2026-08-21 17:33:46,4531,78.43,0.1,100.0,15.1,True,False,20.0,NORMAL
2026-08-21 17:33:47,4532,78.36,0.1,99.93,14.15,True,True,20.0,NORMAL
2026-08-21 17:33:48,4533,78.32,0.07,100.0,15.66,True,False,20.0,NORMAL
2026-08-21 17:33:50,4534,78.4,0.06,99.86,14.39,True,True,20.0,NORMAL
2026-08-21 17:33:51,4535,78.42,0.05,100.0,15.66,True,False,20.0,NORMAL
2026-08-21 17:33:52,4536,78.43,0.05,99.86,14.91,True,True,20.0,NORMAL
2026-08-21 17:33:53,4537,78.49,0.03,100.0,16.48,True,False,20.0,NORMAL
2026-08-21 17:33:54,4538,78.49,0.05,99.93,15.68,True,False,20.0,NORMAL
2026-08-21 17:33:55,4539,78.63,0.03,99.84,14.57,True,True,20.0,NORMAL
2026-08-21 17:33:57,4540,78.6,0.05,100.0,16.1,True,False,20.0,NORMAL
2026-08-21 17:33:58,4541,78.6,0.05,99.87,15.26,True,False,20.0,NORMAL
2026-08-21 17:33:59,4542,78.61,0.08,99.73,14.02,True,True,20.0,NORMAL
2026-08-21 17:34:00,4543,78.55,0.1,99.99,15.54,True,False,20.0,NORMAL
2026-08-21 17:34:01,4544,78.52,0.13,99.85,14.27,True,True,20.0,NORMAL
2026-08-21 17:34:02,4545,78.48,0.13,100.0,15.71,True,False,20.0,NORMAL
2026-08-21 17:34:04,4546,78.4,0.14,99.91,14.6,True,True,20.0,NORMAL
2026-08-21 17:34:05,4547,78.26,0.16,100.0,16.22,True,False,20.0,NORMAL
2026-08-21 17:34:06,4548,78.33,0.17,99.9,15.18,True,False,20.0,NORMAL
2026-08-21 17:34:07,4549,78.47,0.19,99.8,14.46,True,True,20.0,NORMAL
2026-08-21 17:34:08,4550,78.34,0.16,100.0,15.85,True,False,20.0,NORMAL
2026-08-21 17:34:09,4551,78.35,0.15,99.87,14.86,True,True,20.0,NORMAL
2026-08-21 17:34:10,4552,78.29,0.15,100.0,16.09,True,False,20.0,NORMAL
2026-08-21 17:34:11,4553,78.36,0.14,99.87,15.01,True,False,20.0,NORMAL
2026-08-21 17:34:13,4554,78.23,0.11,99.74,14.22,True,True,20.0,NORMAL
2026-08-21 17:34:14,4555,78.13,0.08,100.0,15.71,True,False,20.0,NORMAL
2026-08-21 17:34:15,4556,78.1,0.08,99.86,14.85,True,True,20.0,NORMAL
2026-08-21 17:34:16,4557,78.23,0.09,100.0,16.5,True,False,20.0,NORMAL
2026-08-21 17:34:17,4558,78.09,0.07,99.88,15.49,True,False,20.0,NORMAL
2026-08-21 17:34:18,4559,78.2,0.05,99.81,14.34,True,True,20.0,NORMAL
2026-08-21 17:34:19,4560,78.15,0.04,100.0,15.47,True,False,20.0,NORMAL
2026-08-21 17:34:21,4561,78.07,0.08,99.94,14.4,True,True,20.0,NORMAL
2026-08-21 17:34:22,4562,78.11,0.05,100.0,15.56,True,False,20.0,NORMAL
2026-08-21 17:34:23,4563,78.07,0.03,99.92,14.41,True,True,20.0,NORMAL
2026-08-21 17:34:24,4564,78.05,0.04,100.0,16.03,True,False,20.0,NORMAL
2026-08-21 17:34:25,4565,78.05,0.03,99.87,15.08,True,False,20.0,NORMAL
2026-08-21 17:34:26,4566,77.91,0.05,99.73,14.33,True,True,20.0,NORMAL
2026-08-21 17:34:27,4567,77.79,0.03,99.97,15.6,True,False,20.0,NORMAL
2026-08-21 17:34:29,4568,77.67,0.03,99.82,14.63,True,True,20.0,NORMAL
2026-08-21 17:34:30,4569,77.61,0.0,100.0,15.8,True,False,20.0,NORMAL
2026-08-21 17:34:31,4570,77.63,0.03,99.88,14.56,True,True,20.0,NORMAL
2026-08-21 17:34:32,4571,77.68,0.04,100.0,15.98,True,False,20.0,NORMAL
2026-08-21 17:34:33,4572,77.67,0.03,99.87,15.02,True,False,20.0,NORMAL
2026-08-21 17:34:35,4573,77.78,0.03,99.77,14.08,True,True,20.0,NORMAL
2026-08-21 17:34:36,4574,77.8,0.01,100.0,15.37,True,False,20.0,NORMAL
2026-08-21 17:34:37,4575,77.79,0.03,99.86,14.51,True,True,20.0,NORMAL
2026-08-21 17:34:38,4576,77.92,0.02,100.0,16.15,True,False,20.0,NORMAL
2026-08-21 17:34:39,4577,77.93,0.0,99.92,14.85,True,True,20.0,NORMAL
2026-08-21 17:34:40,4578,78.03,0.0,100.0,16.17,True,False,20.0,NORMAL
2026-08-21 17:34:42,4579,78.0,0.0,99.91,14.95,True,True,20.0,NORMAL
2026-08-21 17:34:43,4580,78.1,0.0,100.0,16.43,True,False,20.0,NORMAL
2026-08-21 17:34:44,4581,78.13,0.02,99.87,15.25,True,False,20.0,NORMAL
2026-08-21 17:34:45,4582,78.18,0.03,99.75,14.48,True,True,20.0,NORMAL
2026-08-21 17:34:46,4583,78.24,0.06,100.0,16.15,True,False,20.0,NORMAL
2026-08-21 17:34:47,4584,78.16,0.04,99.91,15.15,True,False,20.0,NORMAL
2026-08-21 17:34:49,4585,78.21,0.03,99.79,13.99,True,True,20.0,NORMAL
2026-08-21 17:34:50,4586,78.35,0.05,100.0,15.17,True,False,20.0,NORMAL
2026-08-21 17:34:51,4587,78.23,0.08,99.88,14.11,True,True,20.0,NORMAL
2026-08-21 17:34:52,4588,78.34,0.11,100.0,15.8,True,False,20.0,NORMAL
2026-08-21 17:34:53,4589,78.2,0.09,99.91,14.74,True,True,20.0,NORMAL
2026-08-21 17:34:54,4590,78.1,0.09,100.0,16.06,True,False,20.0,NORMAL
2026-08-21 17:34:55,4591,78.04,0.07,99.93,15.33,True,False,20.0,NORMAL
2026-08-21 17:34:56,4592,78.08,0.09,99.85,14.58,True,True,20.0,NORMAL
2026-08-21 17:34:57,4593,77.96,0.09,100.0,16.01,True,False,20.0,NORMAL
2026-08-21 17:34:59,4594,77.88,0.06,99.87,14.75,True,True,20.0,NORMAL
2026-08-21 17:35:00,4595,77.76,0.06,100.0,15.99,True,False,20.0,NORMAL
2026-08-21 17:35:01,4596,77.67,0.05,99.91,15.21,True,False,20.0,NORMAL
2026-08-21 17:35:02,4597,77.78,0.07,99.79,14.37,True,True,20.0,NORMAL
2026-08-21 17:35:03,4598,77.77,0.08,100.0,15.88,True,False,20.0,NORMAL
2026-08-21 17:35:04,4599,77.77,0.08,99.92,14.95,True,True,20.0,NORMAL
2026-08-21 17:35:06,4600,77.71,0.09,100.0,16.44,True,False,20.0,NORMAL
2026-08-21 17:35:07,4601,77.73,0.09,99.85,15.48,True,False,20.0,NORMAL
2026-08-21 17:35:08,4602,77.62,0.1,99.79,14.7,True,True,20.0,NORMAL
2026-08-21 17:35:09,4603,77.5,0.09,100.0,16.02,True,False,20.0,NORMAL
2026-08-21 17:35:10,4604,77.6,0.11,99.9,15.13,True,False,20.0,NORMAL
2026-08-21 17:35:11,4605,77.48,0.11,99.81,14.01,True,True,20.0,NORMAL
2026-08-21 17:35:13,4606,77.49,0.08,100.0,15.55,True,False,20.0,NORMAL
2026-08-21 17:35:14,4607,77.57,0.09,99.86,14.45,True,True,20.0,NORMAL
2026-08-21 17:35:15,4608,77.62,0.09,100.0,15.82,True,False,20.0,NORMAL
2026-08-21 17:35:16,4609,77.54,0.1,99.87,14.7,True,True,20.0,NORMAL
2026-08-21 17:35:17,4610,77.65,0.1,100.0,15.89,True,False,20.0,NORMAL
2026-08-21 17:35:18,4611,77.69,0.07,99.89,14.76,True,True,20.0,NORMAL
2026-08-21 17:35:19,4612,77.75,0.05,100.0,16.19,True,False,20.0,NORMAL
2026-08-21 17:35:20,4613,77.68,0.05,99.94,14.97,True,True,20.0,NORMAL
2026-08-21 17:35:22,4614,77.8,0.03,100.0,16.04,True,False,20.0,NORMAL
2026-08-21 17:35:23,4615,77.85,0.01,99.9,14.96,True,True,20.0,NORMAL
2026-08-21 17:35:24,4616,77.97,0.03,100.0,16.49,True,False,20.0,NORMAL
2026-08-21 17:35:25,4617,77.88,0.05,99.94,15.35,True,False,20.0,NORMAL
2026-08-21 17:35:26,4618,77.88,0.04,99.88,14.38,True,True,20.0,NORMAL
2026-08-21 17:35:27,4619,77.8,0.06,100.0,16.03,True,False,20.0,NORMAL
2026-08-21 17:35:29,4620,77.87,0.09,99.92,14.76,True,True,20.0,NORMAL
2026-08-21 17:35:30,4621,78.02,0.1,100.0,16.08,True,False,20.0,NORMAL
2026-08-21 17:35:31,4622,78.17,0.08,99.95,15.3,True,False,20.0,NORMAL
2026-08-21 17:35:32,4623,78.15,0.08,99.86,14.55,True,True,20.0,NORMAL
2026-08-21 17:35:33,4624,78.29,0.1,100.0,16.02,True,False,20.0,NORMAL
2026-08-21 17:35:34,4625,78.2,0.12,99.94,15.17,True,False,20.0,NORMAL
2026-08-21 17:35:36,4626,78.17,0.12,99.81,14.44,True,True,20.0,NORMAL
2026-08-21 17:35:37,4627,78.04,0.12,100.0,15.89,True,False,20.0,NORMAL
2026-08-21 17:35:38,4628,78.0,0.09,99.95,15.08,True,False,20.0,NORMAL
2026-08-21 17:35:39,4629,78.13,0.1,99.89,14.43,True,True,20.0,NORMAL
2026-08-21 17:35:40,4630,78.11,0.09,100.0,15.69,True,False,20.0,NORMAL
2026-08-21 17:35:41,4631,78.07,0.1,99.89,14.74,True,True,20.0,NORMAL
2026-08-21 17:35:43,4632,77.96,0.08,100.0,16.31,True,False,20.0,NORMAL
2026-08-21 17:35:44,4633,78.02,0.07,99.94,15.52,True,False,20.0,NORMAL
2026-08-21 17:35:45,4634,78.09,0.06,99.88,14.69,True,True,20.0,NORMAL
2026-08-21 17:35:46,4635,78.1,0.05,100.0,16.37,True,False,20.0,NORMAL
2026-08-21 17:35:47,4636,78.12,0.08,99.91,15.56,True,False,20.0,NORMAL
2026-08-21 17:35:48,4637,78.03,0.1,99.81,14.4,True,True,20.0,NORMAL
2026-08-21 17:35:49,4638,78.07,0.08,100.0,16.03,True,False,20.0,NORMAL
2026-08-21 17:35:51,4639,78.22,0.07,99.86,14.78,True,True,20.0,NORMAL
2026-08-21 17:35:52,4640,78.09,0.1,100.0,16.0,True,False,20.0,NORMAL
2026-08-21 17:35:53,4641,77.97,0.11,99.9,14.83,True,True,20.0,NORMAL
2026-08-21 17:35:54,4642,77.84,0.13,100.0,16.27,True,False,20.0,NORMAL
2026-08-21 17:35:55,4643,77.87,0.14,99.87,15.34,True,False,20.0,NORMAL
2026-08-21 17:35:56,4644,78.02,0.12,99.78,14.54,True,True,20.0,NORMAL
2026-08-21 17:35:57,4645,78.14,0.1,100.0,15.84,True,False,20.0,NORMAL
2026-08-21 17:35:59,4646,78.09,0.1,99.87,14.54,True,True,20.0,NORMAL
2026-08-21 17:36:00,4647,78.18,0.09,100.0,16.17,True,False,20.0,NORMAL
2026-08-21 17:36:01,4648,78.26,0.07,99.87,14.97,True,True,20.0,NORMAL
2026-08-21 17:36:02,4649,78.29,0.04,100.0,16.57,True,False,20.0,NORMAL
2026-08-21 17:36:03,4650,78.33,0.02,99.86,15.71,True,False,20.0,NORMAL
2026-08-21 17:36:04,4651,78.32,0.05,99.76,14.48,True,True,20.0,NORMAL
2026-08-21 17:36:06,4652,78.33,0.07,100.0,15.8,True,False,20.0,NORMAL
2026-08-21 17:36:07,4653,78.46,0.06,99.95,14.86,True,True,20.0,NORMAL
2026-08-21 17:36:08,4654,78.48,0.08,100.0,16.23,True,False,20.0,NORMAL
2026-08-21 17:36:09,4655,78.52,0.1,99.85,15.23,True,False,20.0,NORMAL
2026-08-21 17:36:10,4656,78.59,0.09,99.77,14.17,True,True,20.0,NORMAL
2026-08-21 17:36:11,4657,78.46,0.1,100.0,15.62,True,False,20.0,NORMAL
2026-08-21 17:36:12,4658,78.57,0.08,99.92,14.72,True,True,20.0,NORMAL
2026-08-21 17:36:14,4659,78.64,0.07,100.0,16.09,True,False,20.0,NORMAL
2026-08-21 17:36:15,4660,78.49,0.06,99.88,15.07,True,False,20.0,NORMAL
2026-08-21 17:36:16,4661,78.5,0.08,99.75,14.1,True,True,20.0,NORMAL
2026-08-21 17:36:17,4662,78.35,0.06,100.0,15.65,True,False,20.0,NORMAL
2026-08-21 17:36:18,4663,78.32,0.08,99.93,14.68,True,True,20.0,NORMAL
2026-08-21 17:36:19,4664,78.43,0.11,100.0,15.79,True,False,20.0,NORMAL
2026-08-21 17:36:20,4665,78.3,0.13,99.86,14.55,True,True,20.0,NORMAL
2026-08-21 17:36:21,4666,78.29,0.15,100.0,16.08,True,False,20.0,NORMAL
2026-08-21 17:36:23,4667,78.29,0.15,99.87,14.98,True,True,20.0,NORMAL
2026-08-21 17:36:24,4668,78.23,0.15,100.0,16.17,True,False,20.0,NORMAL
2026-08-21 17:36:25,4669,78.17,0.13,99.89,15.05,True,False,20.0,NORMAL
2026-08-21 17:36:26,4670,78.06,0.14,99.82,13.89,True,True,20.0,NORMAL
2026-08-21 17:36:27,4671,78.12,0.14,100.0,15.45,True,False,20.0,NORMAL
2026-08-21 17:36:28,4672,78.2,0.12,99.88,14.66,True,True,20.0,NORMAL
2026-08-21 17:36:29,4673,78.35,0.15,100.0,15.77,True,False,20.0,NORMAL
2026-08-21 17:36:31,4674,78.49,0.17,99.91,14.94,True,True,20.0,NORMAL
2026-08-21 17:36:32,4675,78.45,0.14,100.0,16.52,True,False,20.0,NORMAL
2026-08-21 17:36:33,4676,78.5,0.15,99.86,15.74,True,False,20.0,NORMAL
2026-08-21 17:36:34,4677,78.4,0.16,99.81,14.76,True,True,20.0,NORMAL
2026-08-21 17:36:35,4678,78.5,0.14,100.0,15.99,True,False,20.0,NORMAL
2026-08-21 17:36:37,4679,78.4,0.13,99.95,15.17,True,False,20.0,NORMAL
2026-08-21 17:36:38,4680,78.41,0.13,99.81,14.44,True,True,20.0,NORMAL
2026-08-21 17:36:39,4681,78.52,0.11,100.0,15.71,True,False,20.0,NORMAL
2026-08-21 17:36:40,4682,78.64,0.1,99.91,14.43,True,True,20.0,NORMAL
2026-08-21 17:36:41,4683,78.5,0.09,100.0,15.84,True,False,20.0,NORMAL
2026-08-21 17:36:43,4684,78.36,0.06,99.89,14.72,True,True,20.0,NORMAL
2026-08-21 17:36:44,4685,78.4,0.05,100.0,16.12,True,False,20.0,NORMAL
2026-08-21 17:36:45,4686,78.36,0.07,99.93,15.21,True,False,20.0,NORMAL
2026-08-21 17:36:46,4687,78.36,0.08,99.82,14.36,True,True,20.0,NORMAL
2026-08-21 17:36:47,4688,78.39,0.05,100.0,15.53,True,False,20.0,NORMAL
2026-08-21 17:36:49,4689,78.28,0.07,99.87,14.62,True,True,20.0,NORMAL
2026-08-21 17:36:50,4690,78.38,0.06,100.0,16.04,True,False,20.0,NORMAL
2026-08-21 17:36:51,4691,78.5,0.05,99.88,14.73,True,True,20.0,NORMAL
2026-08-21 17:36:52,4692,78.45,0.07,100.0,16.0,True,False,20.0,NORMAL
2026-08-21 17:36:53,4693,78.6,0.1,99.89,14.77,True,True,20.0,NORMAL
2026-08-21 17:36:55,4694,78.73,0.1,100.0,15.96,True,False,20.0,NORMAL
2026-08-21 17:36:56,4695,78.85,0.08,99.86,15.13,True,False,20.0,NORMAL
2026-08-21 17:36:57,4696,78.7,0.11,99.8,14.37,True,True,20.0,NORMAL
2026-08-21 17:36:58,4697,78.56,0.13,100.0,15.92,True,False,20.0,NORMAL
2026-08-21 17:36:59,4698,78.54,0.14,99.87,14.76,True,True,20.0,NORMAL
2026-08-21 17:37:01,4699,78.41,0.13,100.0,15.89,True,False,20.0,NORMAL
2026-08-21 17:37:02,4700,78.52,0.14,99.91,14.64,True,True,20.0,NORMAL
2026-08-21 17:37:03,4701,78.64,0.13,100.0,15.94,True,False,20.0,NORMAL
2026-08-21 17:37:04,4702,78.63,0.1,99.9,14.71,True,True,20.0,NORMAL
2026-08-21 17:37:05,4703,78.72,0.1,100.0,15.84,True,False,20.0,NORMAL
2026-08-21 17:37:06,4704,78.79,0.09,99.9,14.74,True,True,20.0,NORMAL
2026-08-21 17:37:07,4705,78.93,0.11,100.0,15.94,True,False,20.0,NORMAL
2026-08-21 17:37:09,4706,78.92,0.12,99.9,15.14,True,False,20.0,NORMAL
2026-08-21 17:37:10,4707,78.88,0.11,99.75,14.03,True,True,20.0,NORMAL
2026-08-21 17:37:11,4708,78.86,0.12,99.97,15.75,True,False,20.0,NORMAL
2026-08-21 17:37:12,4709,78.76,0.12,99.86,14.51,True,True,20.0,NORMAL
2026-08-21 17:37:13,4710,78.77,0.15,100.0,15.92,True,False,20.0,NORMAL
2026-08-21 17:37:15,4711,78.85,0.16,99.86,14.86,True,True,20.0,NORMAL
2026-08-21 17:37:16,4712,78.91,0.16,100.0,16.14,True,False,20.0,NORMAL
2026-08-21 17:37:17,4713,78.95,0.15,99.89,15.22,True,False,20.0,NORMAL
2026-08-21 17:37:18,4714,78.83,0.14,99.79,14.36,True,True,20.0,NORMAL
2026-08-21 17:37:19,4715,78.86,0.12,100.0,16.05,True,False,20.0,NORMAL
2026-08-21 17:37:20,4716,79.0,0.1,99.92,15.16,True,False,20.0,NORMAL
2026-08-21 17:37:21,4717,79.05,0.12,99.78,13.94,True,True,20.0,NORMAL
2026-08-21 17:37:23,4718,79.0,0.13,100.0,15.59,True,False,20.0,NORMAL
2026-08-21 17:37:24,4719,78.94,0.12,99.89,14.77,True,True,20.0,NORMAL
2026-08-21 17:37:25,4720,79.02,0.13,100.0,16.3,True,False,20.0,NORMAL
2026-08-21 17:37:26,4721,78.9,0.15,99.94,15.23,True,False,20.0,NORMAL
2026-08-21 17:37:27,4722,78.88,0.16,99.86,14.46,True,True,20.0,NORMAL
2026-08-21 17:37:28,4723,78.94,0.17,100.0,15.77,True,False,20.0,NORMAL
2026-08-21 17:37:29,4724,78.88,0.18,99.86,14.48,True,True,20.0,NORMAL
2026-08-21 17:37:31,4725,78.89,0.16,100.0,15.94,True,False,20.0,NORMAL
2026-08-21 17:37:32,4726,79.0,0.15,99.92,14.64,True,True,20.0,NORMAL
2026-08-21 17:37:33,4727,78.94,0.12,100.0,16.13,True,False,20.0,NORMAL
2026-08-21 17:37:34,4728,79.07,0.13,99.94,14.96,True,True,20.0,NORMAL
2026-08-21 17:37:35,4729,79.0,0.13,100.0,16.31,True,False,20.0,NORMAL
2026-08-21 17:37:37,4730,78.94,0.11,99.92,15.24,True,False,20.0,NORMAL
2026-08-21 17:37:38,4731,78.97,0.12,99.78,14.54,True,True,20.0,NORMAL
2026-08-21 17:37:39,4732,79.03,0.12,100.0,16.11,True,False,20.0,NORMAL
2026-08-21 17:37:40,4733,78.98,0.1,99.93,15.34,True,False,20.0,NORMAL
2026-08-21 17:37:41,4734,78.98,0.11,99.84,14.37,True,True,20.0,NORMAL
2026-08-21 17:37:42,4735,78.89,0.11,100.0,15.58,True,False,20.0,NORMAL
2026-08-21 17:37:44,4736,78.78,0.09,99.88,14.65,True,True,20.0,NORMAL
2026-08-21 17:37:45,4737,78.79,0.1,100.0,15.99,True,False,20.0,NORMAL
2026-08-21 17:37:46,4738,78.71,0.07,99.9,15.15,True,False,20.0,NORMAL
2026-08-21 17:37:47,4739,78.81,0.08,99.81,14.35,True,True,20.0,NORMAL
2026-08-21 17:37:48,4740,78.86,0.06,100.0,15.77,True,False,20.0,NORMAL
2026-08-21 17:37:50,4741,78.98,0.05,99.9,14.49,True,True,20.0,NORMAL
2026-08-21 17:37:51,4742,78.9,0.05,100.0,15.9,True,False,20.0,NORMAL
2026-08-21 17:37:52,4743,78.92,0.06,99.9,14.79,True,True,20.0,NORMAL
2026-08-21 17:37:53,4744,78.8,0.07,100.0,16.25,True,False,20.0,NORMAL
2026-08-21 17:37:54,4745,78.82,0.07,99.88,15.03,True,False,20.0,NORMAL
2026-08-21 17:37:56,4746,78.69,0.1,99.75,13.93,True,True,20.0,NORMAL
2026-08-21 17:37:57,4747,78.76,0.12,99.99,15.57,True,False,20.0,NORMAL
2026-08-21 17:37:58,4748,78.78,0.09,99.89,14.73,True,True,20.0,NORMAL
2026-08-21 17:37:59,4749,78.73,0.08,100.0,15.94,True,False,20.0,NORMAL
2026-08-21 17:38:00,4750,78.67,0.11,99.88,15.21,True,False,20.0,NORMAL
2026-08-21 17:38:01,4751,78.8,0.09,99.79,14.25,True,True,20.0,NORMAL
2026-08-21 17:38:02,4752,78.69,0.11,99.99,15.84,True,False,20.0,NORMAL
2026-08-21 17:38:04,4753,78.78,0.12,99.92,15.1,True,False,20.0,NORMAL
2026-08-21 17:38:05,4754,78.68,0.15,99.78,14.21,True,True,20.0,NORMAL
2026-08-21 17:38:06,4755,78.55,0.12,100.0,15.91,True,False,20.0,NORMAL
2026-08-21 17:38:07,4756,78.41,0.13,99.95,15.0,True,False,20.0,NORMAL
2026-08-21 17:38:08,4757,78.48,0.13,99.81,14.27,True,True,20.0,NORMAL
2026-08-21 17:38:09,4758,78.4,0.11,100.0,15.71,True,False,20.0,NORMAL
2026-08-21 17:38:10,4759,78.51,0.13,99.87,15.0,True,False,20.0,NORMAL
2026-08-21 17:38:11,4760,78.4,0.12,99.77,13.97,True,True,20.0,NORMAL
2026-08-21 17:38:13,4761,78.45,0.11,100.0,15.4,True,False,20.0,NORMAL
2026-08-21 17:38:14,4762,78.29,0.09,99.89,14.71,True,True,20.0,NORMAL
2026-08-21 17:38:15,4763,78.2,0.12,100.0,16.09,True,False,20.0,NORMAL
2026-08-21 17:38:16,4764,78.14,0.14,99.88,15.35,True,False,20.0,NORMAL
2026-08-21 17:38:17,4765,78.22,0.16,99.8,14.24,True,True,20.0,NORMAL
2026-08-21 17:38:18,4766,78.12,0.14,100.0,15.79,True,False,20.0,NORMAL
2026-08-21 17:38:19,4767,78.09,0.13,99.89,14.93,True,True,20.0,NORMAL
2026-08-21 17:38:21,4768,77.99,0.12,100.0,16.57,True,False,20.0,NORMAL
2026-08-21 17:38:22,4769,77.94,0.11,99.9,15.76,True,False,20.0,NORMAL
2026-08-21 17:38:23,4770,78.01,0.08,99.84,15.03,True,False,20.0,NORMAL
2026-08-21 17:38:24,4771,77.92,0.1,99.72,13.94,True,True,20.0,NORMAL
2026-08-21 17:38:25,4772,77.96,0.09,99.93,15.17,True,False,20.0,NORMAL
2026-08-21 17:38:26,4773,77.93,0.09,99.88,14.22,True,True,20.0,NORMAL
2026-08-21 17:38:27,4774,78.07,0.06,100.0,15.7,True,False,20.0,NORMAL
2026-08-21 17:38:29,4775,78.22,0.04,99.9,14.65,True,True,20.0,NORMAL
2026-08-21 17:38:30,4776,78.22,0.04,100.0,15.83,True,False,20.0,NORMAL
2026-08-21 17:38:31,4777,78.28,0.02,99.94,14.69,True,True,20.0,NORMAL
2026-08-21 17:38:32,4778,78.36,0.02,100.0,15.99,True,False,20.0,NORMAL
2026-08-21 17:38:33,4779,78.33,0.01,99.86,14.78,True,True,20.0,NORMAL
2026-08-21 17:38:34,4780,78.42,0.0,100.0,16.06,True,False,20.0,NORMAL
2026-08-21 17:38:35,4781,78.45,0.0,99.87,15.03,True,False,20.0,NORMAL
2026-08-21 17:38:37,4782,78.53,0.01,99.81,14.31,True,True,20.0,NORMAL
2026-08-21 17:38:38,4783,78.43,0.04,100.0,15.58,True,False,20.0,NORMAL
2026-08-21 17:38:39,4784,78.57,0.06,99.87,14.4,True,True,20.0,NORMAL
2026-08-21 17:38:40,4785,78.68,0.07,100.0,15.66,True,False,20.0,NORMAL
2026-08-21 17:38:41,4786,78.62,0.06,99.88,14.75,True,True,20.0,NORMAL
2026-08-21 17:38:42,4787,78.5,0.07,100.0,16.03,True,False,20.0,NORMAL
2026-08-21 17:38:43,4788,78.64,0.1,99.95,15.12,True,False,20.0,NORMAL
2026-08-21 17:38:45,4789,78.7,0.08,99.83,14.39,True,True,20.0,NORMAL
2026-08-21 17:38:46,4790,78.58,0.07,100.0,16.0,True,False,20.0,NORMAL
2026-08-21 17:38:47,4791,78.58,0.08,99.93,15.26,True,False,20.0,NORMAL
2026-08-21 17:38:48,4792,78.45,0.08,99.88,14.55,True,True,20.0,NORMAL
2026-08-21 17:38:49,4793,78.59,0.06,100.0,15.69,True,False,20.0,NORMAL
2026-08-21 17:38:50,4794,78.6,0.04,99.86,14.5,True,True,20.0,NORMAL
2026-08-21 17:38:52,4795,78.63,0.02,100.0,16.13,True,False,20.0,NORMAL
2026-08-21 17:38:53,4796,78.78,0.01,99.94,14.83,True,True,20.0,NORMAL
2026-08-21 17:38:54,4797,78.68,0.0,100.0,16.16,True,False,20.0,NORMAL
2026-08-21 17:38:55,4798,78.68,0.03,99.91,15.11,True,False,20.0,NORMAL
2026-08-21 17:38:56,4799,78.62,0.06,99.79,14.23,True,True,20.0,NORMAL
2026-08-21 17:38:57,4800,78.75,0.09,100.0,15.83,True,False,20.0,NORMAL
2026-08-21 17:38:58,4801,78.88,0.07,99.92,14.66,True,True,20.0,NORMAL
2026-08-21 17:39:00,4802,78.91,0.09,100.0,15.83,True,False,20.0,NORMAL
2026-08-21 17:39:01,4803,78.91,0.12,99.89,14.71,True,True,20.0,NORMAL
2026-08-21 17:39:02,4804,78.86,0.13,100.0,16.3,True,False,20.0,NORMAL
2026-08-21 17:39:03,4805,78.73,0.1,99.89,15.06,True,False,20.0,NORMAL
2026-08-21 17:39:04,4806,78.84,0.12,99.75,14.31,True,True,20.0,NORMAL
2026-08-21 17:39:05,4807,78.92,0.09,99.97,15.96,True,False,20.0,NORMAL
2026-08-21 17:39:06,4808,78.95,0.09,99.87,15.12,True,False,20.0,NORMAL
2026-08-21 17:39:08,4809,79.04,0.08,99.79,14.15,True,True,20.0,NORMAL
2026-08-21 17:39:09,4810,79.01,0.11,100.0,15.61,True,False,20.0,NORMAL
2026-08-21 17:39:10,4811,78.86,0.09,99.91,14.78,True,True,20.0,NORMAL
2026-08-21 17:39:11,4812,78.8,0.07,100.0,16.38,True,False,20.0,NORMAL
2026-08-21 17:39:12,4813,78.79,0.04,99.9,15.42,True,False,20.0,NORMAL
2026-08-21 17:39:13,4814,78.68,0.07,99.82,14.49,True,True,20.0,NORMAL
2026-08-21 17:39:14,4815,78.77,0.09,100.0,15.76,True,False,20.0,NORMAL
2026-08-21 17:39:16,4816,78.82,0.09,99.92,14.79,True,True,20.0,NORMAL
2026-08-21 17:39:17,4817,78.87,0.12,100.0,15.99,True,False,20.0,NORMAL
2026-08-21 17:39:18,4818,79.01,0.15,99.92,15.16,True,False,20.0,NORMAL
2026-08-21 17:39:19,4819,78.98,0.17,99.86,14.12,True,True,20.0,NORMAL
2026-08-21 17:39:20,4820,78.85,0.14,100.0,15.68,True,False,20.0,NORMAL
2026-08-21 17:39:21,4821,78.79,0.12,99.87,14.43,True,True,20.0,NORMAL
2026-08-21 17:39:22,4822,78.72,0.1,100.0,16.01,True,False,20.0,NORMAL
2026-08-21 17:39:24,4823,78.85,0.08,99.87,14.72,True,True,20.0,NORMAL
2026-08-21 17:39:25,4824,78.99,0.08,100.0,16.17,True,False,20.0,NORMAL
2026-08-21 17:39:26,4825,78.86,0.08,99.91,14.85,True,True,20.0,NORMAL
2026-08-21 17:39:27,4826,78.92,0.1,100.0,16.35,True,False,20.0,NORMAL
2026-08-21 17:39:28,4827,78.9,0.11,99.95,15.53,True,False,20.0,NORMAL
2026-08-21 17:39:29,4828,78.8,0.13,99.87,14.46,True,True,20.0,NORMAL
2026-08-21 17:39:30,4829,78.7,0.15,100.0,16.03,True,False,20.0,NORMAL
2026-08-21 17:39:32,4830,78.57,0.18,99.87,15.02,True,False,20.0,NORMAL
2026-08-21 17:39:33,4831,78.56,0.17,99.77,14.18,True,True,20.0,NORMAL
2026-08-21 17:39:34,4832,78.5,0.16,100.0,15.65,True,False,20.0,NORMAL
2026-08-21 17:39:35,4833,78.47,0.13,99.86,14.93,True,True,20.0,NORMAL
2026-08-21 17:39:36,4834,78.55,0.16,100.0,16.37,True,False,20.0,NORMAL
2026-08-21 17:39:37,4835,78.62,0.13,99.91,15.56,True,False,20.0,NORMAL
2026-08-21 17:39:39,4836,78.49,0.16,99.79,14.33,True,True,20.0,NORMAL
2026-08-21 17:39:40,4837,78.44,0.16,100.0,15.89,True,False,20.0,NORMAL
2026-08-21 17:39:41,4838,78.44,0.15,99.86,15.13,True,False,20.0,NORMAL
2026-08-21 17:39:42,4839,78.47,0.17,99.78,14.41,True,True,20.0,NORMAL
2026-08-21 17:39:43,4840,78.6,0.16,99.98,15.64,True,False,20.0,NORMAL
2026-08-21 17:39:44,4841,78.73,0.18,99.89,14.94,True,True,20.0,NORMAL
2026-08-21 17:39:45,4842,78.79,0.18,100.0,16.16,True,False,20.0,NORMAL
2026-08-21 17:39:46,4843,78.75,0.18,99.87,15.27,True,False,20.0,NORMAL
2026-08-21 17:39:48,4844,78.72,0.16,99.74,14.08,True,True,20.0,NORMAL
2026-08-21 17:39:49,4845,78.83,0.16,100.0,15.29,True,False,20.0,NORMAL
2026-08-21 17:39:50,4846,78.77,0.14,99.89,14.2,True,True,20.0,NORMAL
2026-08-21 17:39:51,4847,78.66,0.13,100.0,15.82,True,False,20.0,NORMAL
2026-08-21 17:39:52,4848,78.76,0.16,99.9,14.54,True,True,20.0,NORMAL
2026-08-21 17:39:53,4849,78.64,0.17,100.0,16.04,True,False,20.0,NORMAL
2026-08-21 17:39:55,4850,78.63,0.16,99.94,14.73,True,True,20.0,NORMAL
2026-08-21 17:39:56,4851,78.75,0.18,100.0,16.07,True,False,20.0,NORMAL
2026-08-21 17:39:57,4852,78.7,0.18,99.94,15.14,True,False,20.0,NORMAL
2026-08-21 17:39:58,4853,78.58,0.18,99.87,14.25,True,True,20.0,NORMAL
2026-08-21 17:39:59,4854,78.71,0.2,100.0,15.48,True,False,20.0,NORMAL
2026-08-21 17:40:00,4855,78.83,0.22,99.95,14.21,True,True,20.0,NORMAL
2026-08-21 17:40:02,4856,78.96,0.22,100.0,15.49,True,False,20.0,NORMAL
2026-08-21 17:40:03,4857,78.97,0.24,99.93,14.43,True,True,20.0,NORMAL
2026-08-21 17:40:04,4858,78.92,0.22,100.0,16.01,True,False,20.0,NORMAL
2026-08-21 17:40:05,4859,78.88,0.24,99.88,14.71,True,True,20.0,NORMAL
2026-08-21 17:40:06,4860,78.91,0.23,100.0,16.12,True,False,20.0,NORMAL
2026-08-21 17:40:08,4861,78.85,0.23,99.93,14.92,True,True,20.0,NORMAL
2026-08-21 17:40:09,4862,78.7,0.24,100.0,16.18,True,False,20.0,NORMAL
2026-08-21 17:40:10,4863,78.65,0.25,99.88,14.94,True,True,20.0,NORMAL
2026-08-21 17:40:11,4864,78.6,0.26,100.0,16.21,True,False,20.0,NORMAL
2026-08-21 17:40:12,4865,78.54,0.23,99.91,14.87,True,True,20.0,NORMAL
2026-08-21 17:40:13,4866,78.56,0.21,100.0,16.33,True,False,20.0,NORMAL
2026-08-21 17:40:15,4867,78.49,0.22,99.9,15.01,True,False,20.0,NORMAL
2026-08-21 17:40:16,4868,78.53,0.19,99.76,13.86,True,True,20.0,NORMAL
2026-08-21 17:40:17,4869,78.38,0.19,100.0,15.13,True,False,20.0,NORMAL
2026-08-21 17:40:18,4870,78.28,0.2,99.92,14.03,True,True,20.0,NORMAL
2026-08-21 17:40:19,4871,78.16,0.22,100.0,15.76,True,False,20.0,NORMAL
2026-08-21 17:40:20,4872,78.1,0.23,99.93,14.81,True,True,20.0,NORMAL
2026-08-21 17:40:22,4873,77.98,0.2,100.0,15.95,True,False,20.0,NORMAL
2026-08-21 17:40:23,4874,77.97,0.18,99.9,15.0,True,False,20.0,NORMAL
2026-08-21 17:40:24,4875,77.98,0.18,99.83,14.02,True,True,20.0,NORMAL
2026-08-21 17:40:25,4876,77.93,0.19,100.0,15.19,True,False,20.0,NORMAL
2026-08-21 17:40:26,4877,78.05,0.21,99.93,14.41,True,True,20.0,NORMAL
2026-08-21 17:40:27,4878,78.0,0.2,100.0,15.67,True,False,20.0,NORMAL
2026-08-21 17:40:28,4879,77.91,0.22,99.92,14.88,True,True,20.0,NORMAL
2026-08-21 17:40:29,4880,78.0,0.24,100.0,16.18,True,False,20.0,NORMAL
2026-08-21 17:40:31,4881,78.15,0.22,99.89,15.21,True,False,20.0,NORMAL
2026-08-21 17:40:32,4882,78.01,0.21,99.82,14.15,True,True,20.0,NORMAL
2026-08-21 17:40:33,4883,77.94,0.19,100.0,15.8,True,False,20.0,NORMAL
2026-08-21 17:40:34,4884,77.99,0.18,99.9,15.08,True,False,20.0,NORMAL
2026-08-21 17:40:36,4885,77.92,0.19,99.76,13.85,True,True,20.0,NORMAL
2026-08-21 17:40:37,4886,77.8,0.17,100.0,15.11,True,False,20.0,NORMAL
2026-08-21 17:40:38,4887,77.86,0.16,99.94,14.4,True,True,20.0,NORMAL
2026-08-21 17:40:39,4888,77.82,0.18,100.0,16.0,True,False,20.0,NORMAL
2026-08-21 17:40:41,4889,77.95,0.2,99.87,15.21,True,False,20.0,NORMAL
2026-08-21 17:40:42,4890,78.05,0.19,99.74,14.36,True,True,20.0,NORMAL
2026-08-21 17:50:18,4891,78.05,0.17,99.96,15.52,True,False,20.0,NORMAL
2026-08-21 17:50:19,4892,77.98,0.19,99.9,14.5,True,True,20.0,NORMAL
2026-08-21 17:50:20,4893,77.87,0.19,100.0,15.66,True,False,20.0,NORMAL
2026-08-21 17:50:21,4894,77.95,0.2,99.93,14.88,True,True,20.0,NORMAL
2026-08-21 17:50:23,4895,77.92,0.2,100.0,16.3,True,False,20.0,NORMAL
2026-08-21 17:50:24,4896,77.88,0.2,99.86,14.99,True,True,20.0,NORMAL
2026-08-21 17:50:25,4897,77.93,0.19,100.0,16.48,True,False,20.0,NORMAL
2026-08-21 17:50:27,4898,77.82,0.16,99.93,15.31,True,False,20.0,NORMAL
2026-08-21 17:50:28,4899,77.72,0.17,99.79,14.24,True,True,20.0,NORMAL
2026-08-21 17:50:29,4900,77.69,0.13,100.0,15.94,True,False,20.0,NORMAL
2026-08-21 17:50:30,4901,77.7,0.13,99.95,15.0,True,False,20.0,NORMAL
2026-08-21 17:50:32,4902,77.73,0.1,99.83,13.86,True,True,20.0,NORMAL
2026-08-21 17:50:33,4903,77.76,0.1,100.0,15.3,True,False,20.0,NORMAL
2026-08-21 17:50:34,4904,77.92,0.09,99.92,14.05,True,True,20.0,NORMAL
2026-08-21 17:50:35,4905,78.06,0.06,100.0,15.71,True,False,20.0,NORMAL
2026-08-21 17:50:36,4906,78.22,0.04,99.92,14.45,True,True,20.0,NORMAL
2026-08-21 17:50:38,4907,78.09,0.02,100.0,15.87,True,False,20.0,NORMAL
2026-08-21 17:50:39,4908,78.13,0.02,99.89,14.72,True,True,20.0,NORMAL
2026-08-21 17:50:40,4909,78.22,0.02,100.0,16.33,True,False,20.0,NORMAL
2026-08-21 17:59:00,4910,78.21,0.03,99.92,15.07,True,False,20.0,NORMAL
2026-08-21 17:59:01,4911,78.13,0.06,99.8,14.17,True,True,20.0,NORMAL
2026-08-21 17:59:02,4912,78.05,0.07,100.0,15.51,True,False,20.0,NORMAL
2026-08-21 17:59:04,4913,78.05,0.06,99.87,14.33,True,True,20.0,NORMAL
2026-08-21 17:59:05,4914,78.12,0.05,100.0,15.79,True,False,20.0,NORMAL
2026-08-21 17:59:06,4915,77.99,0.05,99.92,15.02,True,False,20.0,NORMAL
2026-08-21 17:59:07,4916,77.86,0.08,99.79,14.36,True,True,20.0,NORMAL
2026-08-21 17:59:08,4917,77.88,0.08,100.0,15.91,True,False,20.0,NORMAL
2026-08-21 17:59:09,4918,77.84,0.11,99.91,15.16,True,False,20.0,NORMAL
2026-08-21 17:59:11,4919,77.76,0.13,99.78,13.91,True,True,20.0,NORMAL
2026-08-21 17:59:12,4920,77.81,0.1,100.0,15.61,True,False,20.0,NORMAL
2026-08-21 17:59:13,4921,77.78,0.09,99.86,14.77,True,True,20.0,NORMAL
2026-08-21 17:59:14,4922,77.71,0.07,100.0,16.13,True,False,20.0,NORMAL
2026-08-21 17:59:15,4923,77.73,0.05,99.88,15.11,True,False,20.0,NORMAL
2026-08-21 17:59:16,4924,77.77,0.06,99.82,13.95,True,True,20.0,NORMAL
2026-08-21 17:59:17,4925,77.74,0.06,100.0,15.24,True,False,20.0,NORMAL
2026-08-21 17:59:19,4926,77.68,0.08,99.86,14.43,True,True,20.0,NORMAL
2026-08-21 17:59:20,4927,77.81,0.07,100.0,15.58,True,False,20.0,NORMAL
2026-08-21 17:59:21,4928,77.82,0.08,99.9,14.82,True,True,20.0,NORMAL
2026-08-21 17:59:22,4929,77.69,0.05,100.0,16.07,True,False,20.0,NORMAL
2026-08-21 17:59:23,4930,77.64,0.05,99.93,14.83,True,True,20.0,NORMAL
2026-08-21 17:59:24,4931,77.66,0.03,100.0,16.05,True,False,20.0,NORMAL
2026-08-21 17:59:25,4932,77.69,0.03,99.85,15.22,True,False,20.0,NORMAL
2026-08-21 17:59:27,4933,77.67,0.03,99.75,14.44,True,True,20.0,NORMAL
2026-08-21 17:59:28,4934,77.76,0.06,99.96,15.7,True,False,20.0,NORMAL
2026-08-21 17:59:29,4935,77.8,0.07,99.88,14.82,True,True,20.0,NORMAL
2026-08-21 17:59:30,4936,77.81,0.08,100.0,16.11,True,False,20.0,NORMAL
2026-08-21 17:59:31,4937,77.79,0.1,99.93,14.83,True,True,20.0,NORMAL
2026-08-21 17:59:33,4938,77.82,0.1,100.0,15.92,True,False,20.0,NORMAL
2026-08-21 17:59:34,4939,77.92,0.12,99.86,15.01,True,False,20.0,NORMAL
2026-08-21 17:59:35,4940,77.81,0.12,99.8,13.81,True,True,20.0,NORMAL
2026-08-21 17:59:36,4941,77.78,0.1,100.0,15.11,True,False,20.0,NORMAL
2026-08-21 17:59:37,4942,77.76,0.11,99.91,14.07,True,True,20.0,NORMAL
2026-08-21 17:59:38,4943,77.89,0.13,100.0,15.59,True,False,20.0,NORMAL
2026-08-21 17:59:39,4944,77.84,0.12,99.92,14.58,True,True,20.0,NORMAL
2026-08-21 17:59:41,4945,77.76,0.09,100.0,15.99,True,False,20.0,NORMAL
2026-08-21 17:59:42,4946,77.77,0.06,99.9,15.0,True,False,20.0,NORMAL
2026-08-21 17:59:43,4947,77.69,0.04,99.79,14.15,True,True,20.0,NORMAL
2026-08-21 17:59:44,4948,77.79,0.05,100.0,15.51,True,False,20.0,NORMAL
2026-08-21 17:59:45,4949,77.81,0.05,99.91,14.73,True,True,20.0,NORMAL
2026-08-21 17:59:46,4950,77.82,0.03,100.0,15.84,True,False,20.0,NORMAL
2026-08-21 17:59:48,4951,77.87,0.01,99.92,14.56,True,True,20.0,NORMAL
2026-08-21 17:59:49,4952,77.75,0.01,100.0,16.15,True,False,20.0,NORMAL
2026-08-21 17:59:50,4953,77.76,0.04,99.85,15.15,True,False,20.0,NORMAL
2026-08-21 17:59:51,4954,77.68,0.03,99.75,13.91,True,True,20.0,NORMAL
2026-08-21 17:59:52,4955,77.76,0.04,99.98,15.61,True,False,20.0,NORMAL
2026-08-21 17:59:53,4956,77.64,0.02,99.83,14.89,True,True,20.0,NORMAL
2026-08-21 17:59:55,4957,77.54,0.01,100.0,16.24,True,False,20.0,NORMAL
2026-08-21 17:59:56,4958,77.54,0.0,99.9,15.12,True,False,20.0,NORMAL
2026-08-21 17:59:57,4959,77.51,0.0,99.84,13.91,True,True,20.0,NORMAL
2026-08-21 17:59:58,4960,77.49,0.0,100.0,15.28,True,False,20.0,NORMAL
2026-08-21 17:59:59,4961,77.42,0.0,99.93,14.1,True,True,20.0,NORMAL
2026-08-21 18:00:00,4962,77.48,0.0,100.0,15.56,True,False,20.0,NORMAL
2026-08-21 18:00:01,4963,77.64,0.0,99.95,14.56,True,True,20.0,NORMAL
2026-08-21 18:00:03,4964,77.62,0.0,100.0,16.08,True,False,20.0,NORMAL
2026-08-21 18:00:04,4965,77.55,0.01,99.94,15.12,True,False,20.0,NORMAL
2026-08-21 18:00:05,4966,77.47,0.0,99.86,13.89,True,True,20.0,NORMAL
2026-08-21 18:00:06,4967,77.41,0.0,100.0,15.3,True,False,20.0,NORMAL
2026-08-21 18:00:07,4968,77.36,0.01,99.86,14.2,True,True,20.0,NORMAL
2026-08-21 18:00:08,4969,77.43,0.03,100.0,15.66,True,False,20.0,NORMAL
2026-08-21 18:00:10,4970,77.51,0.02,99.9,14.91,True,True,20.0,NORMAL
2026-08-21 18:00:11,4971,77.4,0.01,100.0,16.1,True,False,20.0,NORMAL
2026-08-21 18:00:12,4972,77.37,0.04,99.92,14.94,True,True,20.0,NORMAL
2026-08-21 18:00:13,4973,77.43,0.05,100.0,16.25,True,False,20.0,NORMAL
2026-08-21 18:00:14,4974,77.39,0.04,99.89,15.48,True,False,20.0,NORMAL
2026-08-21 18:00:15,4975,77.54,0.06,99.75,14.58,True,True,20.0,NORMAL
2026-08-21 18:00:17,4976,77.45,0.09,99.95,16.25,True,False,20.0,NORMAL
2026-08-21 18:00:18,4977,77.37,0.07,99.84,15.2,True,False,20.0,NORMAL
2026-08-21 18:00:19,4978,77.44,0.09,99.71,14.06,True,True,20.0,NORMAL
2026-08-21 18:00:20,4979,77.56,0.1,99.97,15.57,True,False,20.0,NORMAL
2026-08-21 18:00:21,4980,77.7,0.1,99.85,14.29,True,True,20.0,NORMAL
2026-08-21 18:00:22,4981,77.64,0.07,100.0,15.85,True,False,20.0,NORMAL
2026-08-21 18:00:23,4982,77.67,0.1,99.94,15.1,True,False,20.0,NORMAL
2026-08-21 18:00:25,4983,77.69,0.11,99.87,13.89,True,True,20.0,NORMAL
2026-08-21 18:00:26,4984,77.79,0.09,100.0,15.3,True,False,20.0,NORMAL
2026-08-21 18:00:27,4985,77.93,0.06,99.88,14.28,True,True,20.0,NORMAL
2026-08-21 18:00:28,4986,77.99,0.09,100.0,15.49,True,False,20.0,NORMAL
2026-08-21 18:00:29,4987,77.87,0.08,99.86,14.77,True,True,20.0,NORMAL
2026-08-21 18:00:31,4988,77.87,0.1,100.0,15.99,True,False,20.0,NORMAL
2026-08-21 18:00:32,4989,77.87,0.11,99.92,14.9,True,True,20.0,NORMAL
2026-08-21 18:00:33,4990,77.85,0.09,100.0,16.26,True,False,20.0,NORMAL
2026-08-21 18:00:34,4991,77.87,0.07,99.9,15.41,True,False,20.0,NORMAL
2026-08-21 18:00:35,4992,77.97,0.04,99.85,14.7,True,True,20.0,NORMAL
2026-08-21 18:00:36,4993,78.11,0.02,100.0,15.86,True,False,20.0,NORMAL
2026-08-21 18:00:38,4994,78.24,0.04,99.93,15.09,True,False,20.0,NORMAL
2026-08-21 18:00:39,4995,78.13,0.07,99.88,14.21,True,True,20.0,NORMAL
2026-08-21 18:00:40,4996,78.03,0.08,100.0,15.86,True,False,20.0,NORMAL
2026-08-21 18:00:41,4997,78.03,0.07,99.95,15.11,True,False,20.0,NORMAL
2026-08-21 18:00:42,4998,78.17,0.07,99.8,14.01,True,True,20.0,NORMAL
2026-08-21 18:00:43,4999,78.16,0.06,100.0,15.48,True,False,20.0,NORMAL
2026-08-21 18:00:45,5000,78.23,0.07,99.91,14.75,True,True,20.0,NORMAL
2026-08-21 18:00:46,5001,78.13,0.06,100.0,16.06,True,False,20.0,NORMAL
2026-08-21 18:00:47,5002,78.04,0.09,99.94,15.23,True,False,20.0,NORMAL
2026-08-21 18:00:48,5003,78.18,0.08,99.8,14.1,True,True,20.0,NORMAL
2026-08-21 18:00:49,5004,78.1,0.07,100.0,15.38,True,False,20.0,NORMAL
2026-08-21 18:00:50,5005,78.22,0.1,99.87,14.15,True,True,20.0,NORMAL
2026-08-21 18:00:51,5006,78.15,0.12,100.0,15.31,True,False,20.0,NORMAL
2026-08-21 18:00:53,5007,78.28,0.14,99.91,14.49,True,True,20.0,NORMAL
2026-08-21 18:00:54,5008,78.2,0.16,100.0,15.6,True,False,20.0,NORMAL
2026-08-21 18:00:55,5009,78.15,0.17,99.9,14.41,True,True,20.0,NORMAL
2026-08-21 18:00:56,5010,78.02,0.14,100.0,15.9,True,False,20.0,NORMAL
2026-08-21 18:00:57,5011,78.04,0.12,99.95,14.98,True,True,20.0,NORMAL
2026-08-21 18:00:58,5012,78.15,0.13,100.0,16.3,True,False,20.0,NORMAL
2026-08-21 18:01:00,5013,78.09,0.1,99.93,15.17,True,False,20.0,NORMAL
2026-08-21 18:01:01,5014,78.03,0.1,99.87,14.15,True,True,20.0,NORMAL
2026-08-21 18:01:02,5015,78.13,0.11,100.0,15.67,True,False,20.0,NORMAL
2026-08-21 18:01:03,5016,78.01,0.13,99.85,14.43,True,True,20.0,NORMAL
2026-08-21 18:01:04,5017,78.05,0.12,100.0,15.74,True,False,20.0,NORMAL
2026-08-21 18:01:06,5018,77.95,0.12,99.86,14.73,True,True,20.0,NORMAL
2026-08-21 18:01:07,5019,77.82,0.12,100.0,16.06,True,False,20.0,NORMAL
2026-08-21 18:01:08,5020,77.91,0.1,99.87,15.13,True,False,20.0,NORMAL
2026-08-21 18:01:09,5021,77.83,0.08,99.72,14.2,True,True,20.0,NORMAL
2026-08-21 18:01:10,5022,77.96,0.06,99.96,15.9,True,False,20.0,NORMAL
2026-08-21 18:01:11,5023,77.98,0.06,99.9,14.83,True,True,20.0,NORMAL
2026-08-21 18:01:13,5024,77.84,0.07,100.0,16.32,True,False,20.0,NORMAL
2026-08-21 18:01:14,5025,77.83,0.08,99.93,15.48,True,False,20.0,NORMAL
2026-08-21 18:01:15,5026,77.85,0.1,99.78,14.51,True,True,20.0,NORMAL
2026-08-21 18:01:16,5027,78.0,0.1,100.0,15.95,True,False,20.0,NORMAL
2026-08-21 18:01:17,5028,78.1,0.12,99.91,14.81,True,True,20.0,NORMAL
2026-08-21 18:01:18,5029,78.02,0.14,100.0,15.94,True,False,20.0,NORMAL
2026-08-21 18:01:20,5030,77.95,0.12,99.88,15.0,True,False,20.0,NORMAL
2026-08-21 18:01:21,5031,77.89,0.13,99.8,13.84,True,True,20.0,NORMAL
2026-08-21 18:01:22,5032,77.92,0.12,100.0,15.18,True,False,20.0,NORMAL
2026-08-21 18:01:23,5033,77.95,0.1,99.85,14.13,True,True,20.0,NORMAL
2026-08-21 18:01:24,5034,78.01,0.1,100.0,15.27,True,False,20.0,NORMAL
2026-08-21 18:01:26,5035,78.16,0.1,99.87,14.2,True,True,20.0,NORMAL
2026-08-21 18:01:27,5036,78.22,0.1,100.0,15.66,True,False,20.0,NORMAL
2026-08-21 18:01:28,5037,78.37,0.13,99.87,14.55,True,True,20.0,NORMAL
2026-08-21 18:01:29,5038,78.22,0.13,100.0,16.18,True,False,20.0,NORMAL
2026-08-21 18:01:30,5039,78.12,0.11,99.86,15.11,True,False,20.0,NORMAL
2026-08-21 18:01:31,5040,78.24,0.11,99.79,14.17,True,True,20.0,NORMAL
2026-08-21 18:01:33,5041,78.34,0.1,100.0,15.44,True,False,20.0,NORMAL
2026-08-21 18:01:34,5042,78.36,0.13,99.95,14.37,True,True,20.0,NORMAL
2026-08-21 18:01:35,5043,78.33,0.12,100.0,15.98,True,False,20.0,NORMAL
2026-08-21 18:01:36,5044,78.22,0.13,99.93,14.71,True,True,20.0,NORMAL
2026-08-21 18:01:37,5045,78.36,0.12,100.0,16.32,True,False,20.0,NORMAL
2026-08-21 18:01:39,5046,78.21,0.11,99.95,15.18,True,False,20.0,NORMAL
2026-08-21 18:01:40,5047,78.28,0.09,99.84,13.93,True,True,20.0,NORMAL
2026-08-21 18:01:41,5048,78.19,0.11,100.0,15.4,True,False,20.0,NORMAL
2026-08-21 18:01:42,5049,78.23,0.09,99.85,14.62,True,True,20.0,NORMAL
2026-08-21 18:01:43,5050,78.32,0.08,100.0,16.0,True,False,20.0,NORMAL
2026-08-21 18:01:44,5051,78.25,0.08,99.85,15.26,True,False,20.0,NORMAL
2026-08-21 18:01:46,5052,78.26,0.07,99.78,14.48,True,True,20.0,NORMAL
2026-08-21 18:01:47,5053,78.36,0.05,100.0,15.98,True,False,20.0,NORMAL
2026-08-21 18:01:48,5054,78.46,0.03,99.86,14.88,True,True,20.0,NORMAL
2026-08-21 18:01:49,5055,78.56,0.05,100.0,16.46,True,False,20.0,NORMAL
2026-08-21 18:01:50,5056,78.64,0.03,99.9,15.37,True,False,20.0,NORMAL
2026-08-21 18:01:51,5057,78.75,0.04,99.85,14.65,True,True,20.0,NORMAL
2026-08-21 18:01:53,5058,78.66,0.07,100.0,15.96,True,False,20.0,NORMAL
2026-08-21 18:01:54,5059,78.72,0.08,99.87,15.13,True,False,20.0,NORMAL
2026-08-21 18:01:55,5060,78.65,0.1,99.78,14.33,True,True,20.0,NORMAL
2026-08-21 18:01:56,5061,78.63,0.13,100.0,15.72,True,False,20.0,NORMAL
2026-08-21 18:01:57,5062,78.66,0.14,99.94,14.44,True,True,20.0,NORMAL
2026-08-21 18:01:58,5063,78.68,0.12,100.0,15.77,True,False,20.0,NORMAL
2026-08-21 18:02:00,5064,78.82,0.14,99.9,15.02,True,False,20.0,NORMAL
2026-08-21 18:02:01,5065,78.73,0.16,99.81,14.28,True,True,20.0,NORMAL
2026-08-21 18:02:02,5066,78.81,0.16,100.0,15.63,True,False,20.0,NORMAL
2026-08-21 18:02:03,5067,78.9,0.16,99.91,14.92,True,True,20.0,NORMAL
2026-08-21 18:02:04,5068,78.8,0.16,100.0,16.02,True,False,20.0,NORMAL
2026-08-21 18:02:05,5069,78.81,0.16,99.94,14.95,True,True,20.0,NORMAL
2026-08-21 18:02:07,5070,78.87,0.18,100.0,16.09,True,False,20.0,NORMAL
2026-08-21 18:02:08,5071,78.9,0.17,99.86,15.1,True,False,20.0,NORMAL
2026-08-21 18:02:09,5072,78.91,0.2,99.71,14.19,True,True,20.0,NORMAL
2026-08-21 18:02:10,5073,78.86,0.18,99.97,15.66,True,False,20.0,NORMAL
2026-08-21 18:02:11,5074,79.0,0.2,99.91,14.85,True,True,20.0,NORMAL
2026-08-21 18:02:12,5075,79.13,0.22,100.0,16.18,True,False,20.0,NORMAL
2026-08-21 18:02:14,5076,78.97,0.22,99.92,15.3,True,False,20.0,NORMAL
2026-08-21 18:02:15,5077,79.1,0.22,99.8,14.55,True,True,20.0,NORMAL
2026-08-21 18:02:16,5078,79.04,0.24,100.0,15.98,True,False,20.0,NORMAL
2026-08-21 18:02:17,5079,78.98,0.26,99.9,15.08,True,False,20.0,NORMAL
2026-08-21 18:02:18,5080,78.85,0.25,99.77,14.09,True,True,20.0,NORMAL
2026-08-21 18:02:20,5081,78.75,0.21,100.0,15.42,True,False,20.0,NORMAL
2026-08-21 18:02:21,5082,78.83,0.18,99.9,14.49,True,True,20.0,NORMAL
2026-08-21 18:02:22,5083,78.71,0.19,100.0,15.82,True,False,20.0,NORMAL
2026-08-21 18:02:23,5084,78.78,0.17,99.94,14.93,True,True,20.0,NORMAL
2026-08-21 18:02:24,5085,78.88,0.17,100.0,16.57,True,False,20.0,NORMAL
2026-08-21 18:02:25,5086,78.78,0.16,99.93,15.56,True,False,20.0,NORMAL
2026-08-21 18:02:26,5087,78.83,0.17,99.83,14.77,True,True,20.0,NORMAL
2026-08-21 18:02:28,5088,78.94,0.16,100.0,16.06,True,False,20.0,NORMAL
2026-08-21 18:02:29,5089,79.01,0.17,99.95,15.29,True,False,20.0,NORMAL
2026-08-21 18:02:30,5090,79.03,0.19,99.89,14.52,True,True,20.0,NORMAL
2026-08-21 18:02:31,5091,79.16,0.16,100.0,15.77,True,False,20.0,NORMAL
2026-08-21 18:02:32,5092,79.23,0.15,99.92,14.52,True,True,20.0,NORMAL
2026-08-21 18:02:34,5093,79.08,0.15,100.0,15.68,True,False,20.0,NORMAL
2026-08-21 18:02:35,5094,79.12,0.15,99.94,14.96,True,True,20.0,NORMAL
2026-08-21 18:02:36,5095,79.16,0.13,100.0,16.07,True,False,20.0,NORMAL
2026-08-21 18:02:37,5096,79.18,0.15,99.9,14.94,True,True,20.0,NORMAL
2026-08-21 18:02:38,5097,79.18,0.16,100.0,16.02,True,False,20.0,NORMAL
2026-08-21 18:02:39,5098,79.17,0.13,99.95,14.98,True,True,20.0,NORMAL
2026-08-21 18:02:41,5099,79.17,0.13,100.0,16.5,True,False,20.0,NORMAL
2026-08-21 18:02:42,5100,79.18,0.14,99.88,15.63,True,False,20.0,NORMAL
2026-08-21 18:02:43,5101,79.14,0.16,99.79,14.47,True,True,20.0,NORMAL
2026-08-21 18:02:44,5102,79.11,0.16,100.0,15.63,True,False,20.0,NORMAL
2026-08-21 18:02:45,5103,79.1,0.18,99.86,14.59,True,True,20.0,NORMAL
2026-08-21 18:02:47,5104,79.2,0.19,100.0,16.01,True,False,20.0,NORMAL
2026-08-21 18:02:48,5105,79.29,0.17,99.85,15.18,True,False,20.0,NORMAL
2026-08-21 18:02:49,5106,79.18,0.18,99.74,14.34,True,True,20.0,NORMAL
2026-08-21 18:02:50,5107,79.13,0.15,99.95,15.99,True,False,20.0,NORMAL
2026-08-21 18:02:51,5108,79.12,0.17,99.81,15.23,True,False,20.0,NORMAL
2026-08-21 18:02:53,5109,79.19,0.18,99.71,14.25,True,True,20.0,NORMAL
2026-08-21 18:02:54,5110,79.18,0.19,99.96,15.57,True,False,20.0,NORMAL
2026-08-21 18:02:55,5111,79.05,0.2,99.89,14.41,True,True,20.0,NORMAL
2026-08-21 18:02:56,5112,79.15,0.2,100.0,15.54,True,False,20.0,NORMAL
2026-08-21 18:02:57,5113,79.0,0.18,99.87,14.59,True,True,20.0,NORMAL
2026-08-21 18:02:58,5114,78.94,0.2,100.0,15.83,True,False,20.0,NORMAL
2026-08-21 18:03:00,5115,79.0,0.2,99.94,14.71,True,True,20.0,NORMAL
2026-08-21 18:03:01,5116,78.85,0.21,100.0,16.04,True,False,20.0,NORMAL
2026-08-21 18:03:02,5117,78.87,0.22,99.94,15.3,True,False,20.0,NORMAL
2026-08-21 18:03:03,5118,78.83,0.21,99.83,14.25,True,True,20.0,NORMAL
2026-08-21 18:03:04,5119,78.69,0.2,100.0,15.74,True,False,20.0,NORMAL
2026-08-21 18:03:06,5120,78.71,0.2,99.89,15.0,True,False,20.0,NORMAL
2026-08-21 18:03:07,5121,78.66,0.18,99.79,13.88,True,True,20.0,NORMAL
2026-08-21 18:03:08,5122,78.61,0.17,100.0,15.54,True,False,20.0,NORMAL
2026-08-21 18:03:09,5123,78.46,0.2,99.91,14.47,True,True,20.0,NORMAL
2026-08-21 18:03:10,5124,78.43,0.18,100.0,15.88,True,False,20.0,NORMAL
2026-08-21 18:03:12,5125,78.32,0.16,99.91,14.62,True,True,20.0,NORMAL
2026-08-21 18:03:13,5126,78.45,0.17,100.0,15.94,True,False,20.0,NORMAL
2026-08-21 18:03:14,5127,78.44,0.17,99.86,14.81,True,True,20.0,NORMAL
2026-08-21 18:03:15,5128,78.56,0.19,100.0,16.07,True,False,20.0,NORMAL
2026-08-21 18:03:16,5129,78.6,0.21,99.94,15.34,True,False,20.0,NORMAL
2026-08-21 18:03:17,5130,78.59,0.18,99.87,14.11,True,True,20.0,NORMAL
2026-08-21 18:03:19,5131,78.52,0.16,100.0,15.79,True,False,20.0,NORMAL
2026-08-21 18:03:20,5132,78.62,0.13,99.91,14.96,True,True,20.0,NORMAL
2026-08-21 18:03:21,5133,78.66,0.14,100.0,16.3,True,False,20.0,NORMAL
2026-08-21 18:03:22,5134,78.55,0.16,99.88,15.32,True,False,20.0,NORMAL
2026-08-21 18:03:23,5135,78.45,0.17,99.82,14.4,True,True,20.0,NORMAL
2026-08-21 18:03:24,5136,78.44,0.15,100.0,15.72,True,False,20.0,NORMAL
2026-08-21 18:03:26,5137,78.4,0.14,99.9,14.84,True,True,20.0,NORMAL
2026-08-21 18:03:27,5138,78.32,0.15,100.0,16.03,True,False,20.0,NORMAL
2026-08-21 18:03:28,5139,78.18,0.13,99.87,14.97,True,True,20.0,NORMAL
2026-08-21 18:03:29,5140,78.27,0.11,100.0,16.1,True,False,20.0,NORMAL
2026-08-21 18:03:30,5141,78.18,0.11,99.87,15.31,True,False,20.0,NORMAL
2026-08-21 18:03:32,5142,78.06,0.08,99.73,14.23,True,True,20.0,NORMAL
2026-08-21 18:03:33,5143,78.14,0.08,99.98,15.55,True,False,20.0,NORMAL
2026-08-21 18:03:34,5144,78.26,0.09,99.85,14.46,True,True,20.0,NORMAL
2026-08-21 18:03:35,5145,78.25,0.08,100.0,15.73,True,False,20.0,NORMAL
2026-08-21 18:03:36,5146,78.26,0.07,99.89,15.01,True,False,20.0,NORMAL
2026-08-21 18:03:37,5147,78.34,0.06,99.79,13.92,True,True,20.0,NORMAL
2026-08-21 18:03:39,5148,78.48,0.06,100.0,15.09,True,False,20.0,NORMAL
2026-08-21 18:03:40,5149,78.33,0.05,99.88,14.28,True,True,20.0,NORMAL
2026-08-21 18:03:41,5150,78.45,0.07,100.0,15.88,True,False,20.0,NORMAL
2026-08-21 18:03:42,5151,78.3,0.09,99.88,14.61,True,True,20.0,NORMAL
2026-08-21 18:03:43,5152,78.39,0.12,100.0,15.86,True,False,20.0,NORMAL
2026-08-21 18:03:44,5153,78.44,0.1,99.94,15.07,True,False,20.0,NORMAL
2026-08-21 18:03:45,5154,78.54,0.09,99.82,14.29,True,True,20.0,NORMAL
2026-08-21 18:03:47,5155,78.46,0.12,100.0,15.45,True,False,20.0,NORMAL
2026-08-21 18:03:48,5156,78.42,0.1,99.92,14.29,True,True,20.0,NORMAL
2026-08-21 18:03:49,5157,78.42,0.08,100.0,15.46,True,False,20.0,NORMAL
2026-08-21 18:03:50,5158,78.55,0.09,99.88,14.78,True,True,20.0,NORMAL
2026-08-21 18:03:51,5159,78.42,0.07,100.0,16.19,True,False,20.0,NORMAL
2026-08-21 18:03:53,5160,78.48,0.06,99.92,14.87,True,True,20.0,NORMAL
2026-08-21 18:03:54,5161,78.51,0.04,100.0,16.49,True,False,20.0,NORMAL
2026-08-21 18:03:55,5162,78.42,0.05,99.87,15.27,True,False,20.0,NORMAL
2026-08-21 18:03:56,5163,78.45,0.04,99.79,14.45,True,True,20.0,NORMAL
2026-08-21 18:03:57,5164,78.31,0.05,99.99,15.85,True,False,20.0,NORMAL
2026-08-21 18:03:58,5165,78.45,0.09,99.85,15.04,True,False,20.0,NORMAL
2026-08-21 18:03:59,5166,78.59,0.06,99.71,13.91,True,True,20.0,NORMAL
2026-08-21 18:04:01,5167,78.46,0.09,100.0,15.37,True,False,20.0,NORMAL
2026-08-21 18:04:02,5168,78.42,0.07,99.87,14.67,True,True,20.0,NORMAL
2026-08-21 18:04:03,5169,78.29,0.08,100.0,16.03,True,False,20.0,NORMAL
2026-08-21 18:04:04,5170,78.39,0.08,99.89,15.09,True,False,20.0,NORMAL
2026-08-21 18:04:05,5171,78.28,0.09,99.75,13.97,True,True,20.0,NORMAL
2026-08-21 18:04:06,5172,78.29,0.1,99.98,15.15,True,False,20.0,NORMAL
2026-08-21 18:04:08,5173,78.37,0.09,99.91,14.27,True,True,20.0,NORMAL
2026-08-21 18:04:09,5174,78.26,0.08,100.0,15.53,True,False,20.0,NORMAL
2026-08-21 18:04:10,5175,78.31,0.06,99.95,14.62,True,True,20.0,NORMAL
2026-08-21 18:04:11,5176,78.22,0.07,100.0,16.13,True,False,20.0,NORMAL
2026-08-21 18:04:12,5177,78.26,0.09,99.88,14.91,True,True,20.0,NORMAL
2026-08-21 18:04:14,5178,78.39,0.1,100.0,16.0,True,False,20.0,NORMAL
2026-08-21 18:04:15,5179,78.42,0.13,99.87,14.96,True,True,20.0,NORMAL
2026-08-21 18:04:16,5180,78.38,0.12,100.0,16.26,True,False,20.0,NORMAL
2026-08-21 18:04:17,5181,78.32,0.15,99.9,15.17,True,False,20.0,NORMAL
2026-08-21 18:04:18,5182,78.41,0.15,99.76,14.43,True,True,20.0,NORMAL
2026-08-21 18:04:19,5183,78.28,0.13,100.0,16.04,True,False,20.0,NORMAL
2026-08-21 18:04:21,5184,78.2,0.1,99.87,14.91,True,True,20.0,NORMAL
2026-08-21 18:04:22,5185,78.19,0.1,100.0,16.27,True,False,20.0,NORMAL
2026-08-21 18:04:23,5186,78.12,0.1,99.89,15.29,True,False,20.0,NORMAL
2026-08-21 18:04:24,5187,78.1,0.12,99.8,14.19,True,True,20.0,NORMAL
2026-08-21 18:04:25,5188,78.25,0.09,100.0,15.69,True,False,20.0,NORMAL
2026-08-21 18:04:27,5189,78.34,0.09,99.92,14.98,True,True,20.0,NORMAL
2026-08-21 18:04:28,5190,78.37,0.1,100.0,16.08,True,False,20.0,NORMAL
2026-08-21 18:04:29,5191,78.34,0.1,99.94,14.84,True,True,20.0,NORMAL
2026-08-21 18:04:30,5192,78.23,0.08,100.0,16.03,True,False,20.0,NORMAL
2026-08-21 18:04:31,5193,78.23,0.1,99.94,15.12,True,False,20.0,NORMAL
2026-08-21 18:04:32,5194,78.14,0.09,99.86,14.32,True,True,20.0,NORMAL
2026-08-21 18:04:34,5195,78.25,0.1,100.0,15.71,True,False,20.0,NORMAL
2026-08-21 18:04:35,5196,78.19,0.08,99.93,14.55,True,True,20.0,NORMAL
2026-08-21 18:04:36,5197,78.2,0.11,100.0,15.68,True,False,20.0,NORMAL
2026-08-21 18:04:37,5198,78.14,0.1,99.86,14.55,True,True,20.0,NORMAL
2026-08-21 18:04:38,5199,78.24,0.13,100.0,16.14,True,False,20.0,NORMAL
2026-08-21 18:04:39,5200,78.2,0.15,99.86,14.81,True,True,20.0,NORMAL
2026-08-21 18:04:41,5201,78.12,0.13,100.0,16.04,True,False,20.0,NORMAL
2026-08-21 18:04:42,5202,78.14,0.12,99.87,15.05,True,False,20.0,NORMAL
2026-08-21 18:04:43,5203,78.07,0.12,99.78,13.88,True,True,20.0,NORMAL
2026-08-21 18:04:44,5204,78.06,0.14,100.0,15.2,True,False,20.0,NORMAL
2026-08-21 18:04:45,5205,77.99,0.11,99.87,14.13,True,True,20.0,NORMAL
2026-08-21 18:04:46,5206,77.96,0.12,100.0,15.82,True,False,20.0,NORMAL
2026-08-21 18:04:48,5207,77.95,0.1,99.92,14.84,True,True,20.0,NORMAL
2026-08-21 18:04:49,5208,77.82,0.09,100.0,16.34,True,False,20.0,NORMAL
2026-08-21 18:04:50,5209,77.83,0.08,99.85,15.53,True,False,20.0,NORMAL
2026-08-21 18:04:51,5210,77.7,0.07,99.74,14.54,True,True,20.0,NORMAL
2026-08-21 18:04:52,5211,77.73,0.09,100.0,15.99,True,False,20.0,NORMAL
2026-08-21 18:04:53,5212,77.71,0.1,99.93,14.99,True,True,20.0,NORMAL
2026-08-21 18:04:55,5213,77.73,0.07,100.0,16.56,True,False,20.0,NORMAL
2026-08-21 18:04:56,5214,77.66,0.04,99.94,15.73,True,False,20.0,NORMAL
2026-08-21 18:04:57,5215,77.82,0.03,99.83,14.87,True,True,20.0,NORMAL
2026-08-21 18:04:58,5216,77.8,0.04,100.0,16.26,True,False,20.0,NORMAL
2026-08-21 18:04:59,5217,77.68,0.02,99.91,15.36,True,False,20.0,NORMAL
2026-08-21 18:05:00,5218,77.71,0.03,99.86,14.28,True,True,20.0,NORMAL
2026-08-21 18:05:02,5219,77.81,0.05,100.0,15.52,True,False,20.0,NORMAL
2026-08-21 18:05:03,5220,77.88,0.07,99.88,14.56,True,True,20.0,NORMAL
2026-08-21 18:05:04,5221,78.02,0.09,100.0,15.67,True,False,20.0,NORMAL
2026-08-21 18:05:05,5222,77.91,0.1,99.88,14.75,True,True,20.0,NORMAL
2026-08-21 18:05:06,5223,77.91,0.09,100.0,15.99,True,False,20.0,NORMAL
2026-08-21 18:05:07,5224,77.77,0.09,99.87,15.12,True,False,20.0,NORMAL
2026-08-21 18:05:08,5225,77.89,0.08,99.77,14.09,True,True,20.0,NORMAL
2026-08-21 18:05:10,5226,77.85,0.07,100.0,15.55,True,False,20.0,NORMAL
2026-08-21 18:05:11,5227,77.81,0.09,99.92,14.61,True,True,20.0,NORMAL
2026-08-21 18:05:12,5228,77.74,0.1,100.0,16.17,True,False,20.0,NORMAL
2026-08-21 18:05:13,5229,77.86,0.1,99.86,14.96,True,True,20.0,NORMAL
2026-08-21 18:05:14,5230,77.95,0.07,100.0,16.43,True,False,20.0,NORMAL
2026-08-21 18:05:15,5231,77.82,0.09,99.92,15.31,True,False,20.0,NORMAL
2026-08-21 18:05:17,5232,77.97,0.06,99.84,14.64,True,True,20.0,NORMAL
2026-08-21 18:05:18,5233,77.96,0.04,100.0,16.17,True,False,20.0,NORMAL
2026-08-21 18:05:19,5234,77.88,0.06,99.94,15.39,True,False,20.0,NORMAL
2026-08-21 18:05:20,5235,77.88,0.06,99.82,14.16,True,True,20.0,NORMAL
2026-08-21 18:05:21,5236,77.89,0.04,100.0,15.47,True,False,20.0,NORMAL
2026-08-21 18:05:22,5237,78.04,0.03,99.91,14.47,True,True,20.0,NORMAL
2026-08-21 18:05:23,5238,78.06,0.04,100.0,16.17,True,False,20.0,NORMAL
2026-08-21 18:05:25,5239,78.01,0.03,99.92,15.35,True,False,20.0,NORMAL
2026-08-21 18:05:26,5240,78.01,0.03,99.86,14.26,True,True,20.0,NORMAL
2026-08-21 18:05:27,5241,78.01,0.02,100.0,15.73,True,False,20.0,NORMAL
2026-08-21 18:05:28,5242,77.9,0.06,99.91,15.01,True,False,20.0,NORMAL
2026-08-21 18:05:29,5243,77.94,0.07,99.8,14.25,True,True,20.0,NORMAL
2026-08-21 18:05:30,5244,77.86,0.07,100.0,15.63,True,False,20.0,NORMAL
2026-08-21 18:05:32,5245,77.8,0.1,99.88,14.57,True,True,20.0,NORMAL
2026-08-21 18:05:33,5246,77.76,0.07,100.0,15.85,True,False,20.0,NORMAL
2026-08-21 18:05:34,5247,77.9,0.08,99.9,14.85,True,True,20.0,NORMAL
2026-08-21 18:05:35,5248,77.85,0.1,100.0,16.12,True,False,20.0,NORMAL
2026-08-21 18:05:36,5249,77.71,0.08,99.89,14.9,True,True,20.0,NORMAL
2026-08-21 18:05:38,5250,77.7,0.08,100.0,16.23,True,False,20.0,NORMAL
2026-08-21 18:05:39,5251,77.74,0.09,99.95,14.99,True,True,20.0,NORMAL
2026-08-21 18:05:40,5252,77.71,0.11,100.0,16.32,True,False,20.0,NORMAL
2026-08-21 18:05:41,5253,77.75,0.11,99.9,15.16,True,False,20.0,NORMAL
2026-08-21 18:05:42,5254,77.79,0.12,99.85,14.49,True,True,20.0,NORMAL
2026-08-21 18:05:43,5255,77.81,0.13,100.0,15.97,True,False,20.0,NORMAL
2026-08-21 18:05:45,5256,77.89,0.15,99.94,14.75,True,True,20.0,NORMAL
2026-08-21 18:05:46,5257,77.84,0.15,100.0,16.31,True,False,20.0,NORMAL
2026-08-21 18:05:47,5258,77.7,0.16,99.89,15.32,True,False,20.0,NORMAL
2026-08-21 18:05:48,5259,77.75,0.15,99.79,14.1,True,True,20.0,NORMAL
2026-08-21 18:05:49,5260,77.9,0.16,100.0,15.62,True,False,20.0,NORMAL
2026-08-21 18:05:50,5261,77.83,0.18,99.92,14.5,True,True,20.0,NORMAL
2026-08-21 18:05:52,5262,77.75,0.17,100.0,15.84,True,False,20.0,NORMAL
2026-08-21 18:05:53,5263,77.82,0.18,99.85,14.64,True,True,20.0,NORMAL
2026-08-21 18:05:54,5264,77.77,0.15,100.0,15.87,True,False,20.0,NORMAL
2026-08-21 18:05:55,5265,77.92,0.14,99.94,15.13,True,False,20.0,NORMAL
2026-08-21 18:05:56,5266,77.93,0.13,99.81,14.0,True,True,20.0,NORMAL
2026-08-21 18:05:57,5267,77.97,0.11,100.0,15.5,True,False,20.0,NORMAL
2026-08-21 18:05:59,5268,77.98,0.11,99.95,14.63,True,True,20.0,NORMAL
2026-08-21 18:06:00,5269,77.87,0.1,100.0,15.76,True,False,20.0,NORMAL
2026-08-21 18:06:01,5270,77.76,0.13,99.93,14.93,True,True,20.0,NORMAL
2026-08-21 18:06:02,5271,77.84,0.11,100.0,16.26,True,False,20.0,NORMAL
2026-08-21 18:06:03,5272,77.77,0.11,99.9,15.42,True,False,20.0,NORMAL
2026-08-21 18:06:04,5273,77.65,0.11,99.78,14.72,True,True,20.0,NORMAL
2026-08-21 18:06:06,5274,77.52,0.13,100.0,16.37,True,False,20.0,NORMAL
2026-08-21 18:06:07,5275,77.44,0.1,99.91,15.19,True,False,20.0,NORMAL
2026-08-21 18:06:08,5276,77.37,0.09,99.78,14.2,True,True,20.0,NORMAL
2026-08-21 18:06:09,5277,77.27,0.08,100.0,15.62,True,False,20.0,NORMAL
2026-08-21 18:06:10,5278,77.2,0.07,99.87,14.51,True,True,20.0,NORMAL
2026-08-21 18:06:11,5279,77.24,0.06,100.0,15.64,True,False,20.0,NORMAL
2026-08-21 18:06:13,5280,77.32,0.08,99.88,14.61,True,True,20.0,NORMAL
2026-08-21 18:06:14,5281,77.28,0.07,100.0,15.98,True,False,20.0,NORMAL
2026-08-21 18:06:15,5282,77.4,0.07,99.94,14.8,True,True,20.0,NORMAL
2026-08-21 18:06:16,5283,77.31,0.08,100.0,16.46,True,False,20.0,NORMAL
2026-08-21 18:06:17,5284,77.34,0.1,99.93,15.47,True,False,20.0,NORMAL
2026-08-21 18:06:19,5285,77.31,0.1,99.85,14.54,True,True,20.0,NORMAL
2026-08-21 18:06:20,5286,77.38,0.09,100.0,16.19,True,False,20.0,NORMAL
2026-08-21 18:06:21,5287,77.49,0.12,99.89,15.18,True,False,20.0,NORMAL
2026-08-21 18:06:22,5288,77.62,0.1,99.81,14.16,True,True,20.0,NORMAL
2026-08-21 18:06:23,5289,77.49,0.07,100.0,15.66,True,False,20.0,NORMAL
2026-08-21 18:06:24,5290,77.43,0.07,99.87,14.65,True,True,20.0,NORMAL
2026-08-21 18:06:26,5291,77.56,0.05,100.0,15.95,True,False,20.0,NORMAL
2026-08-21 18:06:27,5292,77.69,0.08,99.9,15.11,True,False,20.0,NORMAL
2026-08-21 18:06:28,5293,77.84,0.09,99.8,14.07,True,True,20.0,NORMAL
2026-08-21 18:06:29,5294,77.92,0.08,100.0,15.77,True,False,20.0,NORMAL
2026-08-21 18:06:31,5295,78.02,0.1,99.9,14.49,True,True,20.0,NORMAL
2026-08-21 18:06:32,5296,77.92,0.07,100.0,15.76,True,False,20.0,NORMAL
2026-08-21 18:06:33,5297,77.86,0.08,99.88,14.5,True,True,20.0,NORMAL
2026-08-21 18:06:34,5298,77.78,0.1,100.0,15.78,True,False,20.0,NORMAL
2026-08-21 18:06:35,5299,77.67,0.13,99.88,14.65,True,True,20.0,NORMAL
2026-08-21 18:06:36,5300,77.77,0.11,100.0,16.24,True,False,20.0,NORMAL
2026-08-21 18:06:38,5301,77.92,0.09,99.86,15.3,True,False,20.0,NORMAL
2026-08-21 18:06:39,5302,77.83,0.09,99.8,14.36,True,True,20.0,NORMAL
2026-08-21 18:06:40,5303,77.82,0.09,100.0,16.03,True,False,20.0,NORMAL
2026-08-21 18:06:41,5304,77.75,0.09,99.9,14.85,True,True,20.0,NORMAL
2026-08-21 18:06:42,5305,77.65,0.07,100.0,16.08,True,False,20.0,NORMAL
2026-08-21 18:06:43,5306,77.55,0.05,99.89,15.17,True,False,20.0,NORMAL
2026-08-21 18:06:45,5307,77.51,0.05,99.83,13.99,True,True,20.0,NORMAL
2026-08-21 18:06:46,5308,77.46,0.06,100.0,15.7,True,False,20.0,NORMAL
2026-08-21 18:06:47,5309,77.34,0.03,99.88,14.68,True,True,20.0,NORMAL
2026-08-21 18:06:48,5310,77.39,0.01,100.0,16.2,True,False,20.0,NORMAL
2026-08-21 18:06:49,5311,77.47,0.02,99.93,15.19,True,False,20.0,NORMAL
2026-08-21 18:06:51,5312,77.6,0.02,99.82,14.53,True,True,20.0,NORMAL
2026-08-21 18:06:52,5313,77.59,0.01,100.0,16.15,True,False,20.0,NORMAL
2026-08-21 18:06:53,5314,77.52,0.02,99.87,15.1,True,False,20.0,NORMAL
2026-08-21 18:06:54,5315,77.57,0.03,99.8,14.01,True,True,20.0,NORMAL
2026-08-21 18:06:55,5316,77.51,0.04,100.0,15.71,True,False,20.0,NORMAL
2026-08-21 18:06:57,5317,77.57,0.02,99.92,14.63,True,True,20.0,NORMAL
2026-08-21 18:06:58,5318,77.51,0.02,100.0,16.28,True,False,20.0,NORMAL
2026-08-21 18:06:59,5319,77.59,0.0,99.92,15.32,True,False,20.0,NORMAL
2026-08-21 18:07:00,5320,77.51,0.0,99.82,14.52,True,True,20.0,NORMAL
2026-08-21 18:07:02,5321,77.45,0.0,100.0,15.72,True,False,20.0,NORMAL
2026-08-21 18:07:03,5322,77.32,0.0,99.88,14.96,True,True,20.0,NORMAL
2026-08-21 18:07:04,5323,77.2,0.02,100.0,16.34,True,False,20.0,NORMAL
2026-08-21 18:07:05,5324,77.13,0.04,99.93,15.07,True,False,20.0,NORMAL
2026-08-21 18:07:06,5325,77.11,0.07,99.82,14.07,True,True,20.0,NORMAL
2026-08-21 18:07:08,5326,76.98,0.08,100.0,15.55,True,False,20.0,NORMAL
2026-08-21 18:07:09,5327,76.96,0.1,99.9,14.35,True,True,20.0,NORMAL
2026-08-21 18:07:10,5328,77.01,0.11,100.0,15.69,True,False,20.0,NORMAL
2026-08-21 18:07:11,5329,76.88,0.13,99.95,14.95,True,True,20.0,NORMAL
2026-08-21 18:07:12,5330,76.77,0.14,100.0,16.49,True,False,20.0,NORMAL
2026-08-21 18:07:14,5331,76.79,0.13,99.86,15.61,True,False,20.0,NORMAL
2026-08-21 18:07:15,5332,76.83,0.13,99.76,14.47,True,True,20.0,NORMAL
2026-08-21 18:07:16,5333,76.77,0.14,99.97,15.62,True,False,20.0,NORMAL
2026-08-21 18:07:17,5334,76.91,0.1,99.9,14.68,True,True,20.0,NORMAL
2026-08-21 18:07:18,5335,76.79,0.11,100.0,15.82,True,False,20.0,NORMAL
2026-08-21 18:07:19,5336,76.76,0.11,99.89,15.1,True,False,20.0,NORMAL
2026-08-21 18:07:21,5337,76.67,0.1,99.81,13.99,True,True,20.0,NORMAL
2026-08-21 18:07:22,5338,76.55,0.06,100.0,15.69,True,False,20.0,NORMAL
2026-08-21 18:07:23,5339,76.47,0.04,99.87,14.51,True,True,20.0,NORMAL
2026-08-21 18:07:24,5340,76.55,0.02,100.0,16.04,True,False,20.0,NORMAL
2026-08-21 18:07:25,5341,76.61,0.02,99.87,15.29,True,False,20.0,NORMAL
2026-08-21 18:07:27,5342,76.54,0.02,99.73,14.21,True,True,20.0,NORMAL
2026-08-21 18:07:28,5343,76.64,0.0,100.0,15.59,True,False,20.0,NORMAL
2026-08-21 18:07:29,5344,76.63,0.0,99.91,14.43,True,True,20.0,NORMAL
2026-08-21 18:07:30,5345,76.63,0.0,100.0,15.95,True,False,20.0,NORMAL
2026-08-21 18:07:31,5346,76.55,0.0,99.89,14.96,True,True,20.0,NORMAL
2026-08-21 18:07:33,5347,76.65,0.0,100.0,16.6,True,False,20.0,NORMAL
2026-08-21 18:07:34,5348,76.7,0.0,99.91,15.29,True,False,20.0,NORMAL
2026-08-21 18:07:35,5349,76.62,0.01,99.77,14.59,True,True,20.0,NORMAL
2026-08-21 18:07:36,5350,76.69,0.04,100.0,15.81,True,False,20.0,NORMAL
2026-08-21 18:07:37,5351,76.73,0.06,99.92,14.78,True,True,20.0,NORMAL
2026-08-21 18:07:39,5352,76.6,0.06,100.0,16.25,True,False,20.0,NORMAL
2026-08-21 18:07:40,5353,76.73,0.04,99.86,15.27,True,False,20.0,NORMAL
2026-08-21 18:07:41,5354,76.7,0.01,99.77,14.32,True,True,20.0,NORMAL
2026-08-21 18:07:42,5355,76.59,0.0,100.0,15.7,True,False,20.0,NORMAL
2026-08-21 18:07:44,5356,76.64,0.02,99.92,14.72,True,True,20.0,NORMAL
2026-08-21 18:07:45,5357,76.64,0.0,100.0,15.9,True,False,20.0,NORMAL
2026-08-21 18:07:46,5358,76.65,0.01,99.9,14.86,True,True,20.0,NORMAL
2026-08-21 18:07:47,5359,76.54,0.0,100.0,16.29,True,False,20.0,NORMAL
2026-08-21 18:07:48,5360,76.46,0.0,99.9,15.32,True,False,20.0,NORMAL
2026-08-21 18:07:50,5361,76.4,0.0,99.78,14.45,True,True,20.0,NORMAL
2026-08-21 18:07:51,5362,76.53,0.0,100.0,15.71,True,False,20.0,NORMAL
2026-08-21 18:07:52,5363,76.48,0.02,99.89,14.56,True,True,20.0,NORMAL
2026-08-21 18:07:53,5364,76.63,0.01,100.0,15.95,True,False,20.0,NORMAL
2026-08-21 18:07:54,5365,76.53,0.0,99.92,14.69,True,True,20.0,NORMAL
2026-08-21 18:07:56,5366,76.5,0.0,100.0,15.95,True,False,20.0,NORMAL
2026-08-21 18:07:57,5367,76.44,0.0,99.95,15.1,True,False,20.0,NORMAL
2026-08-21 18:07:58,5368,76.43,0.01,99.89,13.99,True,True,20.0,NORMAL
2026-08-21 18:07:59,5369,76.59,0.02,100.0,15.22,True,False,20.0,NORMAL
2026-08-21 18:08:00,5370,76.5,0.01,99.86,14.07,True,True,20.0,NORMAL
2026-08-21 18:08:01,5371,76.63,0.02,100.0,15.38,True,False,20.0,NORMAL
2026-08-21 18:08:03,5372,76.53,0.05,99.93,14.67,True,True,20.0,NORMAL
2026-08-21 18:08:04,5373,76.44,0.03,100.0,16.08,True,False,20.0,NORMAL
2026-08-21 18:08:05,5374,76.56,0.01,99.9,14.75,True,True,20.0,NORMAL
2026-08-21 18:08:06,5375,76.57,0.03,100.0,16.37,True,False,20.0,NORMAL
2026-08-21 18:08:07,5376,76.6,0.05,99.88,15.38,True,False,20.0,NORMAL
2026-08-21 18:08:09,5377,76.57,0.03,99.78,14.27,True,True,20.0,NORMAL
2026-08-21 18:08:10,5378,76.6,0.0,100.0,15.87,True,False,20.0,NORMAL
2026-08-21 18:08:11,5379,76.58,0.03,99.88,14.82,True,True,20.0,NORMAL
2026-08-21 18:08:12,5380,76.76,0.05,100.0,16.1,True,False,20.0,NORMAL
2026-08-21 18:08:13,5381,76.9,0.07,99.85,14.81,True,True,20.0,NORMAL
2026-08-21 18:08:15,5382,77.01,0.06,100.0,15.96,True,False,20.0,NORMAL
2026-08-21 18:08:16,5383,77.12,0.07,99.85,14.76,True,True,20.0,NORMAL
2026-08-21 18:08:17,5384,77.04,0.07,100.0,16.08,True,False,20.0,NORMAL
2026-08-21 18:08:18,5385,77.0,0.04,99.94,15.19,True,False,20.0,NORMAL
2026-08-21 18:08:19,5386,77.09,0.05,99.82,14.03,True,True,20.0,NORMAL
2026-08-21 18:08:20,5387,76.99,0.03,100.0,15.62,True,False,20.0,NORMAL
2026-08-21 18:08:22,5388,77.02,0.0,99.92,14.57,True,True,20.0,NORMAL
2026-08-21 18:08:23,5389,77.09,0.01,100.0,15.76,True,False,20.0,NORMAL
2026-08-21 18:08:24,5390,77.07,0.03,99.87,14.94,True,True,20.0,NORMAL
2026-08-21 18:08:25,5391,77.02,0.04,100.0,16.19,True,False,20.0,NORMAL
2026-08-21 18:08:26,5392,77.06,0.02,99.9,15.22,True,False,20.0,NORMAL
2026-08-21 18:08:27,5393,77.03,0.0,99.77,14.46,True,True,20.0,NORMAL
2026-08-21 18:08:28,5394,77.17,0.02,99.98,15.67,True,False,20.0,NORMAL
2026-08-21 18:08:30,5395,77.08,0.04,99.91,14.83,True,True,20.0,NORMAL
2026-08-21 18:08:31,5396,77.2,0.03,100.0,16.35,True,False,20.0,NORMAL
2026-08-21 18:08:32,5397,77.26,0.03,99.94,15.51,True,False,20.0,NORMAL
2026-08-21 18:08:33,5398,77.16,0.01,99.8,14.54,True,True,20.0,NORMAL
2026-08-21 18:08:34,5399,77.12,0.0,100.0,15.75,True,False,20.0,NORMAL
2026-08-21 18:08:35,5400,77.17,0.0,99.87,14.56,True,True,20.0,NORMAL
2026-08-21 18:08:37,5401,77.17,0.0,100.0,16.01,True,False,20.0,NORMAL
2026-08-21 18:08:38,5402,77.11,0.0,99.91,14.99,True,True,20.0,NORMAL
2026-08-21 18:08:39,5403,77.17,0.01,100.0,16.22,True,False,20.0,NORMAL
2026-08-21 18:08:40,5404,77.29,0.02,99.89,15.29,True,False,20.0,NORMAL
2026-08-21 18:08:41,5405,77.32,0.02,99.78,14.38,True,True,20.0,NORMAL
2026-08-21 18:08:42,5406,77.49,0.04,99.99,16.03,True,False,20.0,NORMAL
2026-08-21 18:08:44,5407,77.41,0.02,99.86,15.24,True,False,20.0,NORMAL
2026-08-21 18:08:45,5408,77.34,0.05,99.8,14.25,True,True,20.0,NORMAL
2026-08-21 18:08:46,5409,77.37,0.05,100.0,15.59,True,False,20.0,NORMAL
2026-08-21 18:08:47,5410,77.29,0.06,99.95,14.45,True,True,20.0,NORMAL
2026-08-21 18:08:48,5411,77.23,0.08,100.0,15.65,True,False,20.0,NORMAL
2026-08-21 18:08:50,5412,77.11,0.07,99.88,14.51,True,True,20.0,NORMAL
2026-08-21 18:08:51,5413,77.26,0.05,100.0,16.07,True,False,20.0,NORMAL
2026-08-21 18:08:52,5414,77.19,0.03,99.87,15.1,True,False,20.0,NORMAL
2026-08-21 18:08:53,5415,77.35,0.0,99.73,14.12,True,True,20.0,NORMAL
2026-08-21 18:08:54,5416,77.49,0.0,99.95,15.55,True,False,20.0,NORMAL
2026-08-21 18:08:55,5417,77.38,0.0,99.86,14.28,True,True,20.0,NORMAL
2026-08-21 18:08:57,5418,77.47,0.02,100.0,15.77,True,False,20.0,NORMAL
2026-08-21 18:08:58,5419,77.49,0.04,99.94,14.6,True,True,20.0,NORMAL
2026-08-21 18:08:59,5420,77.43,0.05,100.0,16.11,True,False,20.0,NORMAL
2026-08-21 18:09:00,5421,77.48,0.03,99.89,14.96,True,True,20.0,NORMAL
2026-08-21 18:09:01,5422,77.44,0.05,100.0,16.16,True,False,20.0,NORMAL
2026-08-21 18:09:03,5423,77.56,0.06,99.86,15.23,True,False,20.0,NORMAL
2026-08-21 18:09:04,5424,77.52,0.03,99.79,14.48,True,True,20.0,NORMAL
2026-08-21 18:09:05,5425,77.54,0.02,100.0,16.15,True,False,20.0,NORMAL
2026-08-21 18:09:06,5426,77.58,0.01,99.91,15.0,True,False,20.0,NORMAL
2026-08-21 18:09:07,5427,77.53,0.03,99.78,14.27,True,True,20.0,NORMAL
2026-08-21 18:09:08,5428,77.67,0.01,100.0,15.75,True,False,20.0,NORMAL
2026-08-21 18:09:10,5429,77.68,0.02,99.88,14.92,True,True,20.0,NORMAL
2026-08-21 18:09:11,5430,77.79,0.04,100.0,16.15,True,False,20.0,NORMAL
2026-08-21 18:09:12,5431,77.79,0.06,99.89,15.08,True,False,20.0,NORMAL
2026-08-21 18:09:13,5432,77.9,0.09,99.8,14.25,True,True,20.0,NORMAL
2026-08-21 18:09:14,5433,78.0,0.07,100.0,15.63,True,False,20.0,NORMAL
2026-08-21 18:09:15,5434,77.91,0.08,99.94,14.33,True,True,20.0,NORMAL
2026-08-21 18:09:17,5435,77.99,0.07,100.0,15.88,True,False,20.0,NORMAL
2026-08-21 18:09:18,5436,78.01,0.09,99.9,14.88,True,True,20.0,NORMAL
2026-08-21 18:09:19,5437,78.11,0.09,100.0,15.97,True,False,20.0,NORMAL
2026-08-21 18:09:20,5438,77.97,0.06,99.91,14.68,True,True,20.0,NORMAL
2026-08-21 18:09:21,5439,78.01,0.05,100.0,16.15,True,False,20.0,NORMAL
2026-08-21 18:09:23,5440,77.88,0.04,99.89,15.09,True,False,20.0,NORMAL
2026-08-21 18:09:24,5441,77.91,0.06,99.8,14.19,True,True,20.0,NORMAL
2026-08-21 18:09:25,5442,77.94,0.04,100.0,15.78,True,False,20.0,NORMAL
2026-08-21 18:09:26,5443,77.85,0.01,99.86,14.86,True,True,20.0,NORMAL
2026-08-21 18:09:27,5444,77.95,0.0,100.0,16.53,True,False,20.0,NORMAL
2026-08-21 18:09:28,5445,77.89,0.0,99.88,15.33,True,False,20.0,NORMAL
2026-08-21 18:09:30,5446,77.99,0.02,99.76,14.65,True,True,20.0,NORMAL
2026-08-21 18:09:31,5447,77.95,0.04,100.0,15.78,True,False,20.0,NORMAL
2026-08-21 18:09:32,5448,78.02,0.05,99.86,15.0,True,False,20.0,NORMAL
2026-08-21 18:09:33,5449,78.0,0.07,99.76,14.22,True,True,20.0,NORMAL
2026-08-21 18:09:34,5450,77.95,0.05,99.98,15.39,True,False,20.0,NORMAL
2026-08-21 18:09:36,5451,78.0,0.03,99.85,14.2,True,True,20.0,NORMAL
2026-08-21 18:09:37,5452,77.92,0.06,100.0,15.53,True,False,20.0,NORMAL
2026-08-21 18:09:38,5453,77.78,0.06,99.86,14.4,True,True,20.0,NORMAL
2026-08-21 18:09:39,5454,77.73,0.09,100.0,15.94,True,False,20.0,NORMAL
2026-08-21 18:09:40,5455,77.77,0.07,99.95,14.72,True,True,20.0,NORMAL
2026-08-21 18:09:42,5456,77.83,0.1,100.0,16.0,True,False,20.0,NORMAL
2026-08-21 18:09:43,5457,77.83,0.08,99.95,14.84,True,True,20.0,NORMAL
2026-08-21 18:09:44,5458,77.8,0.09,100.0,16.32,True,False,20.0,NORMAL
2026-08-21 18:09:45,5459,77.72,0.07,99.89,15.18,True,False,20.0,NORMAL
2026-08-21 18:09:46,5460,77.66,0.06,99.78,14.26,True,True,20.0,NORMAL
2026-08-21 18:09:48,5461,77.53,0.07,100.0,15.79,True,False,20.0,NORMAL
2026-08-21 18:09:49,5462,77.42,0.05,99.85,15.06,True,False,20.0,NORMAL
2026-08-21 18:09:50,5463,77.56,0.04,99.73,13.96,True,True,20.0,NORMAL
2026-08-21 18:09:51,5464,77.68,0.04,100.0,15.31,True,False,20.0,NORMAL
2026-08-21 18:09:53,5465,77.81,0.06,99.89,14.22,True,True,20.0,NORMAL
2026-08-21 18:09:54,5466,77.85,0.06,100.0,15.49,True,False,20.0,NORMAL
2026-08-21 18:09:55,5467,77.71,0.04,99.89,14.41,True,True,20.0,NORMAL
2026-08-21 18:09:56,5468,77.72,0.05,100.0,16.09,True,False,20.0,NORMAL
2026-08-21 18:09:58,5469,77.84,0.02,99.9,14.85,True,True,20.0,NORMAL
2026-08-21 18:09:59,5470,77.73,0.03,100.0,16.24,True,False,20.0,NORMAL
2026-08-21 18:10:00,5471,77.67,0.04,99.87,15.49,True,False,20.0,NORMAL
2026-08-21 18:10:01,5472,77.77,0.05,99.77,14.47,True,True,20.0,NORMAL
2026-08-21 18:10:03,5473,77.85,0.06,100.0,15.93,True,False,20.0,NORMAL
2026-08-21 18:10:04,5474,77.96,0.06,99.91,14.71,True,True,20.0,NORMAL
2026-08-21 18:10:05,5475,77.9,0.08,100.0,16.33,True,False,20.0,NORMAL
2026-08-21 18:10:06,5476,77.9,0.1,99.86,15.23,True,False,20.0,NORMAL
2026-08-21 18:10:08,5477,77.87,0.1,99.76,14.14,True,True,20.0,NORMAL
2026-08-21 18:10:09,5478,77.77,0.11,100.0,15.45,True,False,20.0,NORMAL
2026-08-21 18:10:10,5479,77.74,0.11,99.93,14.56,True,True,20.0,NORMAL
2026-08-21 18:10:11,5480,77.65,0.13,100.0,16.02,True,False,20.0,NORMAL
2026-08-21 18:10:13,5481,77.64,0.15,99.88,15.16,True,False,20.0,NORMAL
2026-08-21 18:10:14,5482,77.67,0.13,99.83,14.44,True,True,20.0,NORMAL
2026-08-21 18:10:15,5483,77.63,0.15,100.0,15.65,True,False,20.0,NORMAL
2026-08-21 18:10:16,5484,77.77,0.16,99.94,14.83,True,True,20.0,NORMAL
2026-08-21 18:10:17,5485,77.66,0.15,100.0,16.07,True,False,20.0,NORMAL
2026-08-21 18:10:19,5486,77.55,0.14,99.91,14.84,True,True,20.0,NORMAL
2026-08-21 18:15:44,1,150.0,5.0,70.0,35.0,True,True,45.0,NORMAL
2026-08-21 18:15:46,2,149.06,4.85,70.22,35.8,True,True,40.0,NORMAL
2026-08-21 18:15:47,3,148.02,4.73,70.37,36.62,True,True,35.0,NORMAL
2026-08-21 18:15:48,4,147.01,4.62,70.52,36.83,True,True,30.0,NORMAL
2026-08-21 18:15:49,5,146.04,4.54,70.7,37.03,True,True,25.0,NORMAL
2026-08-21 18:15:51,6,145.0,4.47,70.93,36.78,True,True,20.0,NORMAL
2026-08-21 18:15:52,7,144.01,4.38,71.17,36.24,True,True,20.0,NORMAL
2026-08-21 18:15:53,8,142.95,4.3,71.34,35.87,True,True,20.0,NORMAL
2026-08-21 18:15:54,9,142.05,4.25,71.56,35.51,True,True,20.0,NORMAL
2026-08-21 18:15:56,10,141.17,4.18,71.77,35.26,True,True,20.0,NORMAL
2026-08-21 18:15:57,11,140.28,4.09,71.97,34.77,True,True,20.0,NORMAL
2026-08-21 18:15:58,12,139.35,4.02,72.15,34.34,True,True,20.0,NORMAL
2026-08-21 18:15:59,13,138.34,3.98,72.35,33.91,True,True,20.0,NORMAL
2026-08-21 18:16:00,14,137.38,3.91,72.55,33.49,True,True,20.0,NORMAL
2026-08-21 18:16:02,15,136.45,3.86,72.81,33.6,True,True,20.0,NORMAL
2026-08-21 18:16:03,16,135.55,3.81,72.99,33.51,True,True,20.0,NORMAL
2026-08-21 18:16:04,17,134.75,3.71,73.21,33.58,True,True,20.0,NORMAL
2026-08-21 18:16:05,18,133.96,3.64,73.41,33.64,True,True,20.0,NORMAL
2026-08-21 18:16:06,19,133.15,3.55,73.6,33.26,True,True,20.0,NORMAL
2026-08-21 18:16:07,20,132.39,3.51,73.82,33.3,True,True,20.0,NORMAL
2026-08-21 18:16:09,21,131.61,3.43,74.07,32.9,True,True,20.0,NORMAL
2026-08-21 18:16:10,22,130.82,3.39,74.31,32.73,True,True,20.0,NORMAL
2026-08-21 18:16:11,23,130.17,3.33,74.58,32.48,True,True,20.0,NORMAL
2026-08-21 18:16:12,24,129.54,3.3,74.86,32.24,True,True,20.0,NORMAL
